CustomerID,Country,CountryIndex,RecencyDays,Frequency,Monetary,LastPurchaseTS,PurchaseHour,PurchaseMonth,DayOfWeek,is_weekend
17343,United Kingdom,0.0,355,6,1259.94,2010-12-19T15:07:00.000+03:00,15,12,1,0
17790,United Kingdom,0.0,26,20,2581.81,2011-11-13T11:30:00.000+03:00,11,11,1,0
12700,France,2.0,7,4,4686.89,2011-12-02T10:47:00.000+03:00,10,12,6,1
16805,United Kingdom,0.0,173,5,1006.44,2011-06-19T11:23:00.000+03:00,11,6,1,0
14694,United Kingdom,0.0,617,1,229.19,2010-04-01T19:46:00.000+03:00,19,4,5,0
14156,EIRE,21.0,9,128,84613.73,2011-11-30T10:54:00.000+03:00,10,11,4,0
17248,United Kingdom,0.0,120,2,459.74,2011-08-11T13:34:00.000+03:00,13,8,5,0
16444,United Kingdom,0.0,46,17,3319.02,2011-10-24T13:50:00.000+03:00,13,10,2,0
17002,United Kingdom,0.0,85,7,2008.15,2011-09-15T12:40:00.000+03:00,12,9,5,0
12735,France,2.0,315,2,779.57,2011-01-28T13:37:00.000+03:00,13,1,6,1
15564,United Kingdom,0.0,463,2,70.74,2010-09-02T15:52:00.000+03:00,15,9,5,0
17924,United Kingdom,0.0,11,5,1194.18,2011-11-28T09:11:00.000+03:00,9,11,2,0
14163,United Kingdom,0.0,87,5,1651.62,2011-09-13T15:18:00.000+03:00,15,9,3,0
15951,United Kingdom,0.0,8,3,1013.17,2011-12-01T08:34:00.000+03:00,8,12,5,0
16612,United Kingdom,0.0,32,9,3239.13,2011-11-07T07:38:00.000+03:00,7,11,2,0
14037,United Kingdom,0.0,176,6,729.71,2011-06-16T13:57:00.000+03:00,13,6,5,0
18106,United Kingdom,0.0,329,6,1359.46,2011-01-14T12:23:00.000+03:00,12,1,6,1
14181,United Kingdom,0.0,410,2,308.35,2010-10-25T08:27:00.000+03:00,8,10,2,0
15531,United Kingdom,0.0,8,2,1965.55,2011-12-01T18:43:00.000+03:00,18,12,5,0
12602,France,2.0,58,1,153.12,2011-10-12T11:22:00.000+03:00,11,10,4,0
13509,United Kingdom,0.0,8,7,737.68,2011-12-01T10:10:00.000+03:00,10,12,5,0
16230,United Kingdom,0.0,189,2,542.03,2011-06-03T10:06:00.000+03:00,10,6,6,1
16941,United Kingdom,0.0,611,1,33.0,2010-04-07T11:13:00.000+03:00,11,4,4,0
12412,Denmark,14.0,74,6,2312.83,2011-09-26T10:16:00.000+03:00,10,9,2,0
12662,Germany,1.0,0,20,6713.94,2011-12-09T11:59:00.000+03:00,11,12,6,1
16701,United Kingdom,0.0,8,25,4456.75,2011-12-01T11:10:00.000+03:00,11,12,5,0
13707,United Kingdom,0.0,267,5,2645.14,2011-03-17T18:03:00.000+03:00,18,3,5,0
16904,United Kingdom,0.0,4,21,4411.92,2011-12-05T13:10:00.000+03:00,13,12,2,0
16415,United Kingdom,0.0,44,3,681.76,2011-10-26T13:35:00.000+03:00,13,10,4,0
16987,United Kingdom,0.0,3,11,2521.4,2011-12-06T17:26:00.000+03:00,17,12,3,0
14425,United Kingdom,0.0,434,3,633.55,2010-10-01T10:24:00.000+03:00,10,10,6,1
14409,United Kingdom,0.0,71,7,2103.37,2011-09-29T18:18:00.000+03:00,18,9,5,0
15584,United Kingdom,0.0,23,6,1223.2,2011-11-16T10:55:00.000+03:00,10,11,4,0
12652,France,2.0,331,1,919.98,2011-01-12T15:00:00.000+03:00,15,1,4,0
12642,Germany,1.0,25,3,905.62,2011-11-14T15:03:00.000+03:00,15,11,2,0
14039,United Kingdom,0.0,33,2,121.36,2011-11-06T13:48:00.000+03:00,13,11,1,0
14215,United Kingdom,0.0,11,9,3131.97,2011-11-28T12:19:00.000+03:00,12,11,2,0
15936,United Kingdom,0.0,379,2,282.79,2010-11-25T16:39:00.000+03:00,16,11,5,0
12592,Germany,1.0,92,5,2128.46,2011-09-08T15:04:00.000+03:00,15,9,5,0
18095,United Kingdom,0.0,312,5,848.61,2011-01-31T12:50:00.000+03:00,12,1,2,0
13804,United Kingdom,0.0,30,9,3058.52,2011-11-09T12:32:00.000+03:00,12,11,4,0
16462,United Kingdom,0.0,73,3,136.0,2011-09-27T10:24:00.000+03:00,10,9,3,0
16574,United Kingdom,0.0,71,3,1275.38,2011-09-29T13:39:00.000+03:00,13,9,5,0
15241,United Kingdom,0.0,66,11,2607.48,2011-10-04T09:05:00.000+03:00,9,10,3,0
12464,Belgium,4.0,10,8,1212.05,2011-11-29T13:33:00.000+03:00,13,11,3,0
17625,United Kingdom,0.0,18,8,5680.69,2011-11-21T13:36:00.000+03:00,13,11,2,0
13985,United Kingdom,0.0,4,22,9645.06,2011-12-05T17:06:00.000+03:00,17,12,2,0
15050,United Kingdom,0.0,25,5,2195.2,2011-11-14T16:17:00.000+03:00,16,11,2,0
13118,United Kingdom,0.0,19,9,2402.81,2011-11-20T12:46:00.000+03:00,12,11,1,0
16013,United Kingdom,0.0,7,11,1668.75,2011-12-02T11:53:00.000+03:00,11,12,6,1
14359,United Kingdom,0.0,19,3,912.18,2011-11-20T13:17:00.000+03:00,13,11,1,0
15320,United Kingdom,0.0,44,1,197.53,2011-10-26T13:27:00.000+03:00,13,10,4,0
13433,United Kingdom,0.0,501,4,658.32,2010-07-26T16:55:00.000+03:00,16,7,2,0
12657,France,2.0,11,4,1297.1,2011-11-28T15:47:00.000+03:00,15,11,2,0
15124,United Kingdom,0.0,22,4,388.9,2011-11-17T10:09:00.000+03:00,10,11,5,0
15542,United Kingdom,0.0,512,3,855.71,2010-07-15T13:32:00.000+03:00,13,7,5,0
15571,United Kingdom,0.0,11,14,3573.63,2011-11-28T10:02:00.000+03:00,10,11,2,0
14194,United Kingdom,0.0,4,35,17546.57,2011-12-05T10:38:00.000+03:00,10,12,2,0
13439,United Kingdom,0.0,255,3,900.45,2011-03-29T14:20:00.000+03:00,14,3,3,0
12449,Belgium,4.0,22,4,4067.29,2011-11-17T13:46:00.000+03:00,13,11,5,0
14907,United Kingdom,0.0,3,16,5455.2,2011-12-06T14:14:00.000+03:00,14,12,3,0
15325,United Kingdom,0.0,103,8,1601.46,2011-08-28T11:55:00.000+03:00,11,8,1,0
14404,United Kingdom,0.0,33,13,2266.51,2011-11-06T12:30:00.000+03:00,12,11,1,0
12437,France,2.0,1,38,11553.8,2011-12-08T11:35:00.000+03:00,11,12,5,0
18075,United Kingdom,0.0,23,20,5636.89,2011-11-16T15:21:00.000+03:00,15,11,4,0
15136,United Kingdom,0.0,2,4,1234.5,2011-12-07T12:26:00.000+03:00,12,12,4,0
14971,United Kingdom,0.0,35,3,1011.6,2011-11-04T17:07:00.000+03:00,17,11,6,1
17981,United Kingdom,0.0,410,1,177.92,2010-10-25T10:40:00.000+03:00,10,10,2,0
12867,United Kingdom,0.0,26,13,7438.76,2011-11-13T15:30:00.000+03:00,15,11,1,0
15527,United Kingdom,0.0,18,23,5340.15,2011-11-21T12:17:00.000+03:00,12,11,2,0
15762,United Kingdom,0.0,65,2,583.75,2011-10-05T16:15:00.000+03:00,16,10,4,0
13846,United Kingdom,0.0,24,4,1307.79,2011-11-15T12:07:00.000+03:00,12,11,3,0
12584,Italy,9.0,3,9,2338.15,2011-12-06T09:35:00.000+03:00,9,12,3,0
14234,United Kingdom,0.0,22,4,706.92,2011-11-17T17:53:00.000+03:00,17,11,5,0
18208,United Kingdom,0.0,565,1,360.08,2010-05-23T11:54:00.000+03:00,11,5,1,0
14745,United Kingdom,0.0,112,12,2231.19,2011-08-19T10:05:00.000+03:00,10,8,6,1
14282,United Kingdom,0.0,3,24,3643.28,2011-12-06T17:04:00.000+03:00,17,12,3,0
13968,United Kingdom,0.0,423,1,78.3,2010-10-12T13:22:00.000+03:00,13,10,3,0
16919,United Kingdom,0.0,156,24,4909.66,2011-07-06T13:35:00.000+03:00,13,7,4,0
16558,United Kingdom,0.0,0,38,11954.71,2011-12-09T10:20:00.000+03:00,10,12,6,1
13211,United Kingdom,0.0,10,9,1293.01,2011-11-29T14:43:00.000+03:00,14,11,3,0
14927,United Kingdom,0.0,396,1,308.2,2010-11-08T12:30:00.000+03:00,12,11,2,0
18108,United Kingdom,0.0,254,3,848.81,2011-03-30T13:56:00.000+03:00,13,3,4,0
16700,United Kingdom,0.0,8,25,8431.29,2011-12-01T11:00:00.000+03:00,11,12,5,0
12947,United Kingdom,0.0,143,5,1534.99,2011-07-19T10:06:00.000+03:00,10,7,3,0
16228,United Kingdom,0.0,385,3,642.35,2010-11-19T14:20:00.000+03:00,14,11,6,1
16915,United Kingdom,0.0,9,11,1543.18,2011-11-30T16:39:00.000+03:00,16,11,4,0
17255,United Kingdom,0.0,40,4,763.76,2011-10-30T12:18:00.000+03:00,12,10,1,0
15671,United Kingdom,0.0,18,7,1272.21,2011-11-21T12:43:00.000+03:00,12,11,2,0
16816,United Kingdom,0.0,103,4,417.06,2011-08-28T14:16:00.000+03:00,14,8,1,0
14149,United Kingdom,0.0,220,1,446.62,2011-05-03T09:44:00.000+03:00,9,5,3,0
18256,United Kingdom,0.0,387,1,96.84,2010-11-17T08:53:00.000+03:00,8,11,4,0
12652,Germany,1.0,434,1,97.05,2010-10-01T15:16:00.000+03:00,15,10,6,1
17492,United Kingdom,0.0,248,3,1101.62,2011-04-05T15:21:00.000+03:00,15,4,3,0
14936,Channel Islands,15.0,33,12,11503.93,2011-11-06T10:30:00.000+03:00,10,11,1,0
13435,United Kingdom,0.0,5,9,2623.56,2011-12-04T14:45:00.000+03:00,14,12,1,0
15282,United Kingdom,0.0,570,1,329.09,2010-05-18T16:27:00.000+03:00,16,5,3,0
17220,United Kingdom,0.0,24,21,4414.89,2011-11-15T13:47:00.000+03:00,13,11,3,0
13884,United Kingdom,0.0,7,10,1755.73,2011-12-02T16:30:00.000+03:00,16,12,6,1
13771,United Kingdom,0.0,64,9,4965.82,2011-10-06T14:18:00.000+03:00,14,10,5,0
13936,United Kingdom,0.0,179,3,932.82,2011-06-13T08:47:00.000+03:00,8,6,2,0
12370,Austria,12.0,357,4,1051.82,2010-12-17T09:38:00.000+03:00,9,12,6,1
16471,United Kingdom,0.0,274,4,1026.78,2011-03-10T09:41:00.000+03:00,9,3,5,0
17597,United Kingdom,0.0,213,5,2720.87,2011-05-10T11:54:00.000+03:00,11,5,3,0
14470,United Kingdom,0.0,11,3,681.44,2011-11-28T10:31:00.000+03:00,10,11,2,0
17384,United Kingdom,0.0,19,3,293.35,2011-11-20T15:48:00.000+03:00,15,11,1,0
15303,United Kingdom,0.0,290,3,1224.18,2011-02-22T13:59:00.000+03:00,13,2,3,0
13032,United Kingdom,0.0,52,9,2593.36,2011-10-18T15:54:00.000+03:00,15,10,3,0
16524,United Kingdom,0.0,446,2,306.19,2010-09-19T13:37:00.000+03:00,13,9,1,0
13269,United Kingdom,0.0,1,27,7319.32,2011-12-08T14:53:00.000+03:00,14,12,5,0
18223,United Kingdom,0.0,4,26,12264.55,2011-12-05T09:11:00.000+03:00,9,12,2,0
13973,United Kingdom,0.0,287,1,264.7,2011-02-25T15:21:00.000+03:00,15,2,6,1
16453,United Kingdom,0.0,530,2,251.71,2010-06-27T12:46:00.000+03:00,12,6,1,0
15974,United Kingdom,0.0,39,7,3271.71,2011-10-31T13:13:00.000+03:00,13,10,2,0
17138,United Kingdom,0.0,275,7,4254.45,2011-03-09T11:54:00.000+03:00,11,3,4,0
15467,United Kingdom,0.0,9,3,524.88,2011-11-30T14:17:00.000+03:00,14,11,4,0
15251,United Kingdom,0.0,40,17,7125.76,2011-10-30T12:43:00.000+03:00,12,10,1,0
13107,United Kingdom,0.0,44,9,3505.51,2011-10-26T14:52:00.000+03:00,14,10,4,0
17091,United Kingdom,0.0,2,19,7275.43,2011-12-07T10:43:00.000+03:00,10,12,4,0
14623,United Kingdom,0.0,32,10,1896.98,2011-11-07T13:56:00.000+03:00,13,11,2,0
13304,United Kingdom,0.0,351,4,1193.27,2010-12-23T14:35:00.000+03:00,14,12,5,0
14998,United Kingdom,0.0,170,4,753.18,2011-06-22T17:30:00.000+03:00,17,6,4,0
12913,United Kingdom,0.0,4,11,2148.58,2011-12-05T12:11:00.000+03:00,12,12,2,0
15489,United Kingdom,0.0,22,8,2169.29,2011-11-17T08:53:00.000+03:00,8,11,5,0
12569,Germany,1.0,2,32,4052.09,2011-12-07T16:24:00.000+03:00,16,12,4,0
14129,United Kingdom,0.0,1,9,2434.02,2011-12-08T11:02:00.000+03:00,11,12,5,0
15452,United Kingdom,0.0,29,6,1772.51,2011-11-10T12:13:00.000+03:00,12,11,5,0
13481,United Kingdom,0.0,45,11,3783.74,2011-10-25T09:07:00.000+03:00,9,10,3,0
12888,United Kingdom,0.0,214,2,354.12,2011-05-09T16:02:00.000+03:00,16,5,2,0
16393,United Kingdom,0.0,2,23,5270.05,2011-12-07T12:51:00.000+03:00,12,12,4,0
12531,Germany,1.0,14,2,1933.2,2011-11-25T11:12:00.000+03:00,11,11,6,1
14058,United Kingdom,0.0,462,2,469.19,2010-09-03T09:31:00.000+03:00,9,9,6,1
14852,United Kingdom,0.0,58,18,5240.67,2011-10-12T13:20:00.000+03:00,13,10,4,0
13008,United Kingdom,0.0,323,3,561.13,2011-01-20T14:24:00.000+03:00,14,1,5,0
12977,United Kingdom,0.0,156,4,513.88,2011-07-06T16:40:00.000+03:00,16,7,4,0
12523,France,2.0,19,23,4254.95,2011-11-20T12:55:00.000+03:00,12,11,1,0
16609,United Kingdom,0.0,15,7,5403.7,2011-11-24T13:32:00.000+03:00,13,11,5,0
13338,United Kingdom,0.0,157,4,2379.62,2011-07-05T09:06:00.000+03:00,9,7,3,0
13161,United Kingdom,0.0,313,2,472.13,2011-01-30T14:03:00.000+03:00,14,1,1,0
18069,United Kingdom,0.0,26,10,4371.7,2011-11-13T16:03:00.000+03:00,16,11,1,0
14092,United Kingdom,0.0,7,24,7177.73,2011-12-02T12:13:00.000+03:00,12,12,6,1
13779,United Kingdom,0.0,515,1,161.13,2010-07-12T11:24:00.000+03:00,11,7,2,0
13081,United Kingdom,0.0,11,26,42544.74,2011-11-28T10:54:00.000+03:00,10,11,2,0
17229,United Kingdom,0.0,96,2,318.76,2011-09-04T13:56:00.000+03:00,13,9,1,0
14920,United Kingdom,0.0,212,3,1569.85,2011-05-11T10:32:00.000+03:00,10,5,4,0
15061,United Kingdom,0.0,3,63,12211.46,2011-12-06T12:06:00.000+03:00,12,12,3,0
14708,United Kingdom,0.0,2,4,1079.22,2011-12-07T08:21:00.000+03:00,8,12,4,0
17101,United Kingdom,0.0,29,6,1943.63,2011-11-10T10:32:00.000+03:00,10,11,5,0
14436,United Kingdom,0.0,98,2,119.06,2011-09-02T10:13:00.000+03:00,10,9,6,1
17160,United Kingdom,0.0,31,17,9881.16,2011-11-08T14:05:00.000+03:00,14,11,3,0
17785,United Kingdom,0.0,53,3,360.88,2011-10-17T13:43:00.000+03:00,13,10,2,0
16412,United Kingdom,0.0,53,5,586.89,2011-10-17T12:35:00.000+03:00,12,10,2,0
12363,Unspecified,20.0,109,2,532.2,2011-08-22T10:18:00.000+03:00,10,8,2,0
16797,United Kingdom,0.0,393,5,1795.72,2010-11-11T19:14:00.000+03:00,19,11,5,0
12721,France,2.0,31,8,3934.84,2011-11-08T12:13:00.000+03:00,12,11,3,0
16278,United Kingdom,0.0,100,3,1117.84,2011-08-31T17:12:00.000+03:00,17,8,4,0
12754,Japan,16.0,277,2,61.62,2011-03-07T13:38:00.000+03:00,13,3,2,0
15339,United Kingdom,0.0,66,6,1648.46,2011-10-04T12:51:00.000+03:00,12,10,3,0
16235,United Kingdom,0.0,40,9,2053.71,2011-10-30T10:56:00.000+03:00,10,10,1,0
14312,United Kingdom,0.0,46,11,2971.25,2011-10-24T09:46:00.000+03:00,9,10,2,0
17491,United Kingdom,0.0,1,17,3962.59,2011-12-08T16:18:00.000+03:00,16,12,5,0
15816,United Kingdom,0.0,542,2,144.15,2010-06-15T13:36:00.000+03:00,13,6,3,0
13562,United Kingdom,0.0,81,8,4819.46,2011-09-19T10:51:00.000+03:00,10,9,2,0
14572,United Kingdom,0.0,3,11,5137.32,2011-12-06T14:40:00.000+03:00,14,12,3,0
14009,United Kingdom,0.0,198,3,994.91,2011-05-25T15:47:00.000+03:00,15,5,4,0
13108,United Kingdom,0.0,372,2,551.3,2010-12-02T10:35:00.000+03:00,10,12,5,0
14607,United Kingdom,0.0,18,9,3888.21,2011-11-21T12:38:00.000+03:00,12,11,2,0
13268,United Kingdom,0.0,17,10,2878.21,2011-11-22T11:34:00.000+03:00,11,11,3,0
13976,United Kingdom,0.0,206,4,1173.64,2011-05-17T09:13:00.000+03:00,9,5,3,0
14858,United Kingdom,0.0,505,1,180.75,2010-07-22T10:51:00.000+03:00,10,7,5,0
14824,United Kingdom,0.0,10,10,3372.91,2011-11-29T14:20:00.000+03:00,14,11,3,0
15245,United Kingdom,0.0,134,8,2720.84,2011-07-28T18:56:00.000+03:00,18,7,5,0
17690,United Kingdom,0.0,30,20,6865.88,2011-11-09T15:17:00.000+03:00,15,11,4,0
15140,United Kingdom,0.0,52,8,2538.85,2011-10-18T14:07:00.000+03:00,14,10,3,0
16825,United Kingdom,0.0,38,5,1389.13,2011-11-01T11:51:00.000+03:00,11,11,3,0
14533,United Kingdom,0.0,24,9,1452.65,2011-11-15T12:05:00.000+03:00,12,11,3,0
16433,United Kingdom,0.0,28,2,384.52,2011-11-11T14:09:00.000+03:00,14,11,6,1
17655,United Kingdom,0.0,10,9,2533.98,2011-11-29T11:34:00.000+03:00,11,11,3,0
13305,United Kingdom,0.0,4,16,3168.09,2011-12-05T15:15:00.000+03:00,15,12,2,0
15235,United Kingdom,0.0,217,16,2772.76,2011-05-06T09:44:00.000+03:00,9,5,6,1
16365,United Kingdom,0.0,17,14,2047.66,2011-11-22T11:24:00.000+03:00,11,11,3,0
14720,United Kingdom,0.0,5,3,663.81,2011-12-04T12:02:00.000+03:00,12,12,1,0
12753,Japan,16.0,22,6,2580.07,2011-11-17T10:52:00.000+03:00,10,11,5,0
15670,United Kingdom,0.0,296,2,325.2,2011-02-16T10:50:00.000+03:00,10,2,4,0
15988,United Kingdom,0.0,19,3,734.89,2011-11-20T13:23:00.000+03:00,13,11,1,0
16725,United Kingdom,0.0,302,14,1674.82,2011-02-10T16:52:00.000+03:00,16,2,5,0
15414,United Kingdom,0.0,9,3,731.7,2011-11-30T09:50:00.000+03:00,9,11,4,0
16843,United Kingdom,0.0,42,33,11901.08,2011-10-28T09:06:00.000+03:00,9,10,6,1
14530,United Kingdom,0.0,25,16,5365.18,2011-11-14T10:38:00.000+03:00,10,11,2,0
14750,United Kingdom,0.0,736,1,112.03,2009-12-03T17:57:00.000+03:00,17,12,5,0
15544,United Kingdom,0.0,9,20,7492.89,2011-11-30T16:43:00.000+03:00,16,11,4,0
12949,United Kingdom,0.0,30,22,14877.56,2011-11-09T11:25:00.000+03:00,11,11,4,0
17004,United Kingdom,0.0,46,4,1331.24,2011-10-24T14:25:00.000+03:00,14,10,2,0
17457,United Kingdom,0.0,126,12,1668.96,2011-08-05T12:48:00.000+03:00,12,8,6,1
13080,United Kingdom,0.0,179,4,280.73,2011-06-13T14:59:00.000+03:00,14,6,2,0
17040,United Kingdom,0.0,137,2,463.25,2011-07-25T10:19:00.000+03:00,10,7,2,0
15137,United Kingdom,0.0,520,2,683.24,2010-07-07T09:41:00.000+03:00,9,7,4,0
15358,United Kingdom,0.0,4,42,15559.82,2011-12-05T09:04:00.000+03:00,9,12,2,0
12408,Belgium,4.0,32,8,3508.15,2011-11-07T12:27:00.000+03:00,12,11,2,0
16375,United Kingdom,0.0,470,2,104.0,2010-08-26T14:25:00.000+03:00,14,8,5,0
12790,Netherlands,6.0,192,2,591.85,2011-05-31T14:14:00.000+03:00,14,5,3,0
15606,United Kingdom,0.0,61,17,4987.63,2011-10-09T15:47:00.000+03:00,15,10,1,0
17329,United Kingdom,0.0,14,5,988.45,2011-11-25T14:24:00.000+03:00,14,11,6,1
12906,United Kingdom,0.0,11,5,1190.17,2011-11-28T09:55:00.000+03:00,9,11,2,0
16411,United Kingdom,0.0,19,4,756.39,2011-11-20T13:23:00.000+03:00,13,11,1,0
16048,United Kingdom,0.0,373,4,818.79,2010-12-01T15:28:00.000+03:00,15,12,4,0
15763,United Kingdom,0.0,31,2,1086.92,2011-11-08T09:44:00.000+03:00,9,11,3,0
12493,France,2.0,165,2,403.86,2011-06-27T10:17:00.000+03:00,10,6,2,0
12948,United Kingdom,0.0,16,9,2149.31,2011-11-23T17:10:00.000+03:00,17,11,4,0
15712,United Kingdom,0.0,9,12,3370.65,2011-11-30T14:09:00.000+03:00,14,11,4,0
13854,United Kingdom,0.0,8,38,8667.72,2011-12-01T09:06:00.000+03:00,9,12,5,0
14803,United Kingdom,0.0,162,3,478.35,2011-06-30T13:58:00.000+03:00,13,6,5,0
17783,United Kingdom,0.0,72,3,366.46,2011-09-28T16:07:00.000+03:00,16,9,4,0
18178,United Kingdom,0.0,128,11,5882.12,2011-08-03T09:30:00.000+03:00,9,8,4,0
17898,United Kingdom,0.0,85,4,285.26,2011-09-15T14:56:00.000+03:00,14,9,5,0
13418,United Kingdom,0.0,11,31,9978.76,2011-11-28T10:23:00.000+03:00,10,11,2,0
14105,United Kingdom,0.0,239,5,5537.75,2011-04-14T17:58:00.000+03:00,17,4,5,0
15462,United Kingdom,0.0,94,4,647.05,2011-09-06T13:11:00.000+03:00,13,9,3,0
16325,United Kingdom,0.0,46,12,2824.1,2011-10-24T08:48:00.000+03:00,8,10,2,0
13752,United Kingdom,0.0,124,7,1260.99,2011-08-07T14:16:00.000+03:00,14,8,1,0
17858,United Kingdom,0.0,5,27,9320.05,2011-12-04T11:56:00.000+03:00,11,12,1,0
13426,United Kingdom,0.0,0,22,6778.22,2011-12-09T08:59:00.000+03:00,8,12,6,1
15644,United Kingdom,0.0,166,4,803.54,2011-06-26T14:54:00.000+03:00,14,6,1,0
13243,United Kingdom,0.0,203,5,1220.38,2011-05-20T13:14:00.000+03:00,13,5,6,1
13500,United Kingdom,0.0,23,4,1421.78,2011-11-16T15:35:00.000+03:00,15,11,4,0
13726,United Kingdom,0.0,38,2,429.12,2011-11-01T10:49:00.000+03:00,10,11,3,0
16691,United Kingdom,0.0,418,2,178.83,2010-10-17T15:03:00.000+03:00,15,10,1,0
13756,United Kingdom,0.0,2,22,5743.63,2011-12-07T16:44:00.000+03:00,16,12,4,0
13959,United Kingdom,0.0,79,6,1020.49,2011-09-21T15:06:00.000+03:00,15,9,4,0
13516,United Kingdom,0.0,21,4,931.26,2011-11-18T13:15:00.000+03:00,13,11,6,1
16584,United Kingdom,0.0,80,5,1616.21,2011-09-20T13:45:00.000+03:00,13,9,3,0
14713,United Kingdom,0.0,9,21,4774.76,2011-11-30T16:26:00.000+03:00,16,11,4,0
16551,United Kingdom,0.0,95,7,1532.4,2011-09-05T09:38:00.000+03:00,9,9,2,0
17623,United Kingdom,0.0,32,7,2365.77,2011-11-07T11:32:00.000+03:00,11,11,2,0
13250,United Kingdom,0.0,460,2,253.09,2010-09-05T11:33:00.000+03:00,11,9,1,0
15073,United Kingdom,0.0,9,8,2761.62,2011-11-30T10:44:00.000+03:00,10,11,4,0
15095,United Kingdom,0.0,103,10,2067.74,2011-08-28T12:01:00.000+03:00,12,8,1,0
17109,United Kingdom,0.0,29,8,1277.67,2011-11-10T16:59:00.000+03:00,16,11,5,0
14239,United Kingdom,0.0,43,21,4174.67,2011-10-27T14:40:00.000+03:00,14,10,5,0
14564,Channel Islands,15.0,434,2,2455.62,2010-10-01T09:02:00.000+03:00,9,10,6,1
15615,United Kingdom,0.0,10,46,18624.23,2011-11-29T14:42:00.000+03:00,14,11,3,0
17173,United Kingdom,0.0,5,8,3674.8,2011-12-04T14:40:00.000+03:00,14,12,1,0
14585,United Kingdom,0.0,50,5,708.87,2011-10-20T14:33:00.000+03:00,14,10,5,0
12455,Spain,3.0,73,4,767.96,2011-09-27T15:31:00.000+03:00,15,9,3,0
18207,United Kingdom,0.0,499,1,544.47,2010-07-28T14:26:00.000+03:00,14,7,4,0
13162,United Kingdom,0.0,122,15,6292.03,2011-08-09T15:59:00.000+03:00,15,8,3,0
15379,United Kingdom,0.0,169,8,4648.76,2011-06-23T13:13:00.000+03:00,13,6,5,0
13059,United Kingdom,0.0,249,10,2249.77,2011-04-04T10:40:00.000+03:00,10,4,2,0
15632,United Kingdom,0.0,15,8,3082.15,2011-11-24T09:51:00.000+03:00,9,11,5,0
17421,United Kingdom,0.0,386,3,1039.25,2010-11-18T16:57:00.000+03:00,16,11,5,0
13776,United Kingdom,0.0,428,2,623.98,2010-10-07T16:11:00.000+03:00,16,10,5,0
18181,United Kingdom,0.0,24,5,1167.54,2011-11-15T15:08:00.000+03:00,15,11,3,0
15801,United Kingdom,0.0,46,3,1063.95,2011-10-24T13:52:00.000+03:00,13,10,2,0
14667,United Kingdom,0.0,10,54,17166.06,2011-11-29T11:30:00.000+03:00,11,11,3,0
18116,United Kingdom,0.0,67,13,2047.91,2011-10-03T11:00:00.000+03:00,11,10,2,0
14672,United Kingdom,0.0,234,4,985.06,2011-04-19T10:19:00.000+03:00,10,4,3,0
13709,United Kingdom,0.0,3,18,6913.03,2011-12-06T10:28:00.000+03:00,10,12,3,0
14905,United Kingdom,0.0,157,8,1305.79,2011-07-05T12:41:00.000+03:00,12,7,3,0
17262,United Kingdom,0.0,52,6,708.76,2011-10-18T12:56:00.000+03:00,12,10,3,0
14335,Germany,1.0,16,2,434.7,2011-11-23T13:41:00.000+03:00,13,11,4,0
17346,United Kingdom,0.0,3,26,4818.81,2011-12-06T12:18:00.000+03:00,12,12,3,0
14680,United Kingdom,0.0,25,53,22046.34,2011-11-14T16:59:00.000+03:00,16,11,2,0
14071,United Kingdom,0.0,3,8,1419.03,2011-12-06T12:27:00.000+03:00,12,12,3,0
14723,United Kingdom,0.0,10,11,1781.64,2011-11-29T15:23:00.000+03:00,15,11,3,0
15149,United Kingdom,0.0,133,5,1509.61,2011-07-29T10:58:00.000+03:00,10,7,6,1
17275,United Kingdom,0.0,383,1,114.1,2010-11-21T13:26:00.000+03:00,13,11,1,0
13198,United Kingdom,0.0,10,8,4915.79,2011-11-29T15:17:00.000+03:00,15,11,3,0
15614,United Kingdom,0.0,437,4,1758.18,2010-09-28T10:46:00.000+03:00,10,9,3,0
14339,United Kingdom,0.0,242,2,470.47,2011-04-11T11:06:00.000+03:00,11,4,2,0
14891,United Kingdom,0.0,148,4,1020.45,2011-07-14T18:08:00.000+03:00,18,7,5,0
13139,United Kingdom,0.0,16,8,5674.0,2011-11-23T13:54:00.000+03:00,13,11,4,0
15662,United Kingdom,0.0,661,2,283.73,2010-02-16T16:47:00.000+03:00,16,2,3,0
13259,United Kingdom,0.0,61,9,1402.54,2011-10-09T10:48:00.000+03:00,10,10,1,0
16882,United Kingdom,0.0,66,3,705.12,2011-10-04T10:42:00.000+03:00,10,10,3,0
16293,United Kingdom,0.0,21,15,4238.4,2011-11-18T09:58:00.000+03:00,9,11,6,1
17673,United Kingdom,0.0,1,13,3471.04,2011-12-08T12:50:00.000+03:00,12,12,5,0
17860,United Kingdom,0.0,368,4,663.95,2010-12-06T12:41:00.000+03:00,12,12,2,0
17612,United Kingdom,0.0,53,18,5160.38,2011-10-17T14:59:00.000+03:00,14,10,2,0
14262,United Kingdom,0.0,8,8,2354.11,2011-12-01T14:17:00.000+03:00,14,12,5,0
18045,United Kingdom,0.0,45,1,178.34,2011-10-25T13:07:00.000+03:00,13,10,3,0
15983,United Kingdom,0.0,22,8,2386.97,2011-11-17T17:34:00.000+03:00,17,11,5,0
14702,United Kingdom,0.0,1,29,6334.08,2011-12-08T19:29:00.000+03:00,19,12,5,0
14622,United Kingdom,0.0,184,1,320.58,2011-06-08T12:42:00.000+03:00,12,6,4,0
16394,United Kingdom,0.0,56,5,786.44,2011-10-14T09:48:00.000+03:00,9,10,6,1
16295,United Kingdom,0.0,9,4,1267.71,2011-11-30T08:17:00.000+03:00,8,11,4,0
17373,United Kingdom,0.0,40,7,1167.5,2011-10-30T15:28:00.000+03:00,15,10,1,0
14757,United Kingdom,0.0,75,1,420.5,2011-09-25T14:36:00.000+03:00,14,9,1,0
15675,United Kingdom,0.0,81,4,476.96,2011-09-19T13:48:00.000+03:00,13,9,2,0
15737,United Kingdom,0.0,14,8,1148.8,2011-11-25T11:21:00.000+03:00,11,11,6,1
16735,United Kingdom,0.0,78,14,5710.95,2011-09-22T11:49:00.000+03:00,11,9,5,0
16385,United Kingdom,0.0,60,5,881.35,2011-10-10T13:12:00.000+03:00,13,10,2,0
14550,United Kingdom,0.0,10,4,1270.36,2011-11-29T12:12:00.000+03:00,12,11,3,0
14831,United Kingdom,0.0,680,3,1610.57,2010-01-28T14:31:00.000+03:00,14,1,5,0
17293,United Kingdom,0.0,8,17,2894.41,2011-12-01T14:37:00.000+03:00,14,12,5,0
18168,United Kingdom,0.0,176,16,3177.8,2011-06-16T19:21:00.000+03:00,19,6,5,0
17105,United Kingdom,0.0,159,2,655.78,2011-07-03T15:53:00.000+03:00,15,7,1,0
17539,United Kingdom,0.0,617,4,1176.84,2010-04-01T12:07:00.000+03:00,12,4,5,0
15834,United Kingdom,0.0,70,7,3699.47,2011-09-30T14:41:00.000+03:00,14,9,6,1
13020,United Kingdom,0.0,562,2,618.96,2010-05-26T11:12:00.000+03:00,11,5,4,0
16345,United Kingdom,0.0,44,2,1178.79,2011-10-26T16:03:00.000+03:00,16,10,4,0
16784,United Kingdom,0.0,19,5,892.33,2011-11-20T12:20:00.000+03:00,12,11,1,0
15732,United Kingdom,0.0,212,10,1469.51,2011-05-11T14:24:00.000+03:00,14,5,4,0
17351,United Kingdom,0.0,36,12,1988.23,2011-11-03T18:45:00.000+03:00,18,11,5,0
17095,United Kingdom,0.0,22,7,2289.41,2011-11-17T12:21:00.000+03:00,12,11,5,0
15113,United Kingdom,0.0,9,3,1724.69,2011-11-30T08:23:00.000+03:00,8,11,4,0
16342,United Kingdom,0.0,75,4,281.61,2011-09-25T14:36:00.000+03:00,14,9,1,0
13602,United Kingdom,0.0,64,4,964.33,2011-10-06T11:47:00.000+03:00,11,10,5,0
17621,United Kingdom,0.0,21,6,2102.04,2011-11-18T17:11:00.000+03:00,17,11,6,1
12483,Sweden,8.0,17,18,3956.34,2011-11-22T17:02:00.000+03:00,17,11,3,0
12472,Germany,1.0,32,19,15207.09,2011-11-07T14:01:00.000+03:00,14,11,2,0
16186,United Kingdom,0.0,22,26,8261.35,2011-11-17T12:43:00.000+03:00,12,11,5,0
15497,United Kingdom,0.0,17,9,7462.39,2011-11-22T11:51:00.000+03:00,11,11,3,0
17047,United Kingdom,0.0,85,6,2234.63,2011-09-15T13:27:00.000+03:00,13,9,5,0
16914,United Kingdom,0.0,36,1,133.76,2011-11-03T15:27:00.000+03:00,15,11,5,0
17068,United Kingdom,0.0,12,47,8987.68,2011-11-27T13:14:00.000+03:00,13,11,1,0
13148,United Kingdom,0.0,29,26,8341.0,2011-11-10T15:23:00.000+03:00,15,11,5,0
13110,United Kingdom,0.0,31,12,2957.47,2011-11-08T14:30:00.000+03:00,14,11,3,0
15596,United Kingdom,0.0,100,9,2727.72,2011-08-31T10:55:00.000+03:00,10,8,4,0
16369,United Kingdom,0.0,18,7,2540.94,2011-11-21T16:25:00.000+03:00,16,11,2,0
14817,United Kingdom,0.0,200,7,3696.82,2011-05-23T13:35:00.000+03:00,13,5,2,0
15331,United Kingdom,0.0,499,3,619.59,2010-07-28T09:42:00.000+03:00,9,7,4,0
16979,United Kingdom,0.0,3,9,2555.42,2011-12-06T12:21:00.000+03:00,12,12,3,0
13539,United Kingdom,0.0,85,7,1555.44,2011-09-15T10:18:00.000+03:00,10,9,5,0
17639,United Kingdom,0.0,276,6,536.87,2011-03-08T15:22:00.000+03:00,15,3,3,0
13446,United Kingdom,0.0,430,11,3255.01,2010-10-05T18:51:00.000+03:00,18,10,3,0
13561,United Kingdom,0.0,215,11,1645.3,2011-05-08T12:39:00.000+03:00,12,5,1,0
12681,France,2.0,14,45,27193.04,2011-11-25T11:33:00.000+03:00,11,11,6,1
12722,France,2.0,85,4,916.03,2011-09-15T14:50:00.000+03:00,14,9,5,0
17836,United Kingdom,0.0,47,1,110.21,2011-10-23T16:13:00.000+03:00,16,10,1,0
14499,United Kingdom,0.0,26,7,2101.79,2011-11-13T13:01:00.000+03:00,13,11,1,0
17159,United Kingdom,0.0,21,5,2096.71,2011-11-18T10:52:00.000+03:00,10,11,6,1
15491,United Kingdom,0.0,95,6,2880.89,2011-09-05T15:56:00.000+03:00,15,9,2,0
18278,United Kingdom,0.0,73,2,414.2,2011-09-27T11:58:00.000+03:00,11,9,3,0
13085,United Kingdom,0.0,157,8,2231.68,2011-07-05T12:11:00.000+03:00,12,7,3,0
13117,United Kingdom,0.0,21,18,2197.34,2011-11-18T12:02:00.000+03:00,12,11,6,1
16563,United Kingdom,0.0,53,6,1715.8,2011-10-17T11:51:00.000+03:00,11,10,2,0
17758,United Kingdom,0.0,19,12,4846.61,2011-11-20T14:45:00.000+03:00,14,11,1,0
17634,United Kingdom,0.0,36,9,2358.59,2011-11-03T13:09:00.000+03:00,13,11,5,0
13206,United Kingdom,0.0,400,13,6916.29,2010-11-04T16:50:00.000+03:00,16,11,5,0
12731,France,2.0,23,15,14120.69,2011-11-16T11:59:00.000+03:00,11,11,4,0
17325,United Kingdom,0.0,280,3,566.01,2011-03-04T13:09:00.000+03:00,13,3,6,1
16368,United Kingdom,0.0,2,3,607.4,2011-12-07T13:12:00.000+03:00,13,12,4,0
15845,United Kingdom,0.0,17,11,4054.08,2011-11-22T09:42:00.000+03:00,9,11,3,0
17965,United Kingdom,0.0,37,29,6884.91,2011-11-02T09:31:00.000+03:00,9,11,4,0
15286,United Kingdom,0.0,49,1,240.55,2011-10-21T11:08:00.000+03:00,11,10,6,1
14497,United Kingdom,0.0,309,2,697.06,2011-02-03T17:01:00.000+03:00,17,2,5,0
13382,United Kingdom,0.0,280,5,1387.58,2011-03-04T10:03:00.000+03:00,10,3,6,1
16585,United Kingdom,0.0,593,2,341.59,2010-04-25T10:34:00.000+03:00,10,4,1,0
15147,United Kingdom,0.0,240,1,600.1,2011-04-13T15:57:00.000+03:00,15,4,4,0
13538,United Kingdom,0.0,43,12,2964.63,2011-10-27T16:34:00.000+03:00,16,10,5,0
17059,United Kingdom,0.0,29,9,4659.49,2011-11-10T12:27:00.000+03:00,12,11,5,0
15204,United Kingdom,0.0,357,1,225.5,2010-12-17T13:49:00.000+03:00,13,12,6,1
17050,United Kingdom,0.0,96,11,3835.45,2011-09-04T13:48:00.000+03:00,13,9,1,0
13949,United Kingdom,0.0,2,6,2119.84,2011-12-07T09:35:00.000+03:00,9,12,4,0
14038,United Kingdom,0.0,78,5,2874.88,2011-09-22T13:37:00.000+03:00,13,9,5,0
16894,United Kingdom,0.0,502,3,1291.84,2010-07-25T15:43:00.000+03:00,15,7,1,0
12843,United Kingdom,0.0,65,27,4328.24,2011-10-05T12:09:00.000+03:00,12,10,4,0
12759,Netherlands,6.0,52,8,4953.78,2011-10-18T14:49:00.000+03:00,14,10,3,0
12932,United Kingdom,0.0,539,8,1271.78,2010-06-18T14:22:00.000+03:00,14,6,6,1
16033,United Kingdom,0.0,5,27,10486.41,2011-12-04T12:44:00.000+03:00,12,12,1,0
14810,United Kingdom,0.0,40,13,2354.03,2011-10-30T11:19:00.000+03:00,11,10,1,0
17987,United Kingdom,0.0,185,5,743.14,2011-06-07T14:22:00.000+03:00,14,6,3,0
13137,United Kingdom,0.0,10,16,7560.42,2011-11-29T12:09:00.000+03:00,12,11,3,0
16611,United Kingdom,0.0,186,6,1766.23,2011-06-06T15:46:00.000+03:00,15,6,2,0
14289,United Kingdom,0.0,8,6,911.26,2011-12-01T11:44:00.000+03:00,11,12,5,0
14776,United Kingdom,0.0,51,15,2184.3,2011-10-19T15:34:00.000+03:00,15,10,4,0
16610,United Kingdom,0.0,219,1,75.66,2011-05-04T13:13:00.000+03:00,13,5,4,0
17458,United Kingdom,0.0,15,2,529.58,2011-11-24T13:01:00.000+03:00,13,11,5,0
17571,United Kingdom,0.0,50,4,1543.55,2011-10-20T15:57:00.000+03:00,15,10,5,0
16300,United Kingdom,0.0,430,3,1367.32,2010-10-05T13:14:00.000+03:00,13,10,3,0
15701,United Kingdom,0.0,2,4,1498.76,2011-12-07T14:39:00.000+03:00,14,12,4,0
15563,United Kingdom,0.0,22,6,2582.14,2011-11-17T12:59:00.000+03:00,12,11,5,0
17290,United Kingdom,0.0,3,8,1097.6,2011-12-06T12:38:00.000+03:00,12,12,3,0
15530,United Kingdom,0.0,21,5,1669.16,2011-11-18T12:25:00.000+03:00,12,11,6,1
16176,United Kingdom,0.0,421,4,1695.89,2010-10-14T13:54:00.000+03:00,13,10,5,0
14653,United Kingdom,0.0,1,12,3371.66,2011-12-08T13:45:00.000+03:00,13,12,5,0
12395,Belgium,4.0,19,15,4077.61,2011-11-20T15:21:00.000+03:00,15,11,1,0
16472,United Kingdom,0.0,434,2,789.6,2010-10-01T13:56:00.000+03:00,13,10,6,1
13174,United Kingdom,0.0,16,12,7812.11,2011-11-23T14:35:00.000+03:00,14,11,4,0
13851,United Kingdom,0.0,95,8,3384.38,2011-09-05T12:36:00.000+03:00,12,9,2,0
17360,United Kingdom,0.0,17,6,1200.51,2011-11-22T13:11:00.000+03:00,13,11,3,0
12836,United Kingdom,0.0,59,15,6465.14,2011-10-11T15:10:00.000+03:00,15,10,3,0
15633,United Kingdom,0.0,509,13,3863.56,2010-07-18T13:54:00.000+03:00,13,7,1,0
16182,United Kingdom,0.0,72,2,142.73,2011-09-28T13:23:00.000+03:00,13,9,4,0
15181,United Kingdom,0.0,66,4,601.8,2011-10-04T13:58:00.000+03:00,13,10,3,0
16755,United Kingdom,0.0,114,7,2694.64,2011-08-17T13:21:00.000+03:00,13,8,4,0
13093,United Kingdom,0.0,275,52,26736.94,2011-03-09T12:14:00.000+03:00,12,3,4,0
14595,United Kingdom,0.0,19,8,2127.01,2011-11-20T12:12:00.000+03:00,12,11,1,0
14110,United Kingdom,0.0,36,31,8107.11,2011-11-03T11:47:00.000+03:00,11,11,5,0
13178,United Kingdom,0.0,26,21,12527.09,2011-11-13T16:14:00.000+03:00,16,11,1,0
12769,Brazil,27.0,238,1,1143.6,2011-04-15T10:25:00.000+03:00,10,4,6,1
15607,United Kingdom,0.0,336,9,1547.27,2011-01-07T12:44:00.000+03:00,12,1,6,1
15159,United Kingdom,0.0,1,34,19768.77,2011-12-08T12:05:00.000+03:00,12,12,5,0
17318,United Kingdom,0.0,725,1,157.33,2009-12-14T13:11:00.000+03:00,13,12,2,0
15694,United Kingdom,0.0,8,23,6537.82,2011-12-01T18:16:00.000+03:00,18,12,5,0
14772,United Kingdom,0.0,112,1,139.26,2011-08-19T15:04:00.000+03:00,15,8,6,1
14621,United Kingdom,0.0,1,9,2945.73,2011-12-08T16:22:00.000+03:00,16,12,5,0
16553,United Kingdom,0.0,205,20,4874.17,2011-05-18T12:57:00.000+03:00,12,5,4,0
12664,Finland,11.0,8,11,1146.8,2011-12-01T17:07:00.000+03:00,17,12,5,0
13931,United Kingdom,0.0,95,11,4726.62,2011-09-05T10:12:00.000+03:00,10,9,2,0
15758,United Kingdom,0.0,24,1,205.25,2011-11-15T10:48:00.000+03:00,10,11,3,0
16455,United Kingdom,0.0,63,11,3748.13,2011-10-07T12:17:00.000+03:00,12,10,6,1
17257,United Kingdom,0.0,436,1,68.35,2010-09-29T12:49:00.000+03:00,12,9,4,0
14662,United Kingdom,0.0,28,7,1331.61,2011-11-11T12:13:00.000+03:00,12,11,6,1
13159,United Kingdom,0.0,8,4,1403.79,2011-12-01T11:20:00.000+03:00,11,12,5,0
16208,United Kingdom,0.0,44,10,3291.6,2011-10-26T11:36:00.000+03:00,11,10,4,0
17667,United Kingdom,0.0,66,9,3903.02,2011-10-04T14:32:00.000+03:00,14,10,3,0
15706,United Kingdom,0.0,63,4,1060.56,2011-10-07T10:09:00.000+03:00,10,10,6,1
16877,United Kingdom,0.0,12,6,846.62,2011-11-27T13:47:00.000+03:00,13,11,1,0
17454,United Kingdom,0.0,192,10,1547.94,2011-05-31T13:58:00.000+03:00,13,5,3,0
16428,United Kingdom,0.0,413,3,595.29,2010-10-22T12:22:00.000+03:00,12,10,6,1
15599,United Kingdom,0.0,26,3,1195.46,2011-11-13T11:44:00.000+03:00,11,11,1,0
16286,United Kingdom,0.0,477,2,328.95,2010-08-19T14:48:00.000+03:00,14,8,5,0
18169,United Kingdom,0.0,60,1,202.65,2011-10-10T12:18:00.000+03:00,12,10,2,0
16859,United Kingdom,0.0,144,7,1502.03,2011-07-18T12:19:00.000+03:00,12,7,2,0
15917,United Kingdom,0.0,247,5,530.17,2011-04-06T10:40:00.000+03:00,10,4,4,0
14953,United Kingdom,0.0,25,4,906.4,2011-11-14T14:59:00.000+03:00,14,11,2,0
14732,United Kingdom,0.0,8,19,5397.07,2011-12-01T14:34:00.000+03:00,14,12,5,0
13891,United Kingdom,0.0,378,3,859.21,2010-11-26T15:57:00.000+03:00,15,11,6,1
12784,Portugal,5.0,9,3,1763.15,2011-11-30T15:38:00.000+03:00,15,11,4,0
16906,United Kingdom,0.0,81,7,1278.56,2011-09-19T11:49:00.000+03:00,11,9,2,0
14442,Channel Islands,15.0,204,7,5340.62,2011-05-19T11:36:00.000+03:00,11,5,5,0
17083,United Kingdom,0.0,109,9,2685.43,2011-08-22T15:43:00.000+03:00,15,8,2,0
13396,United Kingdom,0.0,29,2,1178.09,2011-11-10T16:59:00.000+03:00,16,11,5,0
15581,United Kingdom,0.0,120,38,7262.24,2011-08-11T09:38:00.000+03:00,9,8,5,0
13384,United Kingdom,0.0,30,11,5146.57,2011-11-09T11:04:00.000+03:00,11,11,4,0
17579,United Kingdom,0.0,4,4,753.28,2011-12-05T12:28:00.000+03:00,12,12,2,0
14049,United Kingdom,0.0,16,13,11876.4,2011-11-23T12:20:00.000+03:00,12,11,4,0
13183,United Kingdom,0.0,7,15,1882.78,2011-12-02T10:30:00.000+03:00,10,12,6,1
16560,United Kingdom,0.0,26,8,3037.88,2011-11-13T10:35:00.000+03:00,10,11,1,0
14952,United Kingdom,0.0,59,28,10523.09,2011-10-11T10:33:00.000+03:00,10,10,3,0
13812,Germany,1.0,42,3,539.0,2011-10-28T14:27:00.000+03:00,14,10,6,1
13189,United Kingdom,0.0,18,2,167.28,2011-11-21T10:39:00.000+03:00,10,11,2,0
17795,United Kingdom,0.0,179,2,328.43,2011-06-13T12:36:00.000+03:00,12,6,2,0
15867,United Kingdom,0.0,5,31,8644.31,2011-12-04T13:32:00.000+03:00,13,12,1,0
16133,United Kingdom,0.0,3,54,12656.46,2011-12-06T11:24:00.000+03:00,11,12,3,0
16645,United Kingdom,0.0,735,1,160.39,2009-12-04T09:49:00.000+03:00,9,12,6,1
16456,United Kingdom,0.0,99,13,4514.58,2011-09-01T13:50:00.000+03:00,13,9,5,0
16510,United Kingdom,0.0,372,6,1777.5,2010-12-02T13:39:00.000+03:00,13,12,5,0
13813,Germany,1.0,39,8,2686.39,2011-10-31T10:38:00.000+03:00,10,10,2,0
16668,United Kingdom,0.0,15,13,781.78,2011-11-24T17:43:00.000+03:00,17,11,5,0
18110,United Kingdom,0.0,19,2,392.28,2011-11-20T12:34:00.000+03:00,12,11,1,0
16832,United Kingdom,0.0,184,5,387.01,2011-06-08T15:36:00.000+03:00,15,6,4,0
16602,United Kingdom,0.0,36,2,749.41,2011-11-03T15:54:00.000+03:00,15,11,5,0
13291,United Kingdom,0.0,155,11,3232.21,2011-07-07T10:36:00.000+03:00,10,7,5,0
16502,United Kingdom,0.0,620,2,233.77,2010-03-29T13:44:00.000+03:00,13,3,2,0
13160,United Kingdom,0.0,22,1,91.8,2011-11-17T13:07:00.000+03:00,13,11,5,0
15953,United Kingdom,0.0,15,17,2066.22,2011-11-24T15:32:00.000+03:00,15,11,5,0
17377,United Kingdom,0.0,23,77,16922.03,2011-11-16T11:17:00.000+03:00,11,11,4,0
14701,United Kingdom,0.0,10,15,4309.75,2011-11-29T12:38:00.000+03:00,12,11,3,0
12540,Spain,3.0,19,33,20160.89,2011-11-20T11:31:00.000+03:00,11,11,1,0
17852,United Kingdom,0.0,11,5,657.81,2011-11-28T12:36:00.000+03:00,12,11,2,0
17585,United Kingdom,0.0,109,7,1733.49,2011-08-22T13:30:00.000+03:00,13,8,2,0
12417,Belgium,4.0,3,18,5948.09,2011-12-06T14:52:00.000+03:00,14,12,3,0
17589,United Kingdom,0.0,60,18,13122.88,2011-10-10T16:58:00.000+03:00,16,10,2,0
13240,United Kingdom,0.0,96,8,1461.87,2011-09-04T14:08:00.000+03:00,14,9,1,0
13745,United Kingdom,0.0,162,2,608.88,2011-06-30T16:43:00.000+03:00,16,6,5,0
14631,United Kingdom,0.0,50,6,1709.55,2011-10-20T11:17:00.000+03:00,11,10,5,0
16647,United Kingdom,0.0,169,4,456.7,2011-06-23T11:47:00.000+03:00,11,6,5,0
17703,United Kingdom,0.0,35,4,1071.44,2011-11-04T15:51:00.000+03:00,15,11,6,1
13742,United Kingdom,0.0,16,12,3079.91,2011-11-23T11:07:00.000+03:00,11,11,4,0
17076,United Kingdom,0.0,36,6,1032.03,2011-11-03T17:53:00.000+03:00,17,11,5,0
13286,United Kingdom,0.0,600,1,704.31,2010-04-18T15:35:00.000+03:00,15,4,1,0
14358,United Kingdom,0.0,389,2,400.06,2010-11-15T15:51:00.000+03:00,15,11,2,0
14690,United Kingdom,0.0,44,4,777.68,2011-10-26T15:39:00.000+03:00,15,10,4,0
16057,United Kingdom,0.0,16,10,3854.85,2011-11-23T15:23:00.000+03:00,15,11,4,0
12374,Austria,12.0,25,4,2419.38,2011-11-14T15:37:00.000+03:00,15,11,2,0
17769,United Kingdom,0.0,12,17,6736.34,2011-11-27T11:18:00.000+03:00,11,11,1,0
14766,United Kingdom,0.0,8,11,6009.77,2011-12-01T16:05:00.000+03:00,16,12,5,0
16426,United Kingdom,0.0,2,10,1822.0,2011-12-07T14:01:00.000+03:00,14,12,4,0
13817,Germany,1.0,29,2,382.98,2011-11-10T17:49:00.000+03:00,17,11,5,0
13414,United Kingdom,0.0,133,5,1135.98,2011-07-29T11:45:00.000+03:00,11,7,6,1
17955,United Kingdom,0.0,218,4,419.1,2011-05-05T12:40:00.000+03:00,12,5,5,0
13069,United Kingdom,0.0,0,37,6724.35,2011-12-09T08:39:00.000+03:00,8,12,6,1
18051,United Kingdom,0.0,634,7,1229.42,2010-03-15T13:58:00.000+03:00,13,3,2,0
16729,United Kingdom,0.0,38,21,6713.19,2011-11-01T14:29:00.000+03:00,14,11,3,0
14640,United Kingdom,0.0,24,10,3589.24,2011-11-15T13:07:00.000+03:00,13,11,3,0
12811,Portugal,5.0,260,5,1010.5,2011-03-24T09:42:00.000+03:00,9,3,5,0
14161,United Kingdom,0.0,215,7,2896.73,2011-05-08T11:41:00.000+03:00,11,5,1,0
14370,United Kingdom,0.0,488,5,1053.38,2010-08-08T13:11:00.000+03:00,13,8,1,0
13499,United Kingdom,0.0,17,5,662.99,2011-11-22T11:21:00.000+03:00,11,11,3,0
15031,United Kingdom,0.0,4,14,2981.44,2011-12-05T14:19:00.000+03:00,14,12,2,0
16503,United Kingdom,0.0,106,11,3608.04,2011-08-25T11:46:00.000+03:00,11,8,5,0
16108,United Kingdom,0.0,84,4,2222.0,2011-09-16T11:48:00.000+03:00,11,9,6,1
16076,United Kingdom,0.0,3,9,2107.41,2011-12-06T14:59:00.000+03:00,14,12,3,0
16678,United Kingdom,0.0,2,12,2668.51,2011-12-07T12:17:00.000+03:00,12,12,4,0
16261,United Kingdom,0.0,17,6,1041.16,2011-11-22T17:23:00.000+03:00,17,11,3,0
12580,Germany,1.0,246,2,1046.6,2011-04-07T10:24:00.000+03:00,10,4,5,0
14258,United Kingdom,0.0,9,25,12905.16,2011-11-30T15:27:00.000+03:00,15,11,4,0
16950,United Kingdom,0.0,56,10,2674.13,2011-10-14T09:06:00.000+03:00,9,10,6,1
12980,United Kingdom,0.0,157,20,11082.66,2011-07-05T09:34:00.000+03:00,9,7,3,0
13188,United Kingdom,0.0,11,1,114.6,2011-11-28T15:28:00.000+03:00,15,11,2,0
14735,United Kingdom,0.0,3,54,10598.4,2011-12-06T12:09:00.000+03:00,12,12,3,0
14646,Netherlands,6.0,2,117,44900.1,2011-12-07T15:19:00.000+03:00,15,12,4,0
14083,United Kingdom,0.0,4,9,1052.67,2011-12-05T13:14:00.000+03:00,13,12,2,0
12559,Germany,1.0,319,1,379.91,2011-01-24T10:12:00.000+03:00,10,1,2,0
13412,United Kingdom,0.0,620,1,487.35,2010-03-29T16:28:00.000+03:00,16,3,2,0
16983,United Kingdom,0.0,12,11,3056.01,2011-11-27T12:10:00.000+03:00,12,11,1,0
18094,United Kingdom,0.0,81,12,3839.04,2011-09-19T09:28:00.000+03:00,9,9,2,0
16723,United Kingdom,0.0,91,4,1054.84,2011-09-09T13:01:00.000+03:00,13,9,6,1
13591,United Kingdom,0.0,64,7,2093.94,2011-10-06T12:26:00.000+03:00,12,10,5,0
14135,United Kingdom,0.0,1,22,3562.05,2011-12-08T11:38:00.000+03:00,11,12,5,0
17669,United Kingdom,0.0,42,10,2036.15,2011-10-28T08:53:00.000+03:00,8,10,6,1
17204,United Kingdom,0.0,175,9,4118.93,2011-06-17T14:46:00.000+03:00,14,6,6,1
16440,United Kingdom,0.0,7,6,3772.97,2011-12-02T12:02:00.000+03:00,12,12,6,1
14915,United Kingdom,0.0,91,11,1811.25,2011-09-09T13:34:00.000+03:00,13,9,6,1
12709,Germany,1.0,15,33,17057.96,2011-11-24T15:38:00.000+03:00,15,11,5,0
13247,United Kingdom,0.0,17,4,474.72,2011-11-22T10:59:00.000+03:00,10,11,3,0
17107,United Kingdom,0.0,33,10,12039.49,2011-11-06T14:14:00.000+03:00,14,11,1,0
13923,United Kingdom,0.0,53,1,351.13,2011-10-17T12:33:00.000+03:00,12,10,2,0
17749,United Kingdom,0.0,178,3,1007.46,2011-06-14T15:45:00.000+03:00,15,6,3,0
16938,United Kingdom,0.0,8,9,6104.57,2011-12-01T10:20:00.000+03:00,10,12,5,0
13124,United Kingdom,0.0,89,4,4173.7,2011-09-11T12:45:00.000+03:00,12,9,1,0
15624,United Kingdom,0.0,116,4,566.85,2011-08-15T11:38:00.000+03:00,11,8,2,0
15417,United Kingdom,0.0,85,1,508.8,2011-09-15T15:26:00.000+03:00,15,9,5,0
12856,United Kingdom,0.0,7,6,2129.98,2011-12-02T10:52:00.000+03:00,10,12,6,1
16343,United Kingdom,0.0,16,3,593.12,2011-11-23T17:45:00.000+03:00,17,11,4,0
15735,United Kingdom,0.0,421,1,327.68,2010-10-14T13:38:00.000+03:00,13,10,5,0
12370,Cyprus,17.0,51,3,2638.76,2011-10-19T14:51:00.000+03:00,14,10,4,0
13040,United Kingdom,0.0,8,2,676.99,2011-12-01T10:38:00.000+03:00,10,12,5,0
14047,United Kingdom,0.0,8,14,3406.15,2011-12-01T11:43:00.000+03:00,11,12,5,0
14395,United Kingdom,0.0,2,20,7708.33,2011-12-07T14:34:00.000+03:00,14,12,4,0
12614,Germany,1.0,277,1,315.6,2011-03-07T10:22:00.000+03:00,10,3,2,0
15681,United Kingdom,0.0,25,14,2949.38,2011-11-14T16:30:00.000+03:00,16,11,2,0
16546,United Kingdom,0.0,290,5,2022.45,2011-02-22T11:20:00.000+03:00,11,2,3,0
17742,United Kingdom,0.0,113,11,2098.48,2011-08-18T15:28:00.000+03:00,15,8,5,0
17663,United Kingdom,0.0,25,16,4608.47,2011-11-14T08:56:00.000+03:00,8,11,2,0
12480,Germany,1.0,28,7,4640.81,2011-11-11T14:52:00.000+03:00,14,11,6,1
17014,United Kingdom,0.0,8,3,583.43,2011-12-01T14:09:00.000+03:00,14,12,5,0
14088,United Kingdom,0.0,10,16,33428.68,2011-11-29T16:16:00.000+03:00,16,11,3,0
12426,Germany,1.0,194,2,1345.21,2011-05-29T12:26:00.000+03:00,12,5,1,0
13041,United Kingdom,0.0,450,4,623.63,2010-09-15T11:44:00.000+03:00,11,9,4,0
14709,United Kingdom,0.0,15,25,8221.11,2011-11-24T15:41:00.000+03:00,15,11,5,0
16556,United Kingdom,0.0,66,17,7816.74,2011-10-04T11:36:00.000+03:00,11,10,3,0
13619,United Kingdom,0.0,544,2,224.94,2010-06-13T11:39:00.000+03:00,11,6,1,0
12739,United Arab Emirates,25.0,78,4,2689.29,2011-09-22T13:00:00.000+03:00,13,9,5,0
15266,United Kingdom,0.0,338,5,694.21,2011-01-05T13:40:00.000+03:00,13,1,4,0
17172,United Kingdom,0.0,78,3,545.61,2011-09-22T09:36:00.000+03:00,9,9,5,0
13138,United Kingdom,0.0,22,7,1274.01,2011-11-17T16:51:00.000+03:00,16,11,5,0
15353,United Kingdom,0.0,254,7,2794.47,2011-03-30T12:15:00.000+03:00,12,3,4,0
13548,United Kingdom,0.0,96,3,840.42,2011-09-04T14:50:00.000+03:00,14,9,1,0
13611,United Kingdom,0.0,89,10,3101.49,2011-09-11T14:51:00.000+03:00,14,9,1,0
13531,United Kingdom,0.0,205,6,1433.07,2011-05-18T16:56:00.000+03:00,16,5,4,0
14698,United Kingdom,0.0,1,5,1217.27,2011-12-08T12:26:00.000+03:00,12,12,5,0
14500,United Kingdom,0.0,88,3,281.85,2011-09-12T16:45:00.000+03:00,16,9,2,0
13855,United Kingdom,0.0,500,4,1215.7,2010-07-27T09:53:00.000+03:00,9,7,3,0
14112,United Kingdom,0.0,22,13,5222.05,2011-11-17T12:30:00.000+03:00,12,11,5,0
14122,United Kingdom,0.0,406,3,308.34,2010-10-29T15:11:00.000+03:00,15,10,6,1
17447,United Kingdom,0.0,40,2,541.53,2011-10-30T14:18:00.000+03:00,14,10,1,0
14984,United Kingdom,0.0,19,5,548.67,2011-11-20T14:28:00.000+03:00,14,11,1,0
17049,United Kingdom,0.0,2,19,9655.67,2011-12-07T10:48:00.000+03:00,10,12,4,0
16011,United Kingdom,0.0,8,29,5416.63,2011-12-01T16:31:00.000+03:00,16,12,5,0
15872,United Kingdom,0.0,14,4,729.25,2011-11-25T11:55:00.000+03:00,11,11,6,1
16873,United Kingdom,0.0,4,12,12045.21,2011-12-05T12:05:00.000+03:00,12,12,2,0
13283,United Kingdom,0.0,59,4,373.36,2011-10-11T09:50:00.000+03:00,9,10,3,0
12598,France,2.0,9,11,3913.19,2011-11-30T12:18:00.000+03:00,12,11,4,0
15028,United Kingdom,0.0,8,6,919.86,2011-12-01T14:06:00.000+03:00,14,12,5,0
12829,United Kingdom,0.0,336,3,276.82,2011-01-07T11:13:00.000+03:00,11,1,6,1
14562,United Kingdom,0.0,3,26,6638.15,2011-12-06T11:05:00.000+03:00,11,12,3,0
15218,United Kingdom,0.0,10,20,7290.63,2011-11-29T11:48:00.000+03:00,11,11,3,0
17714,United Kingdom,0.0,320,5,1364.82,2011-01-23T10:32:00.000+03:00,10,1,1,0
13577,United Kingdom,0.0,25,11,3393.52,2011-11-14T15:19:00.000+03:00,15,11,2,0
14087,United Kingdom,0.0,2,3,799.77,2011-12-07T12:41:00.000+03:00,12,12,4,0
12997,United Kingdom,0.0,22,8,1915.67,2011-11-17T15:47:00.000+03:00,15,11,5,0
16790,United Kingdom,0.0,3,6,1517.18,2011-12-06T11:53:00.000+03:00,11,12,3,0
14450,United Kingdom,0.0,180,7,1128.44,2011-06-12T10:46:00.000+03:00,10,6,1,0
16861,United Kingdom,0.0,59,5,760.23,2011-10-11T09:05:00.000+03:00,9,10,3,0
17222,United Kingdom,0.0,65,6,1467.55,2011-10-05T13:58:00.000+03:00,13,10,4,0
13209,United Kingdom,0.0,30,12,6734.31,2011-11-09T13:54:00.000+03:00,13,11,4,0
13078,United Kingdom,0.0,3,57,21476.98,2011-12-06T15:36:00.000+03:00,15,12,3,0
17841,United Kingdom,0.0,1,209,64944.91,2011-12-08T12:07:00.000+03:00,12,12,5,0
13450,United Kingdom,0.0,26,13,2227.76,2011-11-13T11:54:00.000+03:00,11,11,1,0
12444,Norway,13.0,21,5,5005.46,2011-11-18T13:23:00.000+03:00,13,11,6,1
18019,United Kingdom,0.0,51,1,38.45,2011-10-19T12:10:00.000+03:00,12,10,4,0
16225,United Kingdom,0.0,44,15,2859.31,2011-10-26T08:30:00.000+03:00,8,10,4,0
17513,United Kingdom,0.0,72,3,786.0,2011-09-28T16:42:00.000+03:00,16,9,4,0
16497,United Kingdom,0.0,49,23,6674.48,2011-10-21T10:55:00.000+03:00,10,10,6,1
16676,United Kingdom,0.0,33,6,2307.82,2011-11-06T12:01:00.000+03:00,12,11,1,0
15601,United Kingdom,0.0,11,30,13114.48,2011-11-28T15:15:00.000+03:00,15,11,2,0
18245,United Kingdom,0.0,7,20,6265.34,2011-12-02T14:48:00.000+03:00,14,12,6,1
13203,United Kingdom,0.0,9,10,2461.31,2011-11-30T10:45:00.000+03:00,10,11,4,0
16265,United Kingdom,0.0,9,12,6713.13,2011-11-30T16:41:00.000+03:00,16,11,4,0
14283,United Kingdom,0.0,463,4,575.64,2010-09-02T14:46:00.000+03:00,14,9,5,0
18258,United Kingdom,0.0,464,5,528.05,2010-09-01T14:20:00.000+03:00,14,9,4,0
16218,United Kingdom,0.0,29,11,2245.75,2011-11-10T09:59:00.000+03:00,9,11,5,0
16745,United Kingdom,0.0,86,17,4504.98,2011-09-14T11:58:00.000+03:00,11,9,4,0
15810,United Kingdom,0.0,78,8,2810.04,2011-09-22T09:38:00.000+03:00,9,9,5,0
17400,United Kingdom,0.0,126,8,4458.88,2011-08-05T15:38:00.000+03:00,15,8,6,1
16391,United Kingdom,0.0,400,4,1052.26,2010-11-04T12:27:00.000+03:00,12,11,5,0
15026,United Kingdom,0.0,80,5,1044.09,2011-09-20T13:52:00.000+03:00,13,9,3,0
18188,United Kingdom,0.0,15,6,2580.87,2011-11-24T16:46:00.000+03:00,16,11,5,0
12862,United Kingdom,0.0,425,2,906.92,2010-10-10T11:47:00.000+03:00,11,10,1,0
14885,United Kingdom,0.0,131,3,444.0,2011-07-31T12:05:00.000+03:00,12,7,1,0
15189,United Kingdom,0.0,1,46,8014.1,2011-12-08T13:22:00.000+03:00,13,12,5,0
14388,United Kingdom,0.0,10,16,6166.56,2011-11-29T13:32:00.000+03:00,13,11,3,0
17321,United Kingdom,0.0,8,6,1650.09,2011-12-01T13:41:00.000+03:00,13,12,5,0
14291,United Kingdom,0.0,1,23,7449.3,2011-12-08T10:26:00.000+03:00,10,12,5,0
14625,United Kingdom,0.0,196,11,4292.08,2011-05-27T15:32:00.000+03:00,15,5,6,1
14078,United Kingdom,0.0,101,9,1545.91,2011-08-30T12:16:00.000+03:00,12,8,3,0
14421,United Kingdom,0.0,57,6,2252.5,2011-10-13T13:24:00.000+03:00,13,10,5,0
14375,United Kingdom,0.0,185,3,1058.52,2011-06-07T13:44:00.000+03:00,13,6,3,0
16313,United Kingdom,0.0,3,2,237.07,2011-12-06T13:02:00.000+03:00,13,12,3,0
16119,United Kingdom,0.0,8,8,1097.29,2011-12-01T15:11:00.000+03:00,15,12,5,0
15047,United Kingdom,0.0,269,1,329.7,2011-03-15T10:49:00.000+03:00,10,3,3,0
14912,Italy,9.0,16,6,940.77,2011-11-23T09:20:00.000+03:00,9,11,4,0
15547,United Kingdom,0.0,7,26,9417.9,2011-12-02T12:52:00.000+03:00,12,12,6,1
14305,United Kingdom,0.0,71,3,1858.96,2011-09-29T15:29:00.000+03:00,15,9,5,0
13055,United Kingdom,0.0,78,4,2239.99,2011-09-22T14:26:00.000+03:00,14,9,5,0
15298,United Kingdom,0.0,2,22,7514.83,2011-12-07T17:17:00.000+03:00,17,12,4,0
17288,United Kingdom,0.0,9,10,1941.15,2011-11-30T16:09:00.000+03:00,16,11,4,0
13760,United Kingdom,0.0,54,5,1363.64,2011-10-16T16:13:00.000+03:00,16,10,1,0
13309,United Kingdom,0.0,7,6,1649.31,2011-12-02T16:34:00.000+03:00,16,12,6,1
17726,United Kingdom,0.0,395,7,1092.06,2010-11-09T13:37:00.000+03:00,13,11,3,0
15890,United Kingdom,0.0,394,5,340.45,2010-11-10T12:46:00.000+03:00,12,11,4,0
12693,Germany,1.0,127,7,1703.02,2011-08-04T17:51:00.000+03:00,17,8,5,0
14132,United Kingdom,0.0,2,11,2761.97,2011-12-07T13:35:00.000+03:00,13,12,4,0
12576,Poland,19.0,35,8,2108.88,2011-11-04T10:11:00.000+03:00,10,11,6,1
17272,United Kingdom,0.0,46,3,1972.17,2011-10-24T16:20:00.000+03:00,16,10,2,0
17412,United Kingdom,0.0,2,16,4043.22,2011-12-07T11:36:00.000+03:00,11,12,4,0
12755,Japan,16.0,280,10,588.06,2011-03-04T12:42:00.000+03:00,12,3,6,1
17624,United Kingdom,0.0,14,4,1568.63,2011-11-25T10:52:00.000+03:00,10,11,6,1
18198,United Kingdom,0.0,4,17,2262.64,2011-12-05T14:49:00.000+03:00,14,12,2,0
14655,United Kingdom,0.0,8,7,1705.61,2011-12-01T16:28:00.000+03:00,16,12,5,0
18236,United Kingdom,0.0,29,12,1795.35,2011-11-10T08:06:00.000+03:00,8,11,5,0
17410,United Kingdom,0.0,16,5,1112.12,2011-11-23T15:46:00.000+03:00,15,11,4,0
16188,United Kingdom,0.0,44,5,1073.62,2011-10-26T12:19:00.000+03:00,12,10,4,0
14227,United Kingdom,0.0,26,14,6174.67,2011-11-13T15:48:00.000+03:00,15,11,1,0
16202,United Kingdom,0.0,360,9,2389.67,2010-12-14T10:43:00.000+03:00,10,12,3,0
12993,United Kingdom,0.0,23,8,1219.31,2011-11-16T15:49:00.000+03:00,15,11,4,0
17526,United Kingdom,0.0,4,12,3204.72,2011-12-05T11:05:00.000+03:00,11,12,2,0
15434,United Kingdom,0.0,8,11,2371.94,2011-12-01T13:33:00.000+03:00,13,12,5,0
12837,United Kingdom,0.0,173,2,662.66,2011-06-19T16:07:00.000+03:00,16,6,1,0
13050,United Kingdom,0.0,14,35,11603.48,2011-11-25T09:18:00.000+03:00,9,11,6,1
14072,United Kingdom,0.0,666,1,390.85,2010-02-11T12:31:00.000+03:00,12,2,5,0
17179,United Kingdom,0.0,178,6,1507.26,2011-06-14T16:48:00.000+03:00,16,6,3,0
13900,United Kingdom,0.0,183,6,1432.27,2011-06-09T19:26:00.000+03:00,19,6,5,0
15829,United Kingdom,0.0,99,2,543.32,2011-09-01T16:45:00.000+03:00,16,9,5,0
16085,United Kingdom,0.0,23,12,2224.27,2011-11-16T13:24:00.000+03:00,13,11,4,0
15895,United Kingdom,0.0,149,1,21.85,2011-07-13T10:27:00.000+03:00,10,7,4,0
16183,United Kingdom,0.0,67,4,1027.81,2011-10-03T14:59:00.000+03:00,14,10,2,0
12498,Germany,1.0,21,3,403.7,2011-11-18T12:53:00.000+03:00,12,11,6,1
15093,United Kingdom,0.0,18,22,8432.48,2011-11-21T13:09:00.000+03:00,13,11,2,0
16495,United Kingdom,0.0,3,3,607.46,2011-12-06T13:20:00.000+03:00,13,12,3,0
16337,United Kingdom,0.0,36,1,151.05,2011-11-03T10:03:00.000+03:00,10,11,5,0
18283,United Kingdom,0.0,3,22,2664.9,2011-12-06T12:02:00.000+03:00,12,12,3,0
15805,United Kingdom,0.0,23,29,9242.93,2011-11-16T16:32:00.000+03:00,16,11,4,0
13261,United Kingdom,0.0,268,2,772.5,2011-03-16T12:22:00.000+03:00,12,3,4,0
17733,United Kingdom,0.0,38,2,635.31,2011-11-01T08:16:00.000+03:00,8,11,3,0
14460,United Kingdom,0.0,110,8,611.64,2011-08-21T14:19:00.000+03:00,14,8,1,0
15311,United Kingdom,0.0,0,203,48902.73,2011-12-09T12:00:00.000+03:00,12,12,6,1
13089,United Kingdom,0.0,2,176,77666.03,2011-12-07T09:02:00.000+03:00,9,12,4,0
16126,United Kingdom,0.0,29,15,10707.28,2011-11-10T16:03:00.000+03:00,16,11,5,0
15641,United Kingdom,0.0,105,12,4754.65,2011-08-26T14:04:00.000+03:00,14,8,6,1
15422,United Kingdom,0.0,323,7,1546.47,2011-01-20T16:17:00.000+03:00,16,1,5,0
17534,United Kingdom,0.0,53,5,1668.83,2011-10-17T12:47:00.000+03:00,12,10,2,0
13573,United Kingdom,0.0,50,6,651.98,2011-10-20T14:33:00.000+03:00,14,10,5,0
15638,United Kingdom,0.0,378,5,831.56,2010-11-26T11:52:00.000+03:00,11,11,6,1
17552,United Kingdom,0.0,60,11,2510.41,2011-10-10T17:00:00.000+03:00,17,10,2,0
18241,United Kingdom,0.0,9,21,2986.99,2011-11-30T12:10:00.000+03:00,12,11,4,0
18044,United Kingdom,0.0,4,18,3505.61,2011-12-05T14:26:00.000+03:00,14,12,2,0
12594,Italy,9.0,46,14,4436.17,2011-10-24T12:44:00.000+03:00,12,10,2,0
16092,United Kingdom,0.0,114,6,1480.9,2011-08-17T10:46:00.000+03:00,10,8,4,0
14841,United Kingdom,0.0,53,14,6611.72,2011-10-17T15:03:00.000+03:00,15,10,2,0
16880,United Kingdom,0.0,30,8,1626.37,2011-11-09T11:33:00.000+03:00,11,11,4,0
13432,United Kingdom,0.0,571,2,439.1,2010-05-17T13:18:00.000+03:00,13,5,2,0
12826,United Kingdom,0.0,2,12,2611.83,2011-12-07T10:25:00.000+03:00,10,12,4,0
17252,United Kingdom,0.0,116,2,348.91,2011-08-15T09:45:00.000+03:00,9,8,2,0
15105,United Kingdom,0.0,18,9,2622.81,2011-11-21T16:54:00.000+03:00,16,11,2,0
17581,United Kingdom,0.0,0,43,15806.47,2011-12-09T12:21:00.000+03:00,12,12,6,1
14231,United Kingdom,0.0,183,4,1235.62,2011-06-09T11:05:00.000+03:00,11,6,5,0
13911,United Kingdom,0.0,144,19,3306.43,2011-07-18T13:30:00.000+03:00,13,7,2,0
17515,United Kingdom,0.0,31,9,1602.51,2011-11-08T14:04:00.000+03:00,14,11,3,0
12942,United Kingdom,0.0,131,3,675.6,2011-07-31T14:39:00.000+03:00,14,7,1,0
16804,United Kingdom,0.0,23,3,486.99,2011-11-16T16:43:00.000+03:00,16,11,4,0
14589,United Kingdom,0.0,371,1,39.75,2010-12-03T11:42:00.000+03:00,11,12,6,1
15079,United Kingdom,0.0,212,10,2738.0,2011-05-11T12:45:00.000+03:00,12,5,4,0
13327,United Kingdom,0.0,38,20,7426.98,2011-11-01T10:21:00.000+03:00,10,11,3,0
15144,United Kingdom,0.0,8,29,10516.93,2011-12-01T15:12:00.000+03:00,15,12,5,0
17382,United Kingdom,0.0,65,5,386.4,2011-10-05T13:05:00.000+03:00,13,10,4,0
16939,United Kingdom,0.0,488,3,395.69,2010-08-08T12:24:00.000+03:00,12,8,1,0
16246,United Kingdom,0.0,459,2,754.15,2010-09-06T12:04:00.000+03:00,12,9,2,0
15447,United Kingdom,0.0,330,5,492.88,2011-01-13T11:26:00.000+03:00,11,1,5,0
12955,United Kingdom,0.0,1,11,3379.66,2011-12-08T16:29:00.000+03:00,16,12,5,0
16679,United Kingdom,0.0,366,3,622.51,2010-12-08T13:51:00.000+03:00,13,12,4,0
13815,Germany,1.0,22,8,6706.56,2011-11-17T14:19:00.000+03:00,14,11,5,0
13657,United Kingdom,0.0,10,2,336.0,2011-11-29T12:32:00.000+03:00,12,11,3,0
16764,United Kingdom,0.0,3,13,2790.95,2011-12-06T11:41:00.000+03:00,11,12,3,0
17811,United Kingdom,0.0,4,47,8239.61,2011-12-05T13:46:00.000+03:00,13,12,2,0
15600,United Kingdom,0.0,428,4,1184.19,2010-10-07T14:30:00.000+03:00,14,10,5,0
12863,United Kingdom,0.0,52,6,1552.9,2011-10-18T14:15:00.000+03:00,14,10,3,0
14741,United Kingdom,0.0,11,7,1619.49,2011-11-28T08:48:00.000+03:00,8,11,2,0
16192,United Kingdom,0.0,735,1,292.8,2009-12-04T12:28:00.000+03:00,12,12,6,1
13835,United Kingdom,0.0,25,7,1095.27,2011-11-14T15:37:00.000+03:00,15,11,2,0
15573,United Kingdom,0.0,31,5,1091.38,2011-11-08T11:38:00.000+03:00,11,11,3,0
15750,United Kingdom,0.0,2,18,6265.97,2011-12-07T12:34:00.000+03:00,12,12,4,0
13316,United Kingdom,0.0,37,10,1907.78,2011-11-02T13:40:00.000+03:00,13,11,4,0
15069,United Kingdom,0.0,179,1,1109.53,2011-06-13T14:16:00.000+03:00,14,6,2,0
12726,France,2.0,28,11,2550.36,2011-11-11T13:35:00.000+03:00,13,11,6,1
14758,United Kingdom,0.0,144,7,2827.53,2011-07-18T08:21:00.000+03:00,8,7,2,0
15726,United Kingdom,0.0,390,1,321.91,2010-11-14T16:12:00.000+03:00,16,11,1,0
16759,United Kingdom,0.0,7,3,760.75,2011-12-02T12:42:00.000+03:00,12,12,6,1
18239,United Kingdom,0.0,218,6,1712.26,2011-05-05T12:38:00.000+03:00,12,5,5,0
18058,United Kingdom,0.0,9,3,171.66,2011-11-30T08:38:00.000+03:00,8,11,4,0
16597,United Kingdom,0.0,4,1,44.24,2011-12-05T15:44:00.000+03:00,15,12,2,0
15270,United Kingdom,0.0,15,21,5783.82,2011-11-24T09:24:00.000+03:00,9,11,5,0
13524,United Kingdom,0.0,40,5,610.94,2011-10-30T12:34:00.000+03:00,12,10,1,0
12510,Spain,3.0,142,9,4774.22,2011-07-20T10:15:00.000+03:00,10,7,4,0
18016,United Kingdom,0.0,32,7,1740.7,2011-11-07T13:25:00.000+03:00,13,11,2,0
14534,United Kingdom,0.0,2,26,5985.54,2011-12-07T12:19:00.000+03:00,12,12,4,0
15393,United Kingdom,0.0,16,5,891.34,2011-11-23T16:48:00.000+03:00,16,11,4,0
16955,United Kingdom,0.0,184,6,791.67,2011-06-08T10:36:00.000+03:00,10,6,4,0
13769,United Kingdom,0.0,2,20,4605.0,2011-12-07T15:08:00.000+03:00,15,12,4,0
17540,United Kingdom,0.0,24,6,1590.6,2011-11-15T11:56:00.000+03:00,11,11,3,0
18172,United Kingdom,0.0,30,47,13048.56,2011-11-09T10:27:00.000+03:00,10,11,4,0
13946,United Kingdom,0.0,79,6,745.33,2011-09-21T13:33:00.000+03:00,13,9,4,0
15592,United Kingdom,0.0,46,1,314.66,2011-10-24T08:59:00.000+03:00,8,10,2,0
16677,United Kingdom,0.0,411,2,880.62,2010-10-24T14:53:00.000+03:00,14,10,1,0
17044,United Kingdom,0.0,374,10,5320.9,2010-11-30T10:48:00.000+03:00,10,11,3,0
15714,United Kingdom,0.0,11,5,613.96,2011-11-28T11:26:00.000+03:00,11,11,2,0
13115,United Kingdom,0.0,11,10,5203.94,2011-11-28T12:38:00.000+03:00,12,11,2,0
13451,United Kingdom,0.0,26,11,6992.36,2011-11-13T15:58:00.000+03:00,15,11,1,0
13953,United Kingdom,0.0,7,2,265.68,2011-12-02T16:04:00.000+03:00,16,12,6,1
13988,United Kingdom,0.0,19,8,4501.96,2011-11-20T10:15:00.000+03:00,10,11,1,0
13824,United Kingdom,0.0,32,12,2600.02,2011-11-07T12:41:00.000+03:00,12,11,2,0
13246,United Kingdom,0.0,18,11,2055.81,2011-11-21T16:50:00.000+03:00,16,11,2,0
16115,United Kingdom,0.0,9,12,2532.8,2011-11-30T11:32:00.000+03:00,11,11,4,0
15055,United Kingdom,0.0,474,3,518.52,2010-08-22T11:06:00.000+03:00,11,8,1,0
15349,United Kingdom,0.0,158,2,425.66,2011-07-04T16:06:00.000+03:00,16,7,2,0
17935,United Kingdom,0.0,138,6,567.14,2011-07-24T13:18:00.000+03:00,13,7,1,0
18147,United Kingdom,0.0,45,2,147.84,2011-10-25T11:46:00.000+03:00,11,10,3,0
13437,United Kingdom,0.0,14,7,3204.06,2011-11-25T14:00:00.000+03:00,14,11,6,1
17780,United Kingdom,0.0,667,3,319.36,2010-02-10T13:43:00.000+03:00,13,2,4,0
16954,United Kingdom,0.0,0,20,4990.48,2011-12-09T09:46:00.000+03:00,9,12,6,1
15768,United Kingdom,0.0,115,34,15255.49,2011-08-16T10:48:00.000+03:00,10,8,3,0
13728,United Kingdom,0.0,36,16,2855.17,2011-11-03T10:49:00.000+03:00,10,11,5,0
12963,United Kingdom,0.0,8,12,3168.23,2011-12-01T12:55:00.000+03:00,12,12,5,0
16875,United Kingdom,0.0,67,11,4114.77,2011-10-03T13:39:00.000+03:00,13,10,2,0
17932,United Kingdom,0.0,29,3,1331.57,2011-11-10T19:49:00.000+03:00,19,11,5,0
13267,United Kingdom,0.0,2,36,9243.25,2011-12-07T11:12:00.000+03:00,11,12,4,0
17114,United Kingdom,0.0,5,8,801.12,2011-12-04T12:17:00.000+03:00,12,12,1,0
14960,United Kingdom,0.0,8,2,198.07,2011-12-01T12:54:00.000+03:00,12,12,5,0
17142,United Kingdom,0.0,239,4,1275.25,2011-04-14T18:22:00.000+03:00,18,4,5,0
12380,Belgium,4.0,21,11,8559.42,2011-11-18T11:27:00.000+03:00,11,11,6,1
16837,United Kingdom,0.0,31,11,3115.3,2011-11-08T14:27:00.000+03:00,14,11,3,0
15254,United Kingdom,0.0,127,3,1041.31,2011-08-04T15:04:00.000+03:00,15,8,5,0
12684,France,2.0,7,7,1873.19,2011-12-02T09:53:00.000+03:00,9,12,6,1
18217,United Kingdom,0.0,29,4,686.32,2011-11-10T13:18:00.000+03:00,13,11,5,0
15587,United Kingdom,0.0,50,5,468.0,2011-10-20T13:37:00.000+03:00,13,10,5,0
15277,United Kingdom,0.0,46,2,462.42,2011-10-24T10:08:00.000+03:00,10,10,2,0
13713,United Kingdom,0.0,408,3,740.76,2010-10-27T16:18:00.000+03:00,16,10,4,0
16757,United Kingdom,0.0,318,2,264.18,2011-01-25T11:59:00.000+03:00,11,1,3,0
16782,United Kingdom,0.0,10,38,9448.56,2011-11-29T13:20:00.000+03:00,13,11,3,0
14808,United Kingdom,0.0,39,8,1973.45,2011-10-31T12:21:00.000+03:00,12,10,2,0
16888,United Kingdom,0.0,400,3,434.2,2010-11-04T12:39:00.000+03:00,12,11,5,0
15129,United Kingdom,0.0,50,22,4531.7,2011-10-20T14:40:00.000+03:00,14,10,5,0
16409,United Kingdom,0.0,36,12,5174.26,2011-11-03T16:45:00.000+03:00,16,11,5,0
13557,United Kingdom,0.0,28,13,2870.98,2011-11-11T15:24:00.000+03:00,15,11,6,1
12373,Austria,12.0,311,3,1102.15,2011-02-01T13:10:00.000+03:00,13,2,3,0
13871,United Kingdom,0.0,22,17,7560.05,2011-11-17T10:49:00.000+03:00,10,11,5,0
17857,United Kingdom,0.0,4,3,475.0,2011-12-05T13:11:00.000+03:00,13,12,2,0
13047,United Kingdom,0.0,31,24,7548.37,2011-11-08T12:06:00.000+03:00,12,11,3,0
18041,United Kingdom,0.0,11,37,5936.56,2011-11-28T11:39:00.000+03:00,11,11,2,0
14040,United Kingdom,0.0,40,35,11353.17,2011-10-30T12:42:00.000+03:00,12,10,1,0
14490,United Kingdom,0.0,406,2,1246.59,2010-10-29T15:04:00.000+03:00,15,10,6,1
14449,United Kingdom,0.0,18,8,2111.86,2011-11-21T12:06:00.000+03:00,12,11,2,0
16071,United Kingdom,0.0,44,4,1076.8,2011-10-26T11:14:00.000+03:00,11,10,4,0
14032,United Kingdom,0.0,2,16,3782.49,2011-12-07T15:23:00.000+03:00,15,12,4,0
17718,United Kingdom,0.0,232,2,386.98,2011-04-21T13:39:00.000+03:00,13,4,5,0
12828,United Kingdom,0.0,2,6,1018.71,2011-12-07T08:45:00.000+03:00,8,12,4,0
14199,United Kingdom,0.0,218,4,1091.7,2011-05-05T13:44:00.000+03:00,13,5,5,0
13575,United Kingdom,0.0,23,5,732.07,2011-11-16T13:14:00.000+03:00,13,11,4,0
17490,United Kingdom,0.0,0,9,2215.11,2011-12-09T09:08:00.000+03:00,9,12,6,1
12520,Germany,1.0,79,5,2634.26,2011-09-21T15:23:00.000+03:00,15,9,4,0
17017,United Kingdom,0.0,2,28,8193.37,2011-12-07T09:32:00.000+03:00,9,12,4,0
12708,Germany,1.0,29,18,5097.44,2011-11-10T09:52:00.000+03:00,9,11,5,0
14616,United Kingdom,0.0,284,2,89.28,2011-02-28T10:07:00.000+03:00,10,2,2,0
14978,United Kingdom,0.0,72,10,3112.19,2011-09-28T13:07:00.000+03:00,13,9,4,0
12707,France,2.0,291,1,603.42,2011-02-21T08:38:00.000+03:00,8,2,2,0
15184,United Kingdom,0.0,29,4,642.55,2011-11-10T13:41:00.000+03:00,13,11,5,0
16862,United Kingdom,0.0,547,4,574.25,2010-06-10T13:05:00.000+03:00,13,6,5,0
16125,United Kingdom,0.0,367,14,4029.31,2010-12-07T15:48:00.000+03:00,15,12,3,0
14273,United Kingdom,0.0,51,4,559.97,2011-10-19T13:20:00.000+03:00,13,10,4,0
18037,United Kingdom,0.0,154,15,167.42,2011-07-08T13:39:00.000+03:00,13,7,6,1
17746,United Kingdom,0.0,240,4,571.12,2011-04-13T14:31:00.000+03:00,14,4,4,0
15482,United Kingdom,0.0,15,17,4941.48,2011-11-24T10:46:00.000+03:00,10,11,5,0
16724,United Kingdom,0.0,404,1,147.35,2010-10-31T11:40:00.000+03:00,11,10,1,0
15691,United Kingdom,0.0,394,3,434.5,2010-11-10T12:26:00.000+03:00,12,11,4,0
18268,United Kingdom,0.0,134,6,1490.23,2011-07-28T19:13:00.000+03:00,19,7,5,0
17211,United Kingdom,0.0,26,13,3700.15,2011-11-13T12:03:00.000+03:00,12,11,1,0
15260,United Kingdom,0.0,100,24,7533.69,2011-08-31T13:55:00.000+03:00,13,8,4,0
16358,United Kingdom,0.0,1,5,2859.53,2011-12-08T15:09:00.000+03:00,15,12,5,0
15976,United Kingdom,0.0,165,6,1614.55,2011-06-27T13:00:00.000+03:00,13,6,2,0
17345,United Kingdom,0.0,15,10,1215.25,2011-11-24T15:03:00.000+03:00,15,11,5,0
17766,United Kingdom,0.0,381,2,299.61,2010-11-23T14:29:00.000+03:00,14,11,3,0
15743,United Kingdom,0.0,16,4,775.96,2011-11-23T17:19:00.000+03:00,17,11,4,0
17911,United Kingdom,0.0,9,1,336.35,2011-11-30T14:52:00.000+03:00,14,11,4,0
13877,United Kingdom,0.0,86,3,295.12,2011-09-14T15:49:00.000+03:00,15,9,4,0
15551,United Kingdom,0.0,36,7,1672.97,2011-11-03T12:37:00.000+03:00,12,11,5,0
15005,United Kingdom,0.0,15,56,13565.94,2011-11-24T12:25:00.000+03:00,12,11,5,0
16923,United Kingdom,0.0,12,29,12203.25,2011-11-27T13:00:00.000+03:00,13,11,1,0
14671,United Kingdom,0.0,549,2,1042.85,2010-06-08T13:39:00.000+03:00,13,6,3,0
15594,United Kingdom,0.0,15,5,1765.9,2011-11-24T08:53:00.000+03:00,8,11,5,0
13421,United Kingdom,0.0,40,8,3485.47,2011-10-30T14:21:00.000+03:00,14,10,1,0
15428,United Kingdom,0.0,15,4,744.03,2011-11-24T16:54:00.000+03:00,16,11,5,0
14006,United Kingdom,0.0,115,7,1056.35,2011-08-16T09:39:00.000+03:00,9,8,3,0
13515,United Kingdom,0.0,72,6,1184.22,2011-09-28T11:26:00.000+03:00,11,9,4,0
16316,United Kingdom,0.0,64,13,5645.07,2011-10-06T13:48:00.000+03:00,13,10,5,0
17217,United Kingdom,0.0,234,2,169.3,2011-04-19T17:19:00.000+03:00,17,4,3,0
17129,United Kingdom,0.0,520,1,31.85,2010-07-07T13:46:00.000+03:00,13,7,4,0
16530,United Kingdom,0.0,668,1,48.35,2010-02-09T15:30:00.000+03:00,15,2,3,0
13983,United Kingdom,0.0,39,20,5477.75,2011-10-31T12:05:00.000+03:00,12,10,2,0
15006,United Kingdom,0.0,51,2,757.78,2011-10-19T15:08:00.000+03:00,15,10,4,0
13523,United Kingdom,0.0,33,6,4142.77,2011-11-06T15:11:00.000+03:00,15,11,1,0
13170,United Kingdom,0.0,26,1,101.97,2011-11-13T12:19:00.000+03:00,12,11,1,0
12712,Germany,1.0,28,21,6597.75,2011-11-11T08:19:00.000+03:00,8,11,6,1
18272,United Kingdom,0.0,2,9,4082.46,2011-12-07T12:43:00.000+03:00,12,12,4,0
14055,United Kingdom,0.0,106,3,828.04,2011-08-25T15:04:00.000+03:00,15,8,5,0
15024,United Kingdom,0.0,9,16,3425.53,2011-11-30T12:06:00.000+03:00,12,11,4,0
12978,United Kingdom,0.0,385,5,2396.48,2010-11-19T14:29:00.000+03:00,14,11,6,1
17244,United Kingdom,0.0,53,5,1294.87,2011-10-17T15:19:00.000+03:00,15,10,2,0
12583,France,2.0,2,27,11484.42,2011-12-07T08:07:00.000+03:00,8,12,4,0
17356,United Kingdom,0.0,311,5,787.71,2011-02-01T11:07:00.000+03:00,11,2,3,0
12544,Spain,3.0,36,1,372.7,2011-11-03T16:15:00.000+03:00,16,11,5,0
16241,United Kingdom,0.0,9,16,3942.1,2011-11-30T11:08:00.000+03:00,11,11,4,0
15109,United Kingdom,0.0,245,3,983.1,2011-04-08T09:58:00.000+03:00,9,4,6,1
15211,United Kingdom,0.0,60,2,894.41,2011-10-10T13:31:00.000+03:00,13,10,2,0
13057,United Kingdom,0.0,530,3,370.35,2010-06-27T15:44:00.000+03:00,15,6,1,0
13859,United Kingdom,0.0,326,2,515.86,2011-01-17T16:14:00.000+03:00,16,1,2,0
15391,United Kingdom,0.0,584,1,213.55,2010-05-04T15:04:00.000+03:00,15,5,3,0
12813,Netherlands,6.0,501,3,978.8,2010-07-26T09:50:00.000+03:00,9,7,2,0
16366,United Kingdom,0.0,18,4,1503.13,2011-11-21T08:19:00.000+03:00,8,11,2,0
16828,United Kingdom,0.0,93,2,128.5,2011-09-07T15:10:00.000+03:00,15,9,4,0
15466,United Kingdom,0.0,85,4,1560.46,2011-09-15T14:08:00.000+03:00,14,9,5,0
15850,United Kingdom,0.0,19,6,874.55,2011-11-20T14:14:00.000+03:00,14,11,1,0
13733,United Kingdom,0.0,410,2,462.71,2010-10-25T12:18:00.000+03:00,12,10,2,0
13358,United Kingdom,0.0,268,1,420.31,2011-03-16T11:52:00.000+03:00,11,3,4,0
13692,United Kingdom,0.0,24,5,2006.8,2011-11-15T11:17:00.000+03:00,11,11,3,0
13249,United Kingdom,0.0,93,3,197.33,2011-09-07T16:27:00.000+03:00,16,9,4,0
16891,United Kingdom,0.0,1,11,1721.64,2011-12-08T11:15:00.000+03:00,11,12,5,0
15727,United Kingdom,0.0,16,15,8709.36,2011-11-23T12:36:00.000+03:00,12,11,4,0
17850,United Kingdom,0.0,372,155,50623.87,2010-12-02T15:27:00.000+03:00,15,12,5,0
13969,United Kingdom,0.0,7,35,11310.92,2011-12-02T15:11:00.000+03:00,15,12,6,1
14466,United Kingdom,0.0,29,13,3950.35,2011-11-10T14:07:00.000+03:00,14,11,5,0
12909,United Kingdom,0.0,39,8,2685.39,2011-10-31T12:43:00.000+03:00,12,10,2,0
16101,United Kingdom,0.0,70,4,3115.96,2011-09-30T10:18:00.000+03:00,10,9,6,1
17725,United Kingdom,0.0,16,11,3198.48,2011-11-23T16:34:00.000+03:00,16,11,4,0
17854,United Kingdom,0.0,185,6,992.23,2011-06-07T16:21:00.000+03:00,16,6,3,0
12439,Cyprus,17.0,682,2,1142.88,2010-01-26T12:11:00.000+03:00,12,1,3,0
17828,Malta,29.0,22,4,1736.12,2011-11-17T08:41:00.000+03:00,8,11,5,0
13869,United Kingdom,0.0,123,10,7956.19,2011-08-08T13:53:00.000+03:00,13,8,2,0
15736,United Kingdom,0.0,435,2,1617.84,2010-09-30T14:20:00.000+03:00,14,9,5,0
13461,United Kingdom,0.0,38,6,934.0,2011-11-01T09:01:00.000+03:00,9,11,3,0
12939,United Kingdom,0.0,334,3,244.08,2011-01-09T11:20:00.000+03:00,11,1,1,0
12767,Korea,28.0,375,1,805.46,2010-11-29T09:38:00.000+03:00,9,11,2,0
14443,United Kingdom,0.0,53,5,2069.05,2011-10-17T10:10:00.000+03:00,10,10,2,0
16684,United Kingdom,0.0,4,26,12938.97,2011-12-05T14:06:00.000+03:00,14,12,2,0
12500,Germany,1.0,23,19,2046.63,2011-11-16T16:20:00.000+03:00,16,11,4,0
16992,United Kingdom,0.0,10,13,5423.7,2011-11-29T11:50:00.000+03:00,11,11,3,0
13785,United Kingdom,0.0,428,4,542.49,2010-10-07T09:25:00.000+03:00,9,10,5,0
18033,United Kingdom,0.0,65,1,71.82,2011-10-05T17:28:00.000+03:00,17,10,4,0
17689,United Kingdom,0.0,388,2,310.78,2010-11-16T13:22:00.000+03:00,13,11,3,0
14385,United Kingdom,0.0,9,3,202.11,2011-11-30T15:36:00.000+03:00,15,11,4,0
13417,United Kingdom,0.0,4,6,1669.49,2011-12-05T08:49:00.000+03:00,8,12,2,0
15914,United Kingdom,0.0,378,2,104.23,2010-11-26T16:10:00.000+03:00,16,11,6,1
14842,United Kingdom,0.0,43,4,2801.29,2011-10-27T12:37:00.000+03:00,12,10,5,0
15399,United Kingdom,0.0,1,3,768.97,2011-12-08T13:04:00.000+03:00,13,12,5,0
14233,United Kingdom,0.0,49,7,2126.47,2011-10-21T15:54:00.000+03:00,15,10,6,1
13971,United Kingdom,0.0,18,14,4450.85,2011-11-21T12:06:00.000+03:00,12,11,2,0
13263,United Kingdom,0.0,1,39,8423.58,2011-12-08T13:59:00.000+03:00,13,12,5,0
16772,United Kingdom,0.0,423,3,2611.8,2010-10-12T13:19:00.000+03:00,13,10,3,0
13496,United Kingdom,0.0,10,2,653.33,2011-11-29T10:58:00.000+03:00,10,11,3,0
14472,United Kingdom,0.0,103,9,2088.0,2011-08-28T11:01:00.000+03:00,11,8,1,0
17460,United Kingdom,0.0,94,16,2157.97,2011-09-06T15:04:00.000+03:00,15,9,3,0
15182,United Kingdom,0.0,154,11,2634.51,2011-07-08T13:37:00.000+03:00,13,7,6,1
15458,United Kingdom,0.0,25,2,351.72,2011-11-14T13:08:00.000+03:00,13,11,2,0
14788,United Kingdom,0.0,7,3,1111.8,2011-12-02T17:06:00.000+03:00,17,12,6,1
14506,United Kingdom,0.0,17,7,2915.25,2011-11-22T13:02:00.000+03:00,13,11,3,0
12360,Austria,12.0,52,8,4137.45,2011-10-18T15:22:00.000+03:00,15,10,3,0
17434,United Kingdom,0.0,2,7,2277.42,2011-12-07T13:16:00.000+03:00,13,12,4,0
18257,United Kingdom,0.0,39,12,4472.15,2011-10-31T14:48:00.000+03:00,14,10,2,0
16868,United Kingdom,0.0,394,3,384.56,2010-11-10T13:17:00.000+03:00,13,11,4,0
17240,United Kingdom,0.0,596,1,100.0,2010-04-22T15:44:00.000+03:00,15,4,5,0
12551,Spain,3.0,357,1,168.0,2010-12-17T11:23:00.000+03:00,11,12,6,1
16996,United Kingdom,0.0,30,9,2001.93,2011-11-09T16:43:00.000+03:00,16,11,4,0
12507,Spain,3.0,134,4,1174.9,2011-07-28T17:09:00.000+03:00,17,7,5,0
12835,United Kingdom,0.0,427,41,5927.23,2010-10-08T10:59:00.000+03:00,10,10,6,1
13423,United Kingdom,0.0,428,1,217.03,2010-10-07T09:02:00.000+03:00,9,10,5,0
14532,United Kingdom,0.0,236,11,3757.88,2011-04-17T13:05:00.000+03:00,13,4,1,0
16017,United Kingdom,0.0,47,5,1545.58,2011-10-23T12:56:00.000+03:00,12,10,1,0
16531,United Kingdom,0.0,22,11,2175.93,2011-11-17T16:29:00.000+03:00,16,11,5,0
17652,United Kingdom,0.0,25,12,4673.32,2011-11-14T12:55:00.000+03:00,12,11,2,0
12362,Belgium,4.0,3,11,5288.79,2011-12-06T15:40:00.000+03:00,15,12,3,0
13003,United Kingdom,0.0,151,2,89.05,2011-07-11T13:06:00.000+03:00,13,7,2,0
13202,United Kingdom,0.0,394,7,1580.3,2010-11-10T16:24:00.000+03:00,16,11,4,0
17406,United Kingdom,0.0,333,12,3788.23,2011-01-10T15:07:00.000+03:00,15,1,2,0
17392,United Kingdom,0.0,306,3,573.92,2011-02-06T12:48:00.000+03:00,12,2,1,0
14770,United Kingdom,0.0,232,8,3498.88,2011-04-21T14:21:00.000+03:00,14,4,5,0
17643,United Kingdom,0.0,373,2,439.7,2010-12-01T14:38:00.000+03:00,14,12,4,0
17314,United Kingdom,0.0,24,17,4311.07,2011-11-15T09:41:00.000+03:00,9,11,3,0
12490,France,2.0,5,21,9068.84,2011-12-04T16:07:00.000+03:00,16,12,1,0
13448,United Kingdom,0.0,16,13,8338.83,2011-11-23T12:33:00.000+03:00,12,11,4,0
15350,United Kingdom,0.0,373,2,547.6,2010-12-01T13:33:00.000+03:00,13,12,4,0
14551,United Kingdom,0.0,18,7,755.59,2011-11-21T13:36:00.000+03:00,13,11,2,0
13219,United Kingdom,0.0,618,1,76.23,2010-03-31T14:18:00.000+03:00,14,3,4,0
17804,United Kingdom,0.0,376,3,383.78,2010-11-28T14:01:00.000+03:00,14,11,1,0
16161,United Kingdom,0.0,1,43,12424.77,2011-12-08T12:10:00.000+03:00,12,12,5,0
18144,United Kingdom,0.0,30,17,2737.71,2011-11-09T09:22:00.000+03:00,9,11,4,0
17243,United Kingdom,0.0,1,69,18054.46,2011-12-08T13:26:00.000+03:00,13,12,5,0
16961,United Kingdom,0.0,116,3,794.56,2011-08-15T13:46:00.000+03:00,13,8,2,0
17685,United Kingdom,0.0,16,12,4001.61,2011-11-23T11:36:00.000+03:00,11,11,4,0
16928,United Kingdom,0.0,80,29,2982.09,2011-09-20T15:10:00.000+03:00,15,9,3,0
13784,United Kingdom,0.0,113,8,756.11,2011-08-18T18:21:00.000+03:00,18,8,5,0
17770,United Kingdom,0.0,198,5,1061.67,2011-05-25T12:34:00.000+03:00,12,5,4,0
17453,United Kingdom,0.0,17,2,486.72,2011-11-22T09:42:00.000+03:00,9,11,3,0
12536,France,2.0,43,3,12494.19,2011-10-27T14:20:00.000+03:00,14,10,5,0
16712,United Kingdom,0.0,9,13,4107.77,2011-11-30T13:48:00.000+03:00,13,11,4,0
15356,United Kingdom,0.0,31,13,3230.87,2011-11-08T13:11:00.000+03:00,13,11,3,0
17873,United Kingdom,0.0,80,17,4342.09,2011-09-20T16:41:00.000+03:00,16,9,3,0
13648,United Kingdom,0.0,400,8,1733.78,2010-11-04T14:46:00.000+03:00,14,11,5,0
16525,United Kingdom,0.0,2,48,10304.56,2011-12-07T15:07:00.000+03:00,15,12,4,0
16571,United Kingdom,0.0,26,10,3834.92,2011-11-13T11:46:00.000+03:00,11,11,1,0
17470,United Kingdom,0.0,44,11,2213.03,2011-10-26T12:42:00.000+03:00,12,10,4,0
17426,United Kingdom,0.0,8,13,7490.29,2011-12-01T18:07:00.000+03:00,18,12,5,0
15420,United Kingdom,0.0,434,6,677.06,2010-10-01T15:46:00.000+03:00,15,10,6,1
14188,United Kingdom,0.0,30,6,1829.66,2011-11-09T12:45:00.000+03:00,12,11,4,0
17043,United Kingdom,0.0,32,8,2314.85,2011-11-07T15:33:00.000+03:00,15,11,2,0
12425,Portugal,5.0,78,2,1504.53,2011-09-22T17:31:00.000+03:00,17,9,5,0
15740,United Kingdom,0.0,49,1,126.8,2011-10-21T14:29:00.000+03:00,14,10,6,1
12943,United Kingdom,0.0,558,2,417.3,2010-05-30T13:52:00.000+03:00,13,5,1,0
17148,United Kingdom,0.0,51,1,124.88,2011-10-19T09:59:00.000+03:00,9,10,4,0
12857,United Kingdom,0.0,210,6,3553.0,2011-05-13T10:20:00.000+03:00,10,5,6,1
13948,United Kingdom,0.0,360,4,548.76,2010-12-14T10:18:00.000+03:00,10,12,3,0
14265,Unspecified,20.0,109,4,1327.63,2011-08-22T13:32:00.000+03:00,13,8,2,0
16255,United Kingdom,0.0,16,15,4323.8,2011-11-23T12:40:00.000+03:00,12,11,4,0
16327,United Kingdom,0.0,14,16,9260.02,2011-11-25T13:23:00.000+03:00,13,11,6,1
15696,United Kingdom,0.0,33,13,3881.22,2011-11-06T14:02:00.000+03:00,14,11,1,0
17863,United Kingdom,0.0,59,12,4854.44,2011-10-11T13:45:00.000+03:00,13,10,3,0
12588,Finland,11.0,39,4,958.78,2011-10-31T15:01:00.000+03:00,15,10,2,0
17968,United Kingdom,0.0,373,4,450.04,2010-12-01T12:23:00.000+03:00,12,12,4,0
14389,United Kingdom,0.0,65,5,1532.49,2011-10-05T15:17:00.000+03:00,15,10,4,0
16652,United Kingdom,0.0,58,14,10383.51,2011-10-12T09:35:00.000+03:00,9,10,4,0
13434,United Kingdom,0.0,74,5,730.62,2011-09-26T14:30:00.000+03:00,14,9,2,0
15138,United Kingdom,0.0,393,1,484.28,2010-11-11T09:16:00.000+03:00,9,11,5,0
15217,United Kingdom,0.0,563,1,426.24,2010-05-25T13:51:00.000+03:00,13,5,3,0
14332,United Kingdom,0.0,22,5,1584.05,2011-11-17T11:54:00.000+03:00,11,11,5,0
13571,United Kingdom,0.0,12,26,4490.84,2011-11-27T10:47:00.000+03:00,10,11,1,0
12840,United Kingdom,0.0,143,7,3775.21,2011-07-19T09:29:00.000+03:00,9,7,3,0
13735,United Kingdom,0.0,24,13,9403.65,2011-11-15T11:14:00.000+03:00,11,11,3,0
15382,United Kingdom,0.0,14,12,12985.95,2011-11-25T10:58:00.000+03:00,10,11,6,1
15122,United Kingdom,0.0,114,11,4311.77,2011-08-17T16:48:00.000+03:00,16,8,4,0
13599,United Kingdom,0.0,1,31,7157.17,2011-12-08T16:10:00.000+03:00,16,12,5,0
17073,United Kingdom,0.0,17,4,1432.17,2011-11-22T11:47:00.000+03:00,11,11,3,0
16836,United Kingdom,0.0,39,4,706.05,2011-10-31T10:05:00.000+03:00,10,10,2,0
13381,United Kingdom,0.0,31,12,7592.33,2011-11-08T11:58:00.000+03:00,11,11,3,0
15796,United Kingdom,0.0,1,17,5171.63,2011-12-08T19:55:00.000+03:00,19,12,5,0
14505,United Kingdom,0.0,17,19,11551.3,2011-11-22T15:45:00.000+03:00,15,11,3,0
13001,United Kingdom,0.0,4,33,16023.57,2011-12-05T14:51:00.000+03:00,14,12,2,0
16566,United Kingdom,0.0,15,5,383.38,2011-11-24T16:34:00.000+03:00,16,11,5,0
14440,United Kingdom,0.0,8,13,5024.43,2011-12-01T15:42:00.000+03:00,15,12,5,0
16104,United Kingdom,0.0,61,9,2754.3,2011-10-09T10:23:00.000+03:00,10,10,1,0
18150,United Kingdom,0.0,32,3,566.58,2011-11-07T16:49:00.000+03:00,16,11,2,0
17848,United Kingdom,0.0,81,29,2864.77,2011-09-19T16:49:00.000+03:00,16,9,2,0
14031,United Kingdom,0.0,7,41,25496.44,2011-12-02T17:13:00.000+03:00,17,12,6,1
15205,United Kingdom,0.0,85,2,624.8,2011-09-15T19:36:00.000+03:00,19,9,5,0
13252,United Kingdom,0.0,394,2,399.3,2010-11-10T16:00:00.000+03:00,16,11,4,0
13772,United Kingdom,0.0,33,8,3100.02,2011-11-06T11:43:00.000+03:00,11,11,1,0
14541,United Kingdom,0.0,58,14,2447.88,2011-10-12T10:08:00.000+03:00,10,10,4,0
13786,United Kingdom,0.0,367,6,2597.59,2010-12-07T13:53:00.000+03:00,13,12,3,0
16518,United Kingdom,0.0,61,4,899.37,2011-10-09T15:04:00.000+03:00,15,10,1,0
12812,Japan,16.0,44,1,229.64,2011-10-26T09:54:00.000+03:00,9,10,4,0
16614,United Kingdom,0.0,182,3,1179.79,2011-06-10T11:36:00.000+03:00,11,6,6,1
12928,United Kingdom,0.0,35,12,3479.55,2011-11-04T14:24:00.000+03:00,14,11,6,1
17320,United Kingdom,0.0,100,6,2327.49,2011-08-31T13:31:00.000+03:00,13,8,4,0
15301,United Kingdom,0.0,50,16,5941.81,2011-10-20T09:57:00.000+03:00,9,10,5,0
12623,Germany,1.0,276,7,3537.92,2011-03-08T13:50:00.000+03:00,13,3,3,0
15179,United Kingdom,0.0,18,12,6241.44,2011-11-21T12:53:00.000+03:00,12,11,2,0
15790,United Kingdom,0.0,10,1,203.63,2011-11-29T14:53:00.000+03:00,14,11,3,0
13168,United Kingdom,0.0,36,5,1759.13,2011-11-03T12:56:00.000+03:00,12,11,5,0
16177,United Kingdom,0.0,50,8,2247.31,2011-10-20T12:57:00.000+03:00,12,10,5,0
15152,United Kingdom,0.0,9,14,5204.43,2011-11-30T12:32:00.000+03:00,12,11,4,0
13150,United Kingdom,0.0,484,3,248.85,2010-08-12T12:59:00.000+03:00,12,8,5,0
15378,United Kingdom,0.0,462,2,246.5,2010-09-03T11:30:00.000+03:00,11,9,6,1
14434,United Kingdom,0.0,21,6,964.8,2011-11-18T08:56:00.000+03:00,8,11,6,1
12414,Austria,12.0,217,6,838.53,2011-05-06T14:51:00.000+03:00,14,5,6,1
13874,United Kingdom,0.0,358,7,1396.35,2010-12-16T18:20:00.000+03:00,18,12,5,0
13856,United Kingdom,0.0,168,11,638.27,2011-06-24T10:03:00.000+03:00,10,6,6,1
16275,United Kingdom,0.0,196,3,1955.75,2011-05-27T12:41:00.000+03:00,12,5,6,1
13476,United Kingdom,0.0,178,5,1990.07,2011-06-14T12:00:00.000+03:00,12,6,3,0
18235,United Kingdom,0.0,71,3,1640.28,2011-09-29T08:27:00.000+03:00,8,9,5,0
15059,United Kingdom,0.0,40,19,3459.88,2011-10-30T11:35:00.000+03:00,11,10,1,0
17019,United Kingdom,0.0,11,11,3492.01,2011-11-28T13:06:00.000+03:00,13,11,2,0
16279,United Kingdom,0.0,21,9,5498.38,2011-11-18T15:00:00.000+03:00,15,11,6,1
14293,United Kingdom,0.0,3,9,2674.41,2011-12-06T15:17:00.000+03:00,15,12,3,0
12749,United Kingdom,0.0,3,9,6839.46,2011-12-06T09:56:00.000+03:00,9,12,3,0
13410,United Kingdom,0.0,24,7,977.42,2011-11-15T15:33:00.000+03:00,15,11,3,0
13014,United Kingdom,0.0,10,11,5281.72,2011-11-29T12:27:00.000+03:00,12,11,3,0
13610,United Kingdom,0.0,12,14,2103.71,2011-11-27T15:38:00.000+03:00,15,11,1,0
16221,United Kingdom,0.0,36,9,1899.44,2011-11-03T11:43:00.000+03:00,11,11,5,0
14823,United Kingdom,0.0,180,3,321.43,2011-06-12T13:12:00.000+03:00,13,6,1,0
13006,United Kingdom,0.0,56,1,81.57,2011-10-14T13:49:00.000+03:00,13,10,6,1
17389,United Kingdom,0.0,0,50,14175.45,2011-12-09T09:38:00.000+03:00,9,12,6,1
13031,United Kingdom,0.0,407,5,3226.96,2010-10-28T15:34:00.000+03:00,15,10,5,0
14141,United Kingdom,0.0,2,4,915.13,2011-12-07T09:53:00.000+03:00,9,12,4,0
15455,United Kingdom,0.0,597,1,38.25,2010-04-21T12:43:00.000+03:00,12,4,4,0
15589,United Kingdom,0.0,255,3,478.53,2011-03-29T09:54:00.000+03:00,9,3,3,0
17016,United Kingdom,0.0,576,1,539.8,2010-05-12T12:32:00.000+03:00,12,5,4,0
15795,United Kingdom,0.0,149,8,1959.11,2011-07-13T10:43:00.000+03:00,10,7,4,0
17334,United Kingdom,0.0,302,3,520.55,2011-02-10T14:59:00.000+03:00,14,2,5,0
14035,United Kingdom,0.0,28,9,1968.11,2011-11-11T10:03:00.000+03:00,10,11,6,1
15151,United Kingdom,0.0,423,2,1976.41,2010-10-12T16:37:00.000+03:00,16,10,3,0
14329,United Kingdom,0.0,17,15,9683.98,2011-11-22T15:50:00.000+03:00,15,11,3,0
17279,United Kingdom,0.0,57,1,111.33,2011-10-13T11:58:00.000+03:00,11,10,5,0
13897,United Kingdom,0.0,50,3,1132.88,2011-10-20T14:30:00.000+03:00,14,10,5,0
18059,United Kingdom,0.0,23,3,306.46,2011-11-16T16:49:00.000+03:00,16,11,4,0
17851,United Kingdom,0.0,422,6,1488.0,2010-10-13T15:13:00.000+03:00,15,10,4,0
12839,United Kingdom,0.0,2,26,9145.31,2011-12-07T12:33:00.000+03:00,12,12,4,0
13491,United Kingdom,0.0,51,27,4366.38,2011-10-19T08:32:00.000+03:00,8,10,4,0
13924,United Kingdom,0.0,1,6,1698.75,2011-12-08T09:39:00.000+03:00,9,12,5,0
16348,United Kingdom,0.0,32,8,1630.94,2011-11-07T15:44:00.000+03:00,15,11,2,0
14688,United Kingdom,0.0,7,27,5269.34,2011-12-02T12:24:00.000+03:00,12,12,6,1
13541,United Kingdom,0.0,427,2,500.25,2010-10-08T16:37:00.000+03:00,16,10,6,1
17444,Canada,23.0,147,3,2556.58,2011-07-15T12:05:00.000+03:00,12,7,6,1
17009,United Kingdom,0.0,551,1,47.49,2010-06-06T16:01:00.000+03:00,16,6,1,0
18065,United Kingdom,0.0,5,29,5411.23,2011-12-04T10:30:00.000+03:00,10,12,1,0
15259,United Kingdom,0.0,512,4,1172.3,2010-07-15T08:47:00.000+03:00,8,7,5,0
16762,United Kingdom,0.0,19,3,1207.24,2011-11-20T11:43:00.000+03:00,11,11,1,0
17522,United Kingdom,0.0,1,5,710.71,2011-12-08T12:31:00.000+03:00,12,12,5,0
15202,United Kingdom,0.0,420,3,6001.49,2010-10-15T13:05:00.000+03:00,13,10,6,1
16103,United Kingdom,0.0,7,22,5288.91,2011-12-02T14:16:00.000+03:00,14,12,6,1
17473,United Kingdom,0.0,408,2,607.0,2010-10-27T11:45:00.000+03:00,11,10,4,0
15015,United Kingdom,0.0,501,13,2329.77,2010-07-26T13:50:00.000+03:00,13,7,2,0
13026,United Kingdom,0.0,1,7,920.32,2011-12-08T16:58:00.000+03:00,16,12,5,0
13549,United Kingdom,0.0,25,8,985.0,2011-11-14T09:20:00.000+03:00,9,11,2,0
17740,United Kingdom,0.0,430,3,148.5,2010-10-05T08:27:00.000+03:00,8,10,3,0
13474,United Kingdom,0.0,236,3,646.59,2011-04-17T13:53:00.000+03:00,13,4,1,0
12428,Finland,11.0,25,9,7583.08,2011-11-14T08:22:00.000+03:00,8,11,2,0
13395,United Kingdom,0.0,185,3,960.25,2011-06-07T15:04:00.000+03:00,15,6,3,0
14176,United Kingdom,0.0,297,5,756.46,2011-02-15T13:12:00.000+03:00,13,2,3,0
12424,Australia,10.0,162,4,1812.75,2011-06-30T12:06:00.000+03:00,12,6,5,0
13579,United Kingdom,0.0,14,5,1278.82,2011-11-25T08:41:00.000+03:00,8,11,6,1
16796,United Kingdom,0.0,89,1,305.62,2011-09-11T14:01:00.000+03:00,14,9,1,0
13285,United Kingdom,0.0,23,6,3334.35,2011-11-16T13:19:00.000+03:00,13,11,4,0
14104,United Kingdom,0.0,154,5,689.29,2011-07-08T12:50:00.000+03:00,12,7,6,1
16670,United Kingdom,0.0,16,20,7876.61,2011-11-23T09:34:00.000+03:00,9,11,4,0
18215,United Kingdom,0.0,89,5,2206.09,2011-09-11T16:05:00.000+03:00,16,9,1,0
16771,United Kingdom,0.0,33,9,3748.92,2011-11-06T13:28:00.000+03:00,13,11,1,0
16791,United Kingdom,0.0,29,15,3896.19,2011-11-10T19:12:00.000+03:00,19,11,5,0
13408,United Kingdom,0.0,1,92,19011.65,2011-12-08T09:05:00.000+03:00,9,12,5,0
16726,United Kingdom,0.0,26,7,2053.44,2011-11-13T14:53:00.000+03:00,14,11,1,0
17134,United Kingdom,0.0,106,3,625.3,2011-08-25T09:53:00.000+03:00,9,8,5,0
15329,United Kingdom,0.0,39,11,2958.83,2011-10-31T15:36:00.000+03:00,15,10,2,0
12969,United Kingdom,0.0,602,1,122.45,2010-04-16T10:50:00.000+03:00,10,4,6,1
15561,United Kingdom,0.0,11,8,1652.51,2011-11-28T11:07:00.000+03:00,11,11,2,0
16003,United Kingdom,0.0,29,10,5453.39,2011-11-10T09:57:00.000+03:00,9,11,5,0
16918,United Kingdom,0.0,49,16,3143.54,2011-10-21T12:50:00.000+03:00,12,10,6,1
14840,United Kingdom,0.0,267,2,362.71,2011-03-17T12:00:00.000+03:00,12,3,5,0
15535,United Kingdom,0.0,173,6,1044.37,2011-06-19T16:02:00.000+03:00,16,6,1,0
13862,United Kingdom,0.0,18,9,2529.69,2011-11-21T16:24:00.000+03:00,16,11,2,0
13878,United Kingdom,0.0,54,4,2321.38,2011-10-16T12:19:00.000+03:00,12,10,1,0
17615,United Kingdom,0.0,130,6,633.0,2011-08-01T14:06:00.000+03:00,14,8,2,0
15365,United Kingdom,0.0,25,13,4557.13,2011-11-14T08:29:00.000+03:00,8,11,2,0
13302,United Kingdom,0.0,155,2,159.2,2011-07-07T17:56:00.000+03:00,17,7,5,0
14116,United Kingdom,0.0,19,5,1309.94,2011-11-20T10:29:00.000+03:00,10,11,1,0
18109,United Kingdom,0.0,1,38,8482.91,2011-12-08T11:36:00.000+03:00,11,12,5,0
16066,United Kingdom,0.0,16,5,1316.44,2011-11-23T11:54:00.000+03:00,11,11,4,0
15068,United Kingdom,0.0,46,4,1124.14,2011-10-24T14:47:00.000+03:00,14,10,2,0
16709,United Kingdom,0.0,84,14,8349.67,2011-09-16T10:56:00.000+03:00,10,9,6,1
12982,United Kingdom,0.0,242,8,2674.79,2011-04-11T11:51:00.000+03:00,11,4,2,0
14882,United Kingdom,0.0,26,11,1511.65,2011-11-13T12:47:00.000+03:00,12,11,1,0
17133,United Kingdom,0.0,15,5,52.38,2011-11-24T12:24:00.000+03:00,12,11,5,0
13190,United Kingdom,0.0,544,3,403.45,2010-06-13T15:47:00.000+03:00,15,6,1,0
12644,Germany,1.0,129,4,1904.45,2011-08-02T10:33:00.000+03:00,10,8,3,0
16705,United Kingdom,0.0,0,38,20265.39,2011-12-09T12:08:00.000+03:00,12,12,6,1
16942,United Kingdom,0.0,12,9,1904.99,2011-11-27T12:40:00.000+03:00,12,11,1,0
14619,United Kingdom,0.0,245,2,1203.24,2011-04-08T07:37:00.000+03:00,7,4,6,1
13030,United Kingdom,0.0,11,2,752.44,2011-11-28T14:30:00.000+03:00,14,11,2,0
16191,United Kingdom,0.0,2,21,4817.38,2011-12-07T11:26:00.000+03:00,11,12,4,0
16839,United Kingdom,0.0,8,44,10282.09,2011-12-01T09:03:00.000+03:00,9,12,5,0
12431,Australia,10.0,64,19,5564.49,2011-10-06T09:32:00.000+03:00,9,10,5,0
16634,United Kingdom,0.0,222,6,1498.25,2011-05-01T12:09:00.000+03:00,12,5,1,0
14961,United Kingdom,0.0,10,21,14500.4,2011-11-29T09:42:00.000+03:00,9,11,3,0
18062,United Kingdom,0.0,173,6,1348.75,2011-06-19T14:47:00.000+03:00,14,6,1,0
16539,United Kingdom,0.0,2,10,3289.66,2011-12-07T08:41:00.000+03:00,8,12,4,0
17576,United Kingdom,0.0,8,41,8461.57,2011-12-01T17:56:00.000+03:00,17,12,5,0
14051,United Kingdom,0.0,0,37,17542.66,2011-12-09T10:20:00.000+03:00,10,12,6,1
15756,United Kingdom,0.0,61,4,528.01,2011-10-09T13:30:00.000+03:00,13,10,1,0
17164,United Kingdom,0.0,32,7,2467.35,2011-11-07T09:14:00.000+03:00,9,11,2,0
17031,United Kingdom,0.0,11,4,603.95,2011-11-28T10:23:00.000+03:00,10,11,2,0
17882,United Kingdom,0.0,379,2,291.56,2010-11-25T14:40:00.000+03:00,14,11,5,0
14867,United Kingdom,0.0,185,16,2905.66,2011-06-07T11:39:00.000+03:00,11,6,3,0
16284,United Kingdom,0.0,31,3,990.64,2011-11-08T16:12:00.000+03:00,16,11,3,0
17462,United Kingdom,0.0,60,2,675.69,2011-10-10T13:56:00.000+03:00,13,10,2,0
14829,United Kingdom,0.0,29,7,1381.43,2011-11-10T16:16:00.000+03:00,16,11,5,0
17104,United Kingdom,0.0,423,1,474.03,2010-10-12T12:21:00.000+03:00,12,10,3,0
16713,United Kingdom,0.0,18,32,11799.46,2011-11-21T12:36:00.000+03:00,12,11,2,0
12841,United Kingdom,0.0,4,40,5933.18,2011-12-05T11:13:00.000+03:00,11,12,2,0
14108,United Kingdom,0.0,30,4,937.56,2011-11-09T10:41:00.000+03:00,10,11,4,0
14001,United Kingdom,0.0,45,9,2650.17,2011-10-25T10:31:00.000+03:00,10,10,3,0
12471,Germany,1.0,2,78,29714.77,2011-12-07T15:43:00.000+03:00,15,12,4,0
15348,United Kingdom,0.0,72,1,158.04,2011-09-28T13:17:00.000+03:00,13,9,4,0
17730,United Kingdom,0.0,3,19,5935.9,2011-12-06T15:43:00.000+03:00,15,12,3,0
13827,United Kingdom,0.0,57,3,409.8,2011-10-13T12:38:00.000+03:00,12,10,5,0
14751,United Kingdom,0.0,684,2,126.45,2010-01-24T13:37:00.000+03:00,13,1,1,0
15483,United Kingdom,0.0,161,10,772.82,2011-07-01T13:07:00.000+03:00,13,7,6,1
17241,United Kingdom,0.0,385,12,2736.64,2010-11-19T13:01:00.000+03:00,13,11,6,1
13894,United Kingdom,0.0,23,2,443.3,2011-11-16T09:43:00.000+03:00,9,11,4,0
12482,Sweden,8.0,597,15,2754.68,2010-04-21T10:34:00.000+03:00,10,4,4,0
15186,United Kingdom,0.0,14,5,1177.72,2011-11-25T14:58:00.000+03:00,14,11,6,1
14676,United Kingdom,0.0,31,9,1950.99,2011-11-08T13:29:00.000+03:00,13,11,3,0
16042,United Kingdom,0.0,22,8,2158.2,2011-11-17T17:50:00.000+03:00,17,11,5,0
18177,United Kingdom,0.0,31,9,1994.92,2011-11-08T14:44:00.000+03:00,14,11,3,0
16549,United Kingdom,0.0,10,34,12679.8,2011-11-29T15:06:00.000+03:00,15,11,3,0
14502,United Kingdom,0.0,19,11,2429.83,2011-11-20T11:50:00.000+03:00,11,11,1,0
18002,United Kingdom,0.0,375,4,244.37,2010-11-29T10:57:00.000+03:00,10,11,2,0
15271,United Kingdom,0.0,7,24,4515.94,2011-12-02T14:11:00.000+03:00,14,12,6,1
16354,United Kingdom,0.0,63,5,1084.9,2011-10-07T14:28:00.000+03:00,14,10,6,1
17999,United Kingdom,0.0,37,3,528.46,2011-11-02T15:56:00.000+03:00,15,11,4,0
13037,United Kingdom,0.0,138,12,3828.61,2011-07-24T15:46:00.000+03:00,15,7,1,0
12972,United Kingdom,0.0,413,4,1105.52,2010-10-22T08:41:00.000+03:00,8,10,6,1
17409,United Kingdom,0.0,184,10,2531.95,2011-06-08T10:36:00.000+03:00,10,6,4,0
15078,United Kingdom,0.0,7,53,16797.23,2011-12-02T15:41:00.000+03:00,15,12,6,1
16767,United Kingdom,0.0,30,14,5568.85,2011-11-09T09:42:00.000+03:00,9,11,4,0
13624,United Kingdom,0.0,388,1,291.62,2010-11-16T13:43:00.000+03:00,13,11,3,0
13720,United Kingdom,0.0,116,4,720.7,2011-08-15T12:46:00.000+03:00,12,8,2,0
12649,Germany,1.0,107,7,2035.99,2011-08-24T14:41:00.000+03:00,14,8,4,0
16493,United Kingdom,0.0,79,7,1461.12,2011-09-21T11:10:00.000+03:00,11,9,4,0
13867,United Kingdom,0.0,31,3,1005.09,2011-11-08T15:48:00.000+03:00,15,11,3,0
15502,United Kingdom,0.0,15,14,10234.56,2011-11-24T12:48:00.000+03:00,12,11,5,0
16699,United Kingdom,0.0,380,7,944.14,2010-11-24T14:38:00.000+03:00,14,11,4,0
15652,United Kingdom,0.0,91,5,1225.94,2011-09-09T14:22:00.000+03:00,14,9,6,1
15611,United Kingdom,0.0,9,26,2610.64,2011-11-30T12:36:00.000+03:00,12,11,4,0
14052,United Kingdom,0.0,19,2,466.66,2011-11-20T12:30:00.000+03:00,12,11,1,0
16618,United Kingdom,0.0,31,5,2052.63,2011-11-08T13:52:00.000+03:00,13,11,3,0
14139,United Kingdom,0.0,46,4,949.76,2011-10-24T13:34:00.000+03:00,13,10,2,0
17404,Sweden,8.0,25,16,2264.48,2011-11-14T08:22:00.000+03:00,8,11,2,0
17350,United Kingdom,0.0,8,7,1661.38,2011-12-01T15:47:00.000+03:00,15,12,5,0
17422,United Kingdom,0.0,16,11,3099.16,2011-11-23T13:27:00.000+03:00,13,11,4,0
12626,Germany,1.0,23,9,6246.04,2011-11-16T16:06:00.000+03:00,16,11,4,0
16155,United Kingdom,0.0,381,5,796.9,2010-11-23T12:03:00.000+03:00,12,11,3,0
17865,United Kingdom,0.0,30,45,21885.44,2011-11-09T12:08:00.000+03:00,12,11,4,0
18087,United Kingdom,0.0,98,13,2987.96,2011-09-02T15:12:00.000+03:00,15,9,6,1
13292,United Kingdom,0.0,38,5,964.27,2011-11-01T10:04:00.000+03:00,10,11,3,0
16606,United Kingdom,0.0,404,2,357.66,2010-10-31T13:57:00.000+03:00,13,10,1,0
15237,United Kingdom,0.0,1,4,1405.48,2011-12-08T09:46:00.000+03:00,9,12,5,0
13991,United Kingdom,0.0,12,6,721.84,2011-11-27T16:18:00.000+03:00,16,11,1,0
16626,United Kingdom,0.0,0,17,3512.74,2011-12-09T11:56:00.000+03:00,11,12,6,1
16841,United Kingdom,0.0,36,12,3738.34,2011-11-03T11:51:00.000+03:00,11,11,5,0
15847,United Kingdom,0.0,38,5,762.09,2011-11-01T14:41:00.000+03:00,14,11,3,0
14068,United Kingdom,0.0,320,4,1495.92,2011-01-23T16:02:00.000+03:00,16,1,1,0
12600,Germany,1.0,28,21,4560.8,2011-11-11T10:29:00.000+03:00,10,11,6,1
16004,United Kingdom,0.0,474,5,2086.89,2010-08-22T11:48:00.000+03:00,11,8,1,0
14159,United Kingdom,0.0,19,20,7461.68,2011-11-20T12:36:00.000+03:00,12,11,1,0
17894,United Kingdom,0.0,71,18,2304.58,2011-09-29T09:23:00.000+03:00,9,9,5,0
16934,United Kingdom,0.0,54,6,2076.84,2011-10-16T12:40:00.000+03:00,12,10,1,0
12451,Switzerland,7.0,10,8,9750.6,2011-11-29T08:40:00.000+03:00,8,11,3,0
14397,United Kingdom,0.0,2,17,1296.92,2011-12-07T09:22:00.000+03:00,9,12,4,0
16473,United Kingdom,0.0,164,4,470.83,2011-06-28T09:10:00.000+03:00,9,6,3,0
13965,United Kingdom,0.0,476,3,894.85,2010-08-20T10:40:00.000+03:00,10,8,6,1
17227,United Kingdom,0.0,18,12,849.94,2011-11-21T10:51:00.000+03:00,10,11,2,0
15485,United Kingdom,0.0,30,7,3768.66,2011-11-09T14:31:00.000+03:00,14,11,4,0
17735,United Kingdom,0.0,2,26,15976.45,2011-12-07T16:47:00.000+03:00,16,12,4,0
12399,Belgium,4.0,119,7,1413.84,2011-08-12T13:15:00.000+03:00,13,8,6,1
13098,United Kingdom,0.0,1,27,12990.48,2011-12-08T14:14:00.000+03:00,14,12,5,0
13613,United Kingdom,0.0,452,5,1039.85,2010-09-13T12:01:00.000+03:00,12,9,2,0
15932,United Kingdom,0.0,4,8,1703.11,2011-12-05T17:13:00.000+03:00,17,12,2,0
13904,United Kingdom,0.0,37,2,332.64,2011-11-02T13:41:00.000+03:00,13,11,4,0
13632,United Kingdom,0.0,24,8,3558.45,2011-11-15T10:51:00.000+03:00,10,11,3,0
16200,United Kingdom,0.0,4,12,5273.42,2011-12-05T14:40:00.000+03:00,14,12,2,0
15884,United Kingdom,0.0,432,2,96.7,2010-10-03T15:55:00.000+03:00,15,10,1,0
14792,United Kingdom,0.0,63,1,6.2,2011-10-07T09:19:00.000+03:00,9,10,6,1
17512,United Kingdom,0.0,51,14,3158.06,2011-10-19T15:26:00.000+03:00,15,10,4,0
12940,United Kingdom,0.0,54,2,890.57,2011-10-16T12:09:00.000+03:00,12,10,1,0
15103,United Kingdom,0.0,31,2,703.36,2011-11-08T14:53:00.000+03:00,14,11,3,0
14608,United Kingdom,0.0,4,9,1768.85,2011-12-05T16:52:00.000+03:00,16,12,2,0
17635,United Kingdom,0.0,424,3,1230.3,2010-10-11T15:12:00.000+03:00,15,10,2,0
12633,Germany,1.0,58,7,5093.62,2011-10-12T11:40:00.000+03:00,11,10,4,0
15021,United Kingdom,0.0,8,12,2500.59,2011-12-01T11:53:00.000+03:00,11,12,5,0
17809,United Kingdom,0.0,16,11,2896.53,2011-11-23T12:52:00.000+03:00,12,11,4,0
14431,United Kingdom,0.0,302,4,1979.76,2011-02-10T10:40:00.000+03:00,10,2,5,0
12716,France,2.0,3,2,1039.81,2011-12-06T08:55:00.000+03:00,8,12,3,0
14587,United Kingdom,0.0,18,9,1572.73,2011-11-21T11:34:00.000+03:00,11,11,2,0
17994,United Kingdom,0.0,121,11,2021.15,2011-08-10T11:41:00.000+03:00,11,8,4,0
15566,United Kingdom,0.0,392,2,213.37,2010-11-12T12:11:00.000+03:00,12,11,6,1
18229,United Kingdom,0.0,11,26,7549.71,2011-11-28T09:48:00.000+03:00,9,11,2,0
12723,France,2.0,3,5,711.03,2011-12-06T10:19:00.000+03:00,10,12,3,0
17921,United Kingdom,0.0,64,10,2394.36,2011-10-06T18:56:00.000+03:00,18,10,5,0
12422,Switzerland,7.0,168,9,2349.3,2011-06-24T13:20:00.000+03:00,13,6,6,1
12971,United Kingdom,0.0,3,108,8594.91,2011-12-06T12:20:00.000+03:00,12,12,3,0
15441,United Kingdom,0.0,396,3,1179.97,2010-11-08T15:50:00.000+03:00,15,11,2,0
12579,France,2.0,78,1,440.42,2011-09-22T17:15:00.000+03:00,17,9,5,0
18226,United Kingdom,0.0,44,26,10123.98,2011-10-26T13:36:00.000+03:00,13,10,4,0
13282,United Kingdom,0.0,18,4,1313.19,2011-11-21T15:33:00.000+03:00,15,11,2,0
14636,United Kingdom,0.0,36,2,609.85,2011-11-03T16:12:00.000+03:00,16,11,5,0
15781,United Kingdom,0.0,25,3,345.46,2011-11-14T14:57:00.000+03:00,14,11,2,0
13428,United Kingdom,0.0,10,3,478.54,2011-11-29T14:20:00.000+03:00,14,11,3,0
16135,United Kingdom,0.0,262,2,819.45,2011-03-22T12:30:00.000+03:00,12,3,3,0
14202,United Kingdom,0.0,381,3,847.76,2010-11-23T17:13:00.000+03:00,17,11,3,0
16320,Unspecified,20.0,172,6,5300.19,2011-06-20T15:25:00.000+03:00,15,6,2,0
17706,United Kingdom,0.0,4,31,18732.31,2011-12-05T13:34:00.000+03:00,13,12,2,0
14364,United Kingdom,0.0,108,8,1401.55,2011-08-23T11:01:00.000+03:00,11,8,3,0
13022,Belgium,4.0,429,1,65.3,2010-10-06T10:50:00.000+03:00,10,10,4,0
16913,United Kingdom,0.0,290,2,116.23,2011-02-22T12:56:00.000+03:00,12,2,3,0
14543,United Kingdom,0.0,28,38,10167.57,2011-11-11T12:45:00.000+03:00,12,11,6,1
17149,United Kingdom,0.0,451,1,143.1,2010-09-14T14:56:00.000+03:00,14,9,3,0
17869,United Kingdom,0.0,107,7,708.46,2011-08-24T16:16:00.000+03:00,16,8,4,0
13241,United Kingdom,0.0,411,1,112.53,2010-10-24T11:17:00.000+03:00,11,10,1,0
16656,United Kingdom,0.0,22,26,2680.13,2011-11-17T14:43:00.000+03:00,14,11,5,0
16335,United Kingdom,0.0,551,7,2753.52,2010-06-06T11:35:00.000+03:00,11,6,1,0
15164,United Kingdom,0.0,68,9,2028.11,2011-10-02T12:05:00.000+03:00,12,10,1,0
13993,United Kingdom,0.0,42,19,6571.71,2011-10-28T09:06:00.000+03:00,9,10,6,1
16869,United Kingdom,0.0,22,4,756.34,2011-11-17T12:02:00.000+03:00,12,11,5,0
17802,United Kingdom,0.0,82,10,4525.58,2011-09-18T14:56:00.000+03:00,14,9,1,0
16798,United Kingdom,0.0,554,3,841.16,2010-06-03T19:01:00.000+03:00,19,6,5,0
17450,United Kingdom,0.0,10,13,6441.26,2011-11-29T09:56:00.000+03:00,9,11,3,0
17786,United Kingdom,0.0,85,2,251.73,2011-09-15T12:51:00.000+03:00,12,9,5,0
13519,United Kingdom,0.0,78,2,343.21,2011-09-22T18:24:00.000+03:00,18,9,5,0
13806,United Kingdom,0.0,63,1,256.38,2011-10-07T11:43:00.000+03:00,11,10,6,1
12365,Cyprus,17.0,291,2,641.38,2011-02-21T14:04:00.000+03:00,14,2,2,0
16485,United Kingdom,0.0,77,5,2090.47,2011-09-23T15:50:00.000+03:00,15,9,6,1
18118,United Kingdom,0.0,10,29,6027.9,2011-11-29T11:32:00.000+03:00,11,11,3,0
16447,United Kingdom,0.0,135,3,633.5,2011-07-27T12:45:00.000+03:00,12,7,4,0
15002,United Kingdom,0.0,115,9,3958.38,2011-08-16T10:44:00.000+03:00,10,8,3,0
14180,United Kingdom,0.0,10,33,6117.5,2011-11-29T10:56:00.000+03:00,10,11,3,0
17521,United Kingdom,0.0,29,5,1259.34,2011-11-10T11:22:00.000+03:00,11,11,5,0
13141,United Kingdom,0.0,84,17,7002.02,2011-09-16T09:54:00.000+03:00,9,9,6,1
15194,United Kingdom,0.0,3,28,9078.81,2011-12-06T15:10:00.000+03:00,15,12,3,0
17448,United Kingdom,0.0,497,46,14265.19,2010-07-30T14:07:00.000+03:00,14,7,6,1
17287,United Kingdom,0.0,26,21,3699.35,2011-11-13T13:27:00.000+03:00,13,11,1,0
13764,United Kingdom,0.0,70,6,2865.02,2011-09-30T12:03:00.000+03:00,12,9,6,1
17720,United Kingdom,0.0,26,10,2389.99,2011-11-13T15:04:00.000+03:00,15,11,1,0
14507,United Kingdom,0.0,40,10,2979.14,2011-10-30T13:18:00.000+03:00,13,10,1,0
15272,United Kingdom,0.0,57,6,2014.57,2011-10-13T12:59:00.000+03:00,12,10,5,0
16160,United Kingdom,0.0,65,1,173.1,2011-10-05T14:19:00.000+03:00,14,10,4,0
14889,United Kingdom,0.0,336,1,135.9,2011-01-07T15:19:00.000+03:00,15,1,6,1
14198,United Kingdom,0.0,18,9,1488.13,2011-11-21T16:35:00.000+03:00,16,11,2,0
12433,Norway,13.0,0,10,10910.86,2011-12-09T10:02:00.000+03:00,10,12,6,1
17063,United Kingdom,0.0,21,13,3539.89,2011-11-18T16:19:00.000+03:00,16,11,6,1
16768,United Kingdom,0.0,47,9,1434.97,2011-10-23T10:38:00.000+03:00,10,10,1,0
16946,United Kingdom,0.0,383,5,1222.04,2010-11-21T14:06:00.000+03:00,14,11,1,0
17920,United Kingdom,0.0,4,54,14791.44,2011-12-05T14:29:00.000+03:00,14,12,2,0
15494,United Kingdom,0.0,21,5,3196.14,2011-11-18T14:51:00.000+03:00,14,11,6,1
14755,United Kingdom,0.0,9,25,9791.59,2011-11-30T11:24:00.000+03:00,11,11,4,0
12615,France,2.0,2,8,5296.66,2011-12-07T15:02:00.000+03:00,15,12,4,0
14013,United Kingdom,0.0,110,5,1047.13,2011-08-21T15:01:00.000+03:00,15,8,1,0
15792,United Kingdom,0.0,399,2,919.92,2010-11-05T08:21:00.000+03:00,8,11,6,1
16770,United Kingdom,0.0,57,9,1778.93,2011-10-13T12:21:00.000+03:00,12,10,5,0
17829,United Arab Emirates,25.0,298,4,3891.02,2011-02-14T12:46:00.000+03:00,12,2,2,0
17418,United Kingdom,0.0,42,3,629.74,2011-10-28T13:00:00.000+03:00,13,10,6,1
12396,RSA,30.0,674,1,931.43,2010-02-03T13:22:00.000+03:00,13,2,4,0
13492,Switzerland,7.0,136,3,1269.84,2011-07-26T14:25:00.000+03:00,14,7,3,0
15280,United Kingdom,0.0,172,3,330.02,2011-06-20T17:14:00.000+03:00,17,6,2,0
14774,United Kingdom,0.0,528,1,241.45,2010-06-29T12:26:00.000+03:00,12,6,3,0
15332,Lithuania,35.0,369,5,4253.08,2010-12-05T12:02:00.000+03:00,12,12,1,0
17603,United Kingdom,0.0,78,4,1774.94,2011-09-22T14:18:00.000+03:00,14,9,5,0
15426,United Kingdom,0.0,19,9,2156.35,2011-11-20T15:36:00.000+03:00,15,11,1,0
14056,United Kingdom,0.0,1,23,8105.91,2011-12-08T13:36:00.000+03:00,13,12,5,0
17001,United Kingdom,0.0,0,19,5676.56,2011-12-09T09:38:00.000+03:00,9,12,6,1
12673,Germany,1.0,5,3,1164.32,2011-12-04T13:55:00.000+03:00,13,12,1,0
17315,United Kingdom,0.0,1,43,8377.49,2011-12-08T12:15:00.000+03:00,12,12,5,0
16775,United Kingdom,0.0,10,16,2739.24,2011-11-29T15:22:00.000+03:00,15,11,3,0
18219,United Kingdom,0.0,2,17,3251.9,2011-12-07T11:43:00.000+03:00,11,12,4,0
14538,United Kingdom,0.0,64,5,1370.84,2011-10-06T10:31:00.000+03:00,10,10,5,0
15984,United Kingdom,0.0,2,25,5806.28,2011-12-07T12:16:00.000+03:00,12,12,4,0
14426,United Kingdom,0.0,23,17,10451.94,2011-11-16T12:25:00.000+03:00,12,11,4,0
13430,United Kingdom,0.0,18,2,642.25,2011-11-21T08:19:00.000+03:00,8,11,2,0
12655,France,2.0,423,1,261.35,2010-10-12T09:17:00.000+03:00,9,10,3,0
15618,United Kingdom,0.0,32,4,776.85,2011-11-07T08:34:00.000+03:00,8,11,2,0
12787,Netherlands,6.0,9,4,799.78,2011-11-30T08:44:00.000+03:00,8,11,4,0
12724,France,2.0,5,7,2185.76,2011-12-04T16:02:00.000+03:00,16,12,1,0
14317,United Kingdom,0.0,64,1,508.58,2011-10-06T10:44:00.000+03:00,10,10,5,0
14597,United Kingdom,0.0,11,5,809.41,2011-11-28T13:13:00.000+03:00,13,11,2,0
17837,United Kingdom,0.0,42,8,1541.23,2011-10-28T16:13:00.000+03:00,16,10,6,1
13094,United Kingdom,0.0,205,3,252.0,2011-05-18T11:08:00.000+03:00,11,5,4,0
16421,United Kingdom,0.0,376,3,526.27,2010-11-28T13:31:00.000+03:00,13,11,1,0
16434,United Kingdom,0.0,29,12,2460.81,2011-11-10T14:28:00.000+03:00,14,11,5,0
16027,United Kingdom,0.0,137,9,635.0,2011-07-25T13:16:00.000+03:00,13,7,2,0
16711,United Kingdom,0.0,3,7,1087.64,2011-12-06T16:32:00.000+03:00,16,12,3,0
14820,United Kingdom,0.0,21,9,1205.64,2011-11-18T15:41:00.000+03:00,15,11,6,1
12357,Switzerland,7.0,33,3,9200.24,2011-11-06T16:07:00.000+03:00,16,11,1,0
13102,United Kingdom,0.0,1,37,10267.58,2011-12-08T12:52:00.000+03:00,12,12,5,0
13510,United Kingdom,0.0,1,10,4424.85,2011-12-08T13:46:00.000+03:00,13,12,5,0
15990,United Kingdom,0.0,44,7,1829.15,2011-10-26T15:58:00.000+03:00,15,10,4,0
17564,United Kingdom,0.0,24,3,454.01,2011-11-15T13:27:00.000+03:00,13,11,3,0
15319,United Kingdom,0.0,283,1,204.5,2011-03-01T12:48:00.000+03:00,12,3,3,0
15519,United Kingdom,0.0,383,2,344.61,2010-11-21T14:35:00.000+03:00,14,11,1,0
15831,United Kingdom,0.0,58,3,466.97,2011-10-12T13:14:00.000+03:00,13,10,4,0
14965,United Kingdom,0.0,96,2,596.09,2011-09-04T13:20:00.000+03:00,13,9,1,0
16029,United Kingdom,0.0,65,44,14553.02,2011-10-05T12:42:00.000+03:00,12,10,4,0
14962,United Kingdom,0.0,270,4,296.71,2011-03-14T09:42:00.000+03:00,9,3,2,0
12866,Belgium,4.0,283,3,1221.05,2011-03-01T14:11:00.000+03:00,14,3,3,0
14367,United Kingdom,0.0,8,16,8444.74,2011-12-01T13:19:00.000+03:00,13,12,5,0
13816,Germany,1.0,23,2,548.27,2011-11-16T08:38:00.000+03:00,8,11,4,0
12371,Switzerland,7.0,44,5,3926.68,2011-10-26T10:16:00.000+03:00,10,10,4,0
14725,United Kingdom,0.0,24,4,992.34,2011-11-15T12:42:00.000+03:00,12,11,3,0
13883,United Kingdom,0.0,10,15,6037.9,2011-11-29T10:45:00.000+03:00,10,11,3,0
17166,United Kingdom,0.0,38,2,206.34,2011-11-01T09:46:00.000+03:00,9,11,3,0
14994,United Kingdom,0.0,382,5,946.72,2010-11-22T12:59:00.000+03:00,12,11,2,0
14904,United Kingdom,0.0,2,4,1075.97,2011-12-07T12:55:00.000+03:00,12,12,4,0
17834,United Kingdom,0.0,414,2,477.87,2010-10-21T12:09:00.000+03:00,12,10,5,0
14311,United Kingdom,0.0,242,2,502.41,2011-04-11T10:14:00.000+03:00,10,4,2,0
14452,United Kingdom,0.0,10,4,658.95,2011-11-29T12:06:00.000+03:00,12,11,3,0
14004,United Kingdom,0.0,43,11,5282.11,2011-10-27T14:40:00.000+03:00,14,10,5,0
13665,United Kingdom,0.0,386,3,1537.4,2010-11-18T13:06:00.000+03:00,13,11,5,0
15886,United Kingdom,0.0,60,4,773.31,2011-10-10T14:25:00.000+03:00,14,10,2,0
14077,United Kingdom,0.0,40,6,521.6,2011-10-30T12:35:00.000+03:00,12,10,1,0
13090,United Kingdom,0.0,8,21,8285.34,2011-12-01T12:39:00.000+03:00,12,12,5,0
15912,United Kingdom,0.0,178,9,791.02,2011-06-14T14:29:00.000+03:00,14,6,3,0
15376,United Kingdom,0.0,40,3,1221.56,2011-10-30T15:04:00.000+03:00,15,10,1,0
14354,United Kingdom,0.0,5,2,126.18,2011-12-04T11:32:00.000+03:00,11,12,1,0
18231,United Kingdom,0.0,192,27,5716.63,2011-05-31T14:18:00.000+03:00,14,5,3,0
17438,United Kingdom,0.0,253,5,1377.41,2011-03-31T10:26:00.000+03:00,10,3,5,0
17394,United Kingdom,0.0,219,1,48.35,2011-05-04T13:22:00.000+03:00,13,5,4,0
15111,United Kingdom,0.0,29,5,2411.17,2011-11-10T16:58:00.000+03:00,16,11,5,0
18039,United Kingdom,0.0,374,4,474.72,2010-11-30T13:07:00.000+03:00,13,11,3,0
13576,United Kingdom,0.0,10,27,4284.23,2011-11-29T15:34:00.000+03:00,15,11,3,0
16458,United Kingdom,0.0,2,30,5626.45,2011-12-07T09:34:00.000+03:00,9,12,4,0
12782,Portugal,5.0,4,11,4556.44,2011-12-05T09:16:00.000+03:00,9,12,2,0
18055,United Kingdom,0.0,7,14,9851.54,2011-12-02T14:25:00.000+03:00,14,12,6,1
15529,United Kingdom,0.0,22,12,4561.54,2011-11-17T11:29:00.000+03:00,11,11,5,0
16650,United Kingdom,0.0,71,7,1753.63,2011-09-29T09:51:00.000+03:00,9,9,5,0
17978,United Kingdom,0.0,365,4,624.31,2010-12-09T14:05:00.000+03:00,14,12,5,0
12581,Germany,1.0,39,1,197.71,2011-10-31T08:56:00.000+03:00,8,10,2,0
16109,United Kingdom,0.0,218,3,454.92,2011-05-05T09:17:00.000+03:00,9,5,5,0
12789,Netherlands,6.0,65,3,273.35,2011-10-05T13:34:00.000+03:00,13,10,4,0
12647,Germany,1.0,22,35,13132.4,2011-11-17T12:56:00.000+03:00,12,11,5,0
13214,United Kingdom,0.0,417,7,3124.37,2010-10-18T10:00:00.000+03:00,10,10,2,0
15860,United Kingdom,0.0,40,17,2287.14,2011-10-30T11:25:00.000+03:00,11,10,1,0
14229,United Kingdom,0.0,51,7,2040.44,2011-10-19T10:04:00.000+03:00,10,10,4,0
17722,United Kingdom,0.0,96,5,2824.34,2011-09-04T15:22:00.000+03:00,15,9,1,0
16086,United Kingdom,0.0,59,10,2457.97,2011-10-11T13:09:00.000+03:00,13,10,3,0
14150,United Kingdom,0.0,35,2,584.74,2011-11-04T10:05:00.000+03:00,10,11,6,1
14102,United Kingdom,0.0,5,5,595.88,2011-12-04T15:38:00.000+03:00,15,12,1,0
14673,United Kingdom,0.0,3,7,2635.56,2011-12-06T14:31:00.000+03:00,14,12,3,0
14316,United Kingdom,0.0,422,5,276.54,2010-10-13T16:31:00.000+03:00,16,10,4,0
15380,United Kingdom,0.0,8,8,1744.1,2011-12-01T12:13:00.000+03:00,12,12,5,0
15039,United Kingdom,0.0,9,92,32864.26,2011-11-30T11:31:00.000+03:00,11,11,4,0
14439,Greece,22.0,319,5,8380.86,2011-01-24T11:39:00.000+03:00,11,1,2,0
12803,Netherlands,6.0,393,1,949.41,2010-11-11T14:57:00.000+03:00,14,11,5,0
14323,United Kingdom,0.0,114,2,605.06,2011-08-17T11:37:00.000+03:00,11,8,4,0
18064,United Kingdom,0.0,133,8,1503.69,2011-07-29T16:39:00.000+03:00,16,7,6,1
13715,United Kingdom,0.0,281,17,7249.92,2011-03-03T19:21:00.000+03:00,19,3,5,0
14407,United Kingdom,0.0,107,6,1349.73,2011-08-24T14:02:00.000+03:00,14,8,4,0
13385,United Kingdom,0.0,329,1,534.57,2011-01-14T09:52:00.000+03:00,9,1,6,1
17089,United Kingdom,0.0,386,1,128.45,2010-11-18T15:33:00.000+03:00,15,11,5,0
13238,United Kingdom,0.0,23,5,902.63,2011-11-16T16:26:00.000+03:00,16,11,4,0
17880,United Kingdom,0.0,364,3,801.52,2010-12-10T10:21:00.000+03:00,10,12,6,1
12855,United Kingdom,0.0,372,4,612.84,2010-12-02T09:37:00.000+03:00,9,12,5,0
13736,United Kingdom,0.0,5,7,2752.47,2011-12-04T15:19:00.000+03:00,15,12,1,0
14612,United Kingdom,0.0,415,1,877.7,2010-10-20T16:01:00.000+03:00,16,10,4,0
14696,United Kingdom,0.0,4,8,2306.72,2011-12-05T13:43:00.000+03:00,13,12,2,0
16296,United Kingdom,0.0,626,4,1313.67,2010-03-23T13:11:00.000+03:00,13,3,3,0
16310,United Kingdom,0.0,414,2,460.08,2010-10-21T14:47:00.000+03:00,14,10,5,0
14285,United Kingdom,0.0,21,8,2178.14,2011-11-18T14:50:00.000+03:00,14,11,6,1
14096,United Kingdom,0.0,4,17,61295.62,2011-12-05T17:17:00.000+03:00,17,12,2,0
18112,United Kingdom,0.0,12,4,695.84,2011-11-27T14:43:00.000+03:00,14,11,1,0
14825,United Kingdom,0.0,3,24,4560.84,2011-12-06T11:38:00.000+03:00,11,12,3,0
12517,Germany,1.0,28,5,2481.6,2011-11-11T14:04:00.000+03:00,14,11,6,1
13890,United Kingdom,0.0,1,14,2927.38,2011-12-08T15:36:00.000+03:00,15,12,5,0
15044,United Kingdom,0.0,19,35,15768.67,2011-11-20T13:20:00.000+03:00,13,11,1,0
14560,United Kingdom,0.0,16,39,4644.39,2011-11-23T09:35:00.000+03:00,9,11,4,0
12877,United Kingdom,0.0,3,20,2900.5,2011-12-06T10:30:00.000+03:00,10,12,3,0
16422,United Kingdom,0.0,17,74,8194.41,2011-11-22T14:00:00.000+03:00,14,11,3,0
12935,United Kingdom,0.0,2,15,4070.16,2011-12-07T17:25:00.000+03:00,17,12,4,0
17503,United Kingdom,0.0,2,2,548.81,2011-12-07T09:18:00.000+03:00,9,12,4,0
15745,United Kingdom,0.0,19,4,1094.59,2011-11-20T13:45:00.000+03:00,13,11,1,0
12475,Germany,1.0,53,2,1089.9,2011-10-17T10:10:00.000+03:00,10,10,2,0
14284,United Kingdom,0.0,30,3,1299.65,2011-11-09T08:11:00.000+03:00,8,11,4,0
18205,United Kingdom,0.0,36,2,517.36,2011-11-03T13:22:00.000+03:00,13,11,5,0
12484,Spain,3.0,32,12,5993.14,2011-11-07T11:37:00.000+03:00,11,11,2,0
13748,United Kingdom,0.0,95,8,1187.15,2011-09-05T09:45:00.000+03:00,9,9,2,0
16019,United Kingdom,0.0,46,27,12308.24,2011-10-24T11:51:00.000+03:00,11,10,2,0
12876,Belgium,4.0,57,4,2976.83,2011-10-13T12:26:00.000+03:00,12,10,5,0
13136,United Kingdom,0.0,56,13,6220.92,2011-10-14T13:41:00.000+03:00,13,10,6,1
17705,United Kingdom,0.0,3,11,2028.22,2011-12-06T13:45:00.000+03:00,13,12,3,0
16357,United Kingdom,0.0,33,4,868.37,2011-11-06T16:04:00.000+03:00,16,11,1,0
14796,United Kingdom,0.0,1,27,9615.11,2011-12-08T15:31:00.000+03:00,15,12,5,0
15555,United Kingdom,0.0,12,36,10701.79,2011-11-27T16:19:00.000+03:00,16,11,1,0
12733,USA,18.0,234,4,2340.27,2011-04-19T16:19:00.000+03:00,16,4,3,0
13536,United Kingdom,0.0,1,7,2773.96,2011-12-08T16:38:00.000+03:00,16,12,5,0
18102,United Kingdom,0.0,1,27,10068.07,2011-12-08T18:25:00.000+03:00,18,12,5,0
14628,United Kingdom,0.0,91,5,1933.2,2011-09-09T14:58:00.000+03:00,14,9,6,1
14722,United Kingdom,0.0,147,3,489.52,2011-07-15T14:58:00.000+03:00,14,7,6,1
14167,United Kingdom,0.0,39,8,1274.29,2011-10-31T14:29:00.000+03:00,14,10,2,0
15859,United Kingdom,0.0,432,1,438.46,2010-10-03T12:52:00.000+03:00,12,10,1,0
14275,United Kingdom,0.0,395,5,237.98,2010-11-09T09:06:00.000+03:00,9,11,3,0
13239,United Kingdom,0.0,261,5,1534.07,2011-03-23T10:25:00.000+03:00,10,3,4,0
13649,United Kingdom,0.0,256,6,1433.52,2011-03-28T11:51:00.000+03:00,11,3,2,0
14309,United Kingdom,0.0,8,11,3328.77,2011-12-01T13:33:00.000+03:00,13,12,5,0
13051,United Kingdom,0.0,578,1,80.8,2010-05-10T09:14:00.000+03:00,9,5,2,0
14079,United Kingdom,0.0,124,2,432.73,2011-08-07T12:10:00.000+03:00,12,8,1,0
12573,France,2.0,227,5,641.45,2011-04-26T15:52:00.000+03:00,15,4,3,0
17210,United Kingdom,0.0,392,1,244.16,2010-11-12T12:15:00.000+03:00,12,11,6,1
17147,United Kingdom,0.0,22,9,3121.23,2011-11-17T12:32:00.000+03:00,12,11,5,0
14498,United Kingdom,0.0,42,10,3528.11,2011-10-28T12:09:00.000+03:00,12,10,6,1
16523,United Kingdom,0.0,1,28,9692.65,2011-12-08T09:06:00.000+03:00,9,12,5,0
16153,United Kingdom,0.0,49,11,3980.71,2011-10-21T10:50:00.000+03:00,10,10,6,1
13359,United Kingdom,0.0,63,2,1043.31,2011-10-07T09:30:00.000+03:00,9,10,6,1
14901,United Kingdom,0.0,11,12,1868.12,2011-11-28T17:09:00.000+03:00,17,11,2,0
14615,United Kingdom,0.0,394,5,951.76,2010-11-10T13:36:00.000+03:00,13,11,4,0
17700,United Kingdom,0.0,16,14,5717.21,2011-11-23T11:51:00.000+03:00,11,11,4,0
13042,United Kingdom,0.0,598,3,1457.39,2010-04-20T13:43:00.000+03:00,13,4,3,0
14890,United Kingdom,0.0,253,3,810.95,2011-03-31T11:57:00.000+03:00,11,3,5,0
16425,United Kingdom,0.0,302,1,302.7,2011-02-10T14:30:00.000+03:00,14,2,5,0
12711,Germany,1.0,611,2,1233.45,2010-04-07T11:59:00.000+03:00,11,4,4,0
17961,United Kingdom,0.0,21,100,2821.38,2011-11-18T16:55:00.000+03:00,16,11,6,1
16112,United Kingdom,0.0,143,2,100.7,2011-07-19T14:28:00.000+03:00,14,7,3,0
16750,United Kingdom,0.0,44,5,623.93,2011-10-26T12:48:00.000+03:00,12,10,4,0
14127,United Kingdom,0.0,122,6,1900.08,2011-08-09T10:49:00.000+03:00,10,8,3,0
13018,United Kingdom,0.0,16,35,9384.68,2011-11-23T13:28:00.000+03:00,13,11,4,0
16209,United Kingdom,0.0,88,7,1159.68,2011-09-12T11:58:00.000+03:00,11,9,2,0
16592,United Kingdom,0.0,4,28,7434.01,2011-12-05T13:49:00.000+03:00,13,12,2,0
17300,United Kingdom,0.0,390,2,232.44,2010-11-14T10:56:00.000+03:00,10,11,1,0
17917,United Kingdom,0.0,45,3,335.03,2011-10-25T13:20:00.000+03:00,13,10,3,0
15812,United Kingdom,0.0,107,11,1510.75,2011-08-24T14:19:00.000+03:00,14,8,4,0
13822,United Kingdom,0.0,5,2,504.1,2011-12-04T12:13:00.000+03:00,12,12,1,0
17651,United Kingdom,0.0,11,16,5432.9,2011-11-28T10:29:00.000+03:00,10,11,2,0
14292,United Kingdom,0.0,7,15,4582.81,2011-12-02T11:50:00.000+03:00,11,12,6,1
16833,United Kingdom,0.0,1,6,2312.44,2011-12-08T14:39:00.000+03:00,14,12,5,0
16145,United Kingdom,0.0,8,19,6301.26,2011-12-01T10:33:00.000+03:00,10,12,5,0
13534,United Kingdom,0.0,2,35,7662.4,2011-12-07T14:52:00.000+03:00,14,12,4,0
17323,United Kingdom,0.0,15,12,1551.04,2011-11-24T17:29:00.000+03:00,17,11,5,0
13999,United Kingdom,0.0,10,29,8817.82,2011-11-29T13:40:00.000+03:00,13,11,3,0
15580,United Kingdom,0.0,376,8,1375.39,2010-11-28T11:00:00.000+03:00,11,11,1,0
14221,United Kingdom,0.0,42,17,6277.73,2011-10-28T13:42:00.000+03:00,13,10,6,1
15622,United Kingdom,0.0,43,17,7743.37,2011-10-27T16:44:00.000+03:00,16,10,5,0
16469,United Kingdom,0.0,23,5,803.9,2011-11-16T12:25:00.000+03:00,12,11,4,0
15445,United Kingdom,0.0,264,2,284.5,2011-03-20T15:06:00.000+03:00,15,3,1,0
17432,United Kingdom,0.0,18,9,1728.99,2011-11-21T17:33:00.000+03:00,17,11,2,0
12685,France,2.0,28,6,2849.4,2011-11-11T13:46:00.000+03:00,13,11,6,1
14186,United Kingdom,0.0,427,5,1460.99,2010-10-08T13:30:00.000+03:00,13,10,6,1
14524,United Kingdom,0.0,31,13,2902.3,2011-11-08T12:29:00.000+03:00,12,11,3,0
16817,United Kingdom,0.0,2,13,2471.06,2011-12-07T11:03:00.000+03:00,11,12,4,0
15815,United Kingdom,0.0,63,3,602.58,2011-10-07T12:42:00.000+03:00,12,10,6,1
12354,Spain,3.0,232,1,916.84,2011-04-21T13:11:00.000+03:00,13,4,5,0
14097,United Kingdom,0.0,481,2,422.86,2010-08-15T14:20:00.000+03:00,14,8,1,0
17071,United Kingdom,0.0,28,13,3565.87,2011-11-11T16:31:00.000+03:00,16,11,6,1
16748,United Kingdom,0.0,17,14,3637.33,2011-11-22T10:17:00.000+03:00,10,11,3,0
14454,United Kingdom,0.0,376,5,885.5,2010-11-28T13:26:00.000+03:00,13,11,1,0
13542,United Kingdom,0.0,376,17,3959.49,2010-11-28T11:24:00.000+03:00,11,11,1,0
17371,United Kingdom,0.0,17,6,617.87,2011-11-22T13:30:00.000+03:00,13,11,3,0
16660,United Kingdom,0.0,16,5,436.27,2011-11-23T14:53:00.000+03:00,14,11,4,0
15761,United Kingdom,0.0,442,1,143.05,2010-09-23T09:33:00.000+03:00,9,9,5,0
17913,United Kingdom,0.0,58,14,3375.93,2011-10-12T10:45:00.000+03:00,10,10,4,0
16197,United Kingdom,0.0,469,9,1841.51,2010-08-27T12:56:00.000+03:00,12,8,6,1
12760,Netherlands,6.0,455,1,347.8,2010-09-10T08:50:00.000+03:00,8,9,6,1
13019,United Kingdom,0.0,379,6,1229.95,2010-11-25T14:56:00.000+03:00,14,11,5,0
17428,United Kingdom,0.0,0,42,17427.58,2011-12-09T09:45:00.000+03:00,9,12,6,1
12468,Germany,1.0,187,5,2995.38,2011-06-05T11:36:00.000+03:00,11,6,1,0
14264,United Kingdom,0.0,154,6,1475.76,2011-07-08T10:20:00.000+03:00,10,7,6,1
14111,United Kingdom,0.0,14,3,78.3,2011-11-25T13:44:00.000+03:00,13,11,6,1
16199,United Kingdom,0.0,392,7,546.75,2010-11-12T12:55:00.000+03:00,12,11,6,1
12802,Netherlands,6.0,186,7,2248.1,2011-06-06T09:36:00.000+03:00,9,6,2,0
13157,United Kingdom,0.0,49,9,4777.94,2011-10-21T13:50:00.000+03:00,13,10,6,1
14315,United Kingdom,0.0,44,8,3004.62,2011-10-26T12:06:00.000+03:00,12,10,4,0
15957,United Kingdom,0.0,31,3,921.25,2011-11-08T12:14:00.000+03:00,12,11,3,0
16006,United Kingdom,0.0,211,2,332.82,2011-05-12T13:12:00.000+03:00,13,5,5,0
14193,United Kingdom,0.0,67,3,1125.75,2011-10-03T09:34:00.000+03:00,9,10,2,0
16907,United Kingdom,0.0,29,9,1470.89,2011-11-10T18:04:00.000+03:00,18,11,5,0
12901,United Kingdom,0.0,10,15,1315.35,2011-11-29T14:08:00.000+03:00,14,11,3,0
15351,United Kingdom,0.0,12,10,3349.1,2011-11-27T12:52:00.000+03:00,12,11,1,0
13447,United Kingdom,0.0,23,3,1129.14,2011-11-16T13:38:00.000+03:00,13,11,4,0
12591,Italy,9.0,317,3,1338.95,2011-01-26T14:35:00.000+03:00,14,1,4,0
13092,United Kingdom,0.0,70,12,2131.96,2011-09-30T11:18:00.000+03:00,11,9,6,1
14401,United Kingdom,0.0,4,22,5484.18,2011-12-05T13:30:00.000+03:00,13,12,2,0
18248,United Kingdom,0.0,122,2,783.14,2011-08-09T10:19:00.000+03:00,10,8,3,0
12853,United Kingdom,0.0,134,11,3534.3,2011-07-28T11:29:00.000+03:00,11,7,5,0
16322,United Kingdom,0.0,1,2,326.75,2011-12-08T15:41:00.000+03:00,15,12,5,0
14592,United Kingdom,0.0,35,3,557.94,2011-11-04T16:35:00.000+03:00,16,11,6,1
17508,Greece,22.0,280,8,3642.39,2011-03-04T08:10:00.000+03:00,8,3,6,1
14025,United Kingdom,0.0,464,8,3210.34,2010-09-01T10:11:00.000+03:00,10,9,4,0
16844,United Kingdom,0.0,562,2,614.34,2010-05-26T10:29:00.000+03:00,10,5,4,0
17368,United Kingdom,0.0,23,12,1288.59,2011-11-16T15:26:00.000+03:00,15,11,4,0
14344,United Kingdom,0.0,127,19,2801.95,2011-08-04T13:51:00.000+03:00,13,8,5,0
14865,United Kingdom,0.0,7,2,43.08,2011-12-02T16:25:00.000+03:00,16,12,6,1
17988,United Kingdom,0.0,11,14,489.54,2011-11-28T11:00:00.000+03:00,11,11,2,0
13956,United Kingdom,0.0,5,5,955.14,2011-12-04T13:20:00.000+03:00,13,12,1,0
17483,United Kingdom,0.0,65,4,591.73,2011-10-05T13:10:00.000+03:00,13,10,4,0
15150,United Kingdom,0.0,17,13,8692.94,2011-11-22T12:52:00.000+03:00,12,11,3,0
17677,United Kingdom,0.0,1,47,10910.38,2011-12-08T09:56:00.000+03:00,9,12,5,0
16401,United Kingdom,0.0,1,22,4366.87,2011-12-08T18:15:00.000+03:00,18,12,5,0
17242,United Kingdom,0.0,108,5,2234.94,2011-08-23T14:55:00.000+03:00,14,8,3,0
13643,United Kingdom,0.0,31,10,2156.77,2011-11-08T15:37:00.000+03:00,15,11,3,0
12842,United Kingdom,0.0,70,4,1129.51,2011-09-30T15:33:00.000+03:00,15,9,6,1
12456,Switzerland,7.0,44,3,2839.44,2011-10-26T14:41:00.000+03:00,14,10,4,0
17113,United Kingdom,0.0,574,6,2282.19,2010-05-14T13:59:00.000+03:00,13,5,6,1
17119,United Kingdom,0.0,3,2,588.19,2011-12-06T14:40:00.000+03:00,14,12,3,0
16164,United Kingdom,0.0,17,3,718.44,2011-11-22T15:04:00.000+03:00,15,11,3,0
13690,United Kingdom,0.0,59,1,172.25,2011-10-11T15:03:00.000+03:00,15,10,3,0
12879,United Kingdom,0.0,44,3,220.66,2011-10-26T12:24:00.000+03:00,12,10,4,0
13517,United Kingdom,0.0,59,3,2080.54,2011-10-11T11:43:00.000+03:00,11,10,3,0
15719,United Kingdom,0.0,32,31,10134.77,2011-11-07T12:29:00.000+03:00,12,11,2,0
18194,United Kingdom,0.0,541,2,521.4,2010-06-16T14:47:00.000+03:00,14,6,4,0
17238,United Kingdom,0.0,2,32,7284.21,2011-12-07T11:35:00.000+03:00,11,12,4,0
12682,France,2.0,3,52,21185.26,2011-12-06T10:00:00.000+03:00,10,12,3,0
12816,Poland,19.0,95,2,572.2,2011-09-05T12:41:00.000+03:00,12,9,2,0
15022,United Kingdom,0.0,11,5,955.12,2011-11-28T12:35:00.000+03:00,12,11,2,0
16114,United Kingdom,0.0,170,1,135.75,2011-06-22T10:13:00.000+03:00,10,6,4,0
18260,United Kingdom,0.0,172,23,8594.74,2011-06-20T12:37:00.000+03:00,12,6,2,0
15128,United Kingdom,0.0,60,5,1657.32,2011-10-10T13:54:00.000+03:00,13,10,2,0
13004,United Kingdom,0.0,11,36,11462.65,2011-11-28T11:27:00.000+03:00,11,11,2,0
12530,Germany,1.0,59,9,2884.24,2011-10-11T12:34:00.000+03:00,12,10,3,0
16916,United Kingdom,0.0,23,4,875.74,2011-11-16T12:08:00.000+03:00,12,11,4,0
13729,United Kingdom,0.0,435,3,698.33,2010-09-30T10:44:00.000+03:00,10,9,5,0
14661,United Kingdom,0.0,26,1,107.95,2011-11-13T11:51:00.000+03:00,11,11,1,0
13297,United Kingdom,0.0,7,7,2576.32,2011-12-02T09:32:00.000+03:00,9,12,6,1
17886,United Kingdom,0.0,31,6,1261.45,2011-11-08T10:09:00.000+03:00,10,11,3,0
16373,United Kingdom,0.0,382,2,309.49,2010-11-22T15:50:00.000+03:00,15,11,2,0
17800,United Kingdom,0.0,37,9,1004.81,2011-11-02T12:57:00.000+03:00,12,11,4,0
13133,United Kingdom,0.0,273,3,200.45,2011-03-11T10:31:00.000+03:00,10,3,6,1
15291,United Kingdom,0.0,25,33,8915.86,2011-11-14T11:02:00.000+03:00,11,11,2,0
17062,United Kingdom,0.0,313,6,882.91,2011-01-30T11:01:00.000+03:00,11,1,1,0
16270,United Kingdom,0.0,353,1,953.74,2010-12-21T14:26:00.000+03:00,14,12,3,0
16141,United Kingdom,0.0,88,2,955.94,2011-09-12T13:11:00.000+03:00,13,9,2,0
14204,United Kingdom,0.0,2,4,1018.53,2011-12-07T13:38:00.000+03:00,13,12,4,0
17861,United Kingdom,0.0,3,18,4639.51,2011-12-06T16:21:00.000+03:00,16,12,3,0
17435,United Kingdom,0.0,411,1,249.75,2010-10-24T13:55:00.000+03:00,13,10,1,0
16657,United Kingdom,0.0,9,4,794.21,2011-11-30T11:48:00.000+03:00,11,11,4,0
16043,United Kingdom,0.0,37,7,1533.79,2011-11-02T12:50:00.000+03:00,12,11,4,0
16096,United Kingdom,0.0,264,4,1584.97,2011-03-20T13:38:00.000+03:00,13,3,1,0
14940,United Kingdom,0.0,417,2,508.09,2010-10-18T10:47:00.000+03:00,10,10,2,0
14232,United Kingdom,0.0,42,5,1676.31,2011-10-28T11:09:00.000+03:00,11,10,6,1
15304,United Kingdom,0.0,60,9,796.4,2011-10-10T10:23:00.000+03:00,10,10,2,0
15369,United Kingdom,0.0,492,3,708.8,2010-08-04T13:54:00.000+03:00,13,8,4,0
17451,United Kingdom,0.0,1,7,1658.7,2011-12-08T15:02:00.000+03:00,15,12,5,0
14944,United Kingdom,0.0,29,19,7938.27,2011-11-10T09:10:00.000+03:00,9,11,5,0
16576,United Kingdom,0.0,420,2,540.87,2010-10-15T13:37:00.000+03:00,13,10,6,1
17883,United Kingdom,0.0,3,7,988.42,2011-12-06T17:49:00.000+03:00,17,12,3,0
12678,France,2.0,42,20,4525.92,2011-10-28T07:39:00.000+03:00,7,10,6,1
13595,United Kingdom,0.0,516,3,784.48,2010-07-11T12:36:00.000+03:00,12,7,1,0
13590,United Kingdom,0.0,11,18,5115.64,2011-11-28T12:54:00.000+03:00,12,11,2,0
13659,United Kingdom,0.0,205,12,4708.28,2011-05-18T12:37:00.000+03:00,12,5,4,0
12800,Portugal,5.0,470,3,584.25,2010-08-26T14:11:00.000+03:00,14,8,5,0
14414,United Kingdom,0.0,91,8,1855.97,2011-09-09T12:09:00.000+03:00,12,9,6,1
17888,United Kingdom,0.0,59,23,1506.44,2011-10-11T12:36:00.000+03:00,12,10,3,0
14958,United Kingdom,0.0,147,6,941.99,2011-07-15T14:20:00.000+03:00,14,7,6,1
13672,United Kingdom,0.0,301,3,419.92,2011-02-11T13:53:00.000+03:00,13,2,6,1
13995,United Kingdom,0.0,15,14,3867.87,2011-11-24T14:22:00.000+03:00,14,11,5,0
17613,United Kingdom,0.0,22,14,4354.47,2011-11-17T10:51:00.000+03:00,10,11,5,0
13820,United Kingdom,0.0,418,3,652.75,2010-10-17T13:46:00.000+03:00,13,10,1,0
16075,United Kingdom,0.0,502,2,736.93,2010-07-25T11:31:00.000+03:00,11,7,1,0
15808,United Kingdom,0.0,306,21,15301.47,2011-02-06T14:33:00.000+03:00,14,2,1,0
16548,United Kingdom,0.0,599,1,30.15,2010-04-19T16:15:00.000+03:00,16,4,2,0
13952,United Kingdom,0.0,217,14,10347.88,2011-05-06T09:00:00.000+03:00,9,5,6,1
14911,EIRE,21.0,1,395,240107.79,2011-12-08T15:54:00.000+03:00,15,12,5,0
18120,United Kingdom,0.0,214,1,111.15,2011-05-09T13:45:00.000+03:00,13,5,2,0
14651,United Kingdom,0.0,67,9,1847.32,2011-10-03T15:52:00.000+03:00,15,10,2,0
15208,United Kingdom,0.0,1,6,970.52,2011-12-08T17:24:00.000+03:00,17,12,5,0
16912,United Kingdom,0.0,28,15,4381.91,2011-11-11T12:18:00.000+03:00,12,11,6,1
16156,United Kingdom,0.0,8,19,5742.26,2011-12-01T12:42:00.000+03:00,12,12,5,0
17365,United Kingdom,0.0,12,15,7060.04,2011-11-27T12:13:00.000+03:00,12,11,1,0
17807,United Kingdom,0.0,395,3,407.27,2010-11-09T16:21:00.000+03:00,16,11,3,0
16099,United Kingdom,0.0,50,7,1305.6,2011-10-20T13:13:00.000+03:00,13,10,5,0
15569,United Kingdom,0.0,131,7,493.57,2011-07-31T10:38:00.000+03:00,10,7,1,0
14894,United Kingdom,0.0,85,3,1411.21,2011-09-15T13:51:00.000+03:00,13,9,5,0
13717,United Kingdom,0.0,32,8,1524.34,2011-11-07T14:13:00.000+03:00,14,11,2,0
13767,United Kingdom,0.0,2,72,22210.03,2011-12-07T15:00:00.000+03:00,15,12,4,0
17358,United Kingdom,0.0,303,5,861.01,2011-02-09T16:57:00.000+03:00,16,2,4,0
13802,United Kingdom,0.0,138,19,10247.83,2011-07-24T10:54:00.000+03:00,10,7,1,0
17931,United Kingdom,0.0,134,14,2593.9,2011-07-28T18:33:00.000+03:00,18,7,5,0
16707,United Kingdom,0.0,400,4,513.25,2010-11-04T14:39:00.000+03:00,14,11,5,0
16572,United Kingdom,0.0,127,3,1009.6,2011-08-04T16:34:00.000+03:00,16,8,5,0
18225,United Kingdom,0.0,3,26,10030.74,2011-12-06T13:27:00.000+03:00,13,12,3,0
14512,United Kingdom,0.0,187,7,1112.29,2011-06-05T12:39:00.000+03:00,12,6,1,0
12910,United Kingdom,0.0,23,13,3685.82,2011-11-16T14:28:00.000+03:00,14,11,4,0
16638,United Kingdom,0.0,22,15,2218.01,2011-11-17T11:09:00.000+03:00,11,11,5,0
12643,France,2.0,128,9,572.28,2011-08-03T12:56:00.000+03:00,12,8,4,0
14496,United Kingdom,0.0,311,7,2057.65,2011-02-01T09:01:00.000+03:00,9,2,3,0
15898,United Kingdom,0.0,1,25,4531.56,2011-12-08T15:23:00.000+03:00,15,12,5,0
14579,United Kingdom,0.0,432,1,105.56,2010-10-03T14:36:00.000+03:00,14,10,1,0
14276,United Kingdom,0.0,98,7,2102.68,2011-09-02T09:45:00.000+03:00,9,9,6,1
12747,United Kingdom,0.0,2,26,7058.58,2011-12-07T14:34:00.000+03:00,14,12,4,0
14544,United Kingdom,0.0,24,3,2093.47,2011-11-15T15:06:00.000+03:00,15,11,3,0
17954,United Kingdom,0.0,5,19,3621.02,2011-12-04T14:15:00.000+03:00,14,12,1,0
17372,United Kingdom,0.0,40,28,4315.39,2011-10-30T11:37:00.000+03:00,11,10,1,0
18085,United Kingdom,0.0,330,4,1341.85,2011-01-13T15:17:00.000+03:00,15,1,5,0
17115,United Kingdom,0.0,8,7,2701.73,2011-12-01T14:30:00.000+03:00,14,12,5,0
13295,United Kingdom,0.0,359,4,1078.57,2010-12-15T11:21:00.000+03:00,11,12,4,0
17609,United Kingdom,0.0,40,11,1740.96,2011-10-30T12:28:00.000+03:00,12,10,1,0
16287,United Kingdom,0.0,169,5,599.82,2011-06-23T09:08:00.000+03:00,9,6,5,0
13220,United Kingdom,0.0,78,5,1336.09,2011-09-22T13:38:00.000+03:00,13,9,5,0
16187,United Kingdom,0.0,31,15,5722.96,2011-11-08T09:50:00.000+03:00,9,11,3,0
13761,United Kingdom,0.0,50,6,1952.17,2011-10-20T14:01:00.000+03:00,14,10,5,0
14174,United Kingdom,0.0,33,1,134.46,2011-11-06T13:17:00.000+03:00,13,11,1,0
17511,United Kingdom,0.0,2,52,34393.87,2011-12-07T10:12:00.000+03:00,10,12,4,0
13266,United Kingdom,0.0,11,18,4132.3,2011-11-28T14:39:00.000+03:00,14,11,2,0
17419,United Kingdom,0.0,11,18,6058.65,2011-11-28T13:47:00.000+03:00,13,11,2,0
13617,United Kingdom,0.0,40,8,1249.11,2011-10-30T13:50:00.000+03:00,13,10,1,0
14970,United Kingdom,0.0,68,12,4324.35,2011-10-02T13:44:00.000+03:00,13,10,1,0
14314,United Kingdom,0.0,106,2,203.28,2011-08-25T10:39:00.000+03:00,10,8,5,0
13564,United Kingdom,0.0,144,37,16253.17,2011-07-18T14:33:00.000+03:00,14,7,2,0
15647,United Kingdom,0.0,415,1,169.0,2010-10-20T15:09:00.000+03:00,15,10,4,0
14555,United Kingdom,0.0,57,6,2141.55,2011-10-13T16:24:00.000+03:00,16,10,5,0
17048,United Kingdom,0.0,117,7,1832.16,2011-08-14T11:49:00.000+03:00,11,8,1,0
14584,United Kingdom,0.0,169,8,1738.16,2011-06-23T18:33:00.000+03:00,18,6,5,0
17504,United Kingdom,0.0,206,18,6734.63,2011-05-17T12:59:00.000+03:00,12,5,3,0
12567,France,2.0,22,15,11560.08,2011-11-17T11:02:00.000+03:00,11,11,5,0
17341,United Kingdom,0.0,156,5,1109.97,2011-07-06T12:33:00.000+03:00,12,7,4,0
12994,United Kingdom,0.0,4,3,974.42,2011-12-05T15:43:00.000+03:00,15,12,2,0
15626,United Kingdom,0.0,74,3,978.96,2011-09-26T10:03:00.000+03:00,10,9,2,0
16672,United Kingdom,0.0,2,17,5017.4,2011-12-07T16:29:00.000+03:00,16,12,4,0
13558,United Kingdom,0.0,5,4,594.52,2011-12-04T11:24:00.000+03:00,11,12,1,0
12415,Australia,10.0,24,19,12624.71,2011-11-15T10:32:00.000+03:00,10,11,3,0
15359,United Kingdom,0.0,662,8,181.35,2010-02-15T10:47:00.000+03:00,10,2,2,0
17633,United Kingdom,0.0,31,7,1982.39,2011-11-08T13:25:00.000+03:00,13,11,3,0
17799,United Kingdom,0.0,22,20,6176.27,2011-11-17T15:16:00.000+03:00,15,11,5,0
13882,United Kingdom,0.0,2,5,1010.69,2011-12-07T11:16:00.000+03:00,11,12,4,0
13747,United Kingdom,0.0,373,2,169.8,2010-12-01T10:37:00.000+03:00,10,12,4,0
13963,United Kingdom,0.0,308,17,2450.65,2011-02-04T14:43:00.000+03:00,14,2,6,1
16059,United Kingdom,0.0,65,12,3053.57,2011-10-05T09:56:00.000+03:00,9,10,4,0
12933,United Kingdom,0.0,24,8,1537.17,2011-11-15T16:38:00.000+03:00,16,11,3,0
15263,United Kingdom,0.0,106,1,156.51,2011-08-25T10:26:00.000+03:00,10,8,5,0
13411,United Kingdom,0.0,107,1,213.55,2011-08-24T13:57:00.000+03:00,13,8,4,0
16569,United Kingdom,0.0,3,5,586.87,2011-12-06T15:32:00.000+03:00,15,12,3,0
13689,United Kingdom,0.0,63,2,34.5,2011-10-07T13:21:00.000+03:00,13,10,6,1
17867,United Kingdom,0.0,30,13,635.17,2011-11-09T14:15:00.000+03:00,14,11,4,0
13191,United Kingdom,0.0,658,1,164.69,2010-02-19T17:02:00.000+03:00,17,2,6,1
17032,United Kingdom,0.0,547,8,2917.48,2010-06-10T12:16:00.000+03:00,12,6,5,0
13601,United Kingdom,0.0,45,4,1109.05,2011-10-25T17:31:00.000+03:00,17,10,3,0
14016,EIRE,21.0,161,11,10262.67,2011-07-01T11:29:00.000+03:00,11,7,6,1
17018,United Kingdom,0.0,40,6,2257.1,2011-10-30T11:42:00.000+03:00,11,10,1,0
16204,United Kingdom,0.0,23,3,883.07,2011-11-16T13:40:00.000+03:00,13,11,4,0
13691,United Kingdom,0.0,396,1,212.78,2010-11-08T17:34:00.000+03:00,17,11,2,0
17676,United Kingdom,0.0,4,10,2335.7,2011-12-05T15:16:00.000+03:00,15,12,2,0
12720,Germany,1.0,2,30,7422.6,2011-12-07T08:03:00.000+03:00,8,12,4,0
16338,United Kingdom,0.0,157,1,214.8,2011-07-05T13:56:00.000+03:00,13,7,3,0
14511,United Kingdom,0.0,11,5,1274.01,2011-11-28T17:05:00.000+03:00,17,11,2,0
14205,United Kingdom,0.0,16,9,2373.88,2011-11-23T10:55:00.000+03:00,10,11,4,0
16087,United Kingdom,0.0,409,2,128.16,2010-10-26T09:59:00.000+03:00,9,10,3,0
15819,United Kingdom,0.0,49,10,3724.43,2011-10-21T14:50:00.000+03:00,14,10,6,1
18156,United Kingdom,0.0,12,2,675.64,2011-11-27T12:24:00.000+03:00,12,11,1,0
14085,United Kingdom,0.0,2,33,9139.9,2011-12-07T13:46:00.000+03:00,13,12,4,0
16400,United Kingdom,0.0,94,9,2223.41,2011-09-06T12:27:00.000+03:00,12,9,3,0
17716,United Kingdom,0.0,29,21,11952.91,2011-11-10T15:59:00.000+03:00,15,11,5,0
14211,United Kingdom,0.0,53,18,3974.89,2011-10-17T13:23:00.000+03:00,13,10,2,0
15835,United Kingdom,0.0,44,4,954.09,2011-10-26T15:47:00.000+03:00,15,10,4,0
14689,United Kingdom,0.0,208,1,112.8,2011-05-15T11:22:00.000+03:00,11,5,1,0
12369,Austria,12.0,413,3,1611.83,2010-10-22T13:13:00.000+03:00,13,10,6,1
16319,United Kingdom,0.0,217,1,404.4,2011-05-06T11:27:00.000+03:00,11,5,6,1
14590,United Kingdom,0.0,424,20,2780.61,2010-10-11T12:06:00.000+03:00,12,10,2,0
17653,United Kingdom,0.0,36,4,751.32,2011-11-03T12:46:00.000+03:00,12,11,5,0
13422,United Kingdom,0.0,64,1,2574.1,2011-10-06T13:42:00.000+03:00,13,10,5,0
14692,United Kingdom,0.0,137,12,1512.34,2011-07-25T15:08:00.000+03:00,15,7,2,0
13230,United Kingdom,0.0,4,30,6004.99,2011-12-05T16:03:00.000+03:00,16,12,2,0
14895,United Kingdom,0.0,7,38,22533.28,2011-12-02T09:23:00.000+03:00,9,12,6,1
14656,United Kingdom,0.0,169,5,790.0,2011-06-23T13:51:00.000+03:00,13,6,5,0
13293,United Kingdom,0.0,392,6,1192.94,2010-11-12T13:28:00.000+03:00,13,11,6,1
12689,France,2.0,25,2,1247.61,2011-11-14T08:31:00.000+03:00,8,11,2,0
17463,United Kingdom,0.0,16,7,2535.26,2011-11-23T13:40:00.000+03:00,13,11,4,0
16812,United Kingdom,0.0,360,4,2313.88,2010-12-14T12:35:00.000+03:00,12,12,3,0
14851,United Kingdom,0.0,23,3,720.81,2011-11-16T14:20:00.000+03:00,14,11,4,0
12441,France,2.0,366,1,173.55,2010-12-08T10:45:00.000+03:00,10,12,4,0
15751,United Kingdom,0.0,460,11,1366.52,2010-09-05T12:44:00.000+03:00,12,9,1,0
13135,United Kingdom,0.0,491,1,275.45,2010-08-05T17:28:00.000+03:00,17,8,5,0
15572,United Kingdom,0.0,4,10,3883.76,2011-12-05T10:09:00.000+03:00,10,12,2,0
12477,Germany,1.0,22,9,16665.17,2011-11-17T09:51:00.000+03:00,9,11,5,0
16945,United Kingdom,0.0,21,33,7774.8,2011-11-18T11:39:00.000+03:00,11,11,6,1
14481,United Kingdom,0.0,164,5,1896.73,2011-06-28T10:38:00.000+03:00,10,6,3,0
18280,United Kingdom,0.0,277,2,488.15,2011-03-07T09:52:00.000+03:00,9,3,2,0
13232,United Kingdom,0.0,12,7,1262.11,2011-11-27T10:39:00.000+03:00,10,11,1,0
12383,Belgium,4.0,184,5,1679.44,2011-06-08T08:02:00.000+03:00,8,6,4,0
18054,United Kingdom,0.0,392,1,176.5,2010-11-12T08:18:00.000+03:00,8,11,6,1
15134,United Kingdom,0.0,14,10,1484.45,2011-11-25T08:55:00.000+03:00,8,11,6,1
13324,United Kingdom,0.0,36,17,3944.15,2011-11-03T16:28:00.000+03:00,16,11,5,0
17090,United Kingdom,0.0,4,10,2327.0,2011-12-05T13:44:00.000+03:00,13,12,2,0
16985,United Kingdom,0.0,17,23,9031.2,2011-11-22T13:33:00.000+03:00,13,11,3,0
12474,Germany,1.0,17,31,12047.19,2011-11-22T14:39:00.000+03:00,14,11,3,0
14446,United Kingdom,0.0,0,5,1133.25,2011-12-09T11:34:00.000+03:00,11,12,6,1
13704,United Kingdom,0.0,5,9,2259.1,2011-12-04T15:13:00.000+03:00,15,12,1,0
17505,United Kingdom,0.0,161,5,2328.38,2011-07-01T12:50:00.000+03:00,12,7,6,1
13694,United Kingdom,0.0,3,55,12026.23,2011-12-06T09:31:00.000+03:00,9,12,3,0
15545,United Kingdom,0.0,54,2,288.97,2011-10-16T13:24:00.000+03:00,13,10,1,0
12562,France,2.0,8,9,4500.84,2011-12-01T17:20:00.000+03:00,17,12,5,0
13780,United Kingdom,0.0,7,3,646.27,2011-12-02T13:49:00.000+03:00,13,12,6,1
14659,United Kingdom,0.0,8,9,2529.93,2011-12-01T12:17:00.000+03:00,12,12,5,0
15326,United Kingdom,0.0,333,5,1687.92,2011-01-10T11:38:00.000+03:00,11,1,2,0
13213,United Kingdom,0.0,56,11,2975.08,2011-10-14T11:42:00.000+03:00,11,10,6,1
16806,United Kingdom,0.0,103,4,762.16,2011-08-28T15:27:00.000+03:00,15,8,1,0
14898,United Kingdom,0.0,23,14,2950.31,2011-11-16T14:54:00.000+03:00,14,11,4,0
16986,United Kingdom,0.0,30,10,2802.35,2011-11-09T15:52:00.000+03:00,15,11,4,0
16383,United Kingdom,0.0,74,7,2818.57,2011-09-26T12:45:00.000+03:00,12,9,2,0
14593,United Kingdom,0.0,21,12,3504.97,2011-11-18T12:48:00.000+03:00,12,11,6,1
15981,United Kingdom,0.0,24,21,7137.87,2011-11-15T08:00:00.000+03:00,8,11,3,0
12621,Germany,1.0,1,35,16385.28,2011-12-08T11:25:00.000+03:00,11,12,5,0
13916,United Kingdom,0.0,463,4,1245.21,2010-09-02T10:04:00.000+03:00,10,9,5,0
16854,United Kingdom,0.0,417,2,1325.74,2010-10-18T16:31:00.000+03:00,16,10,2,0
16362,United Kingdom,0.0,32,6,908.12,2011-11-07T13:01:00.000+03:00,13,11,2,0
16561,United Kingdom,0.0,5,2,511.12,2011-12-04T11:50:00.000+03:00,11,12,1,0
12609,Germany,1.0,78,9,3398.42,2011-09-22T16:34:00.000+03:00,16,9,5,0
15243,United Kingdom,0.0,74,2,907.12,2011-09-26T14:12:00.000+03:00,14,9,2,0
17572,United Kingdom,0.0,71,10,600.01,2011-09-29T17:53:00.000+03:00,17,9,5,0
13711,United Kingdom,0.0,218,9,1751.78,2011-05-05T10:31:00.000+03:00,10,5,5,0
15875,United Kingdom,0.0,646,1,108.52,2010-03-03T16:51:00.000+03:00,16,3,4,0
15384,United Kingdom,0.0,169,4,1926.69,2011-06-23T10:57:00.000+03:00,10,6,5,0
12920,United Kingdom,0.0,17,4,466.3,2011-11-22T15:05:00.000+03:00,15,11,3,0
15492,United Kingdom,0.0,28,2,645.54,2011-11-11T14:53:00.000+03:00,14,11,6,1
12725,Italy,9.0,371,4,2076.92,2010-12-03T15:45:00.000+03:00,15,12,6,1
17386,United Kingdom,0.0,7,4,281.05,2011-12-02T11:28:00.000+03:00,11,12,6,1
13582,United Kingdom,0.0,389,2,241.68,2010-11-15T11:34:00.000+03:00,11,11,2,0
12421,Spain,3.0,15,6,1079.88,2011-11-24T09:07:00.000+03:00,9,11,5,0
16511,United Kingdom,0.0,21,6,1713.69,2011-11-18T10:41:00.000+03:00,10,11,6,1
14633,United Kingdom,0.0,266,1,344.9,2011-03-18T17:07:00.000+03:00,17,3,6,1
17398,United Kingdom,0.0,114,3,653.38,2011-08-17T09:48:00.000+03:00,9,8,4,0
12704,Finland,11.0,7,8,2014.68,2011-12-02T13:15:00.000+03:00,13,12,6,1
17183,United Kingdom,0.0,7,6,2547.81,2011-12-02T10:07:00.000+03:00,10,12,6,1
14005,United Kingdom,0.0,9,5,1713.9,2011-11-30T12:41:00.000+03:00,12,11,4,0
16600,United Kingdom,0.0,4,13,1895.29,2011-12-05T16:00:00.000+03:00,16,12,2,0
17110,United Kingdom,0.0,165,3,499.9,2011-06-27T12:58:00.000+03:00,12,6,2,0
16801,United Kingdom,0.0,163,4,1527.03,2011-06-29T15:33:00.000+03:00,15,6,4,0
12463,Belgium,4.0,53,4,1344.78,2011-10-17T13:44:00.000+03:00,13,10,2,0
16544,United Kingdom,0.0,519,4,235.1,2010-07-08T11:11:00.000+03:00,11,7,5,0
15738,United Kingdom,0.0,18,41,9720.76,2011-11-21T08:26:00.000+03:00,8,11,2,0
14733,United Kingdom,0.0,16,14,8819.35,2011-11-23T15:39:00.000+03:00,15,11,4,0
13662,United Kingdom,0.0,85,11,2210.21,2011-09-15T12:04:00.000+03:00,12,9,5,0
12406,Denmark,14.0,22,5,5074.8,2011-11-17T19:22:00.000+03:00,19,11,5,0
15514,United Kingdom,0.0,12,17,4031.31,2011-11-27T14:40:00.000+03:00,14,11,1,0
16631,United Kingdom,0.0,481,7,1832.04,2010-08-15T11:20:00.000+03:00,11,8,1,0
13334,United Kingdom,0.0,82,5,5943.56,2011-09-18T15:21:00.000+03:00,15,9,1,0
16053,United Kingdom,0.0,32,6,3315.16,2011-11-07T11:21:00.000+03:00,11,11,2,0
15034,United Kingdom,0.0,15,14,6833.65,2011-11-24T12:11:00.000+03:00,12,11,5,0
12701,Germany,1.0,79,6,2373.03,2011-09-21T10:47:00.000+03:00,10,9,4,0
15228,United Kingdom,0.0,66,6,4731.15,2011-10-04T13:56:00.000+03:00,13,10,3,0
14461,United Kingdom,0.0,148,13,6237.39,2011-07-14T17:11:00.000+03:00,17,7,5,0
12599,France,2.0,29,13,2010.16,2011-11-10T13:34:00.000+03:00,13,11,5,0
15826,United Kingdom,0.0,56,4,2257.44,2011-10-14T16:05:00.000+03:00,16,10,6,1
16582,United Kingdom,0.0,113,1,50.1,2011-08-18T17:02:00.000+03:00,17,8,5,0
15628,United Kingdom,0.0,4,17,5193.16,2011-12-05T10:24:00.000+03:00,10,12,2,0
13468,United Kingdom,0.0,1,72,12015.1,2011-12-08T10:39:00.000+03:00,10,12,5,0
15439,United Kingdom,0.0,404,4,1047.35,2010-10-31T10:38:00.000+03:00,10,10,1,0
13750,United Kingdom,0.0,53,7,1418.06,2011-10-17T12:16:00.000+03:00,12,10,2,0
15965,United Kingdom,0.0,17,12,2587.32,2011-11-22T16:44:00.000+03:00,16,11,3,0
13520,Switzerland,7.0,58,11,4954.3,2011-10-12T10:20:00.000+03:00,10,10,4,0
17449,United Kingdom,0.0,2,13,4868.15,2011-12-07T16:56:00.000+03:00,16,12,4,0
13333,United Kingdom,0.0,411,3,939.9,2010-10-24T13:24:00.000+03:00,13,10,1,0
14869,United Kingdom,0.0,8,6,2681.18,2011-12-01T12:36:00.000+03:00,12,12,5,0
12717,Greece,22.0,151,3,1308.91,2011-07-11T14:47:00.000+03:00,14,7,2,0
17423,United Kingdom,0.0,46,3,629.59,2011-10-24T13:36:00.000+03:00,13,10,2,0
17759,United Kingdom,0.0,17,5,1146.32,2011-11-22T16:02:00.000+03:00,16,11,3,0
17151,United Kingdom,0.0,735,1,231.9,2009-12-04T14:56:00.000+03:00,14,12,6,1
17849,United Kingdom,0.0,218,8,974.96,2011-05-05T13:46:00.000+03:00,13,5,5,0
16081,United Kingdom,0.0,56,8,3991.0,2011-10-14T13:06:00.000+03:00,13,10,6,1
15255,United Kingdom,0.0,66,8,3131.3,2011-10-04T12:43:00.000+03:00,12,10,3,0
17097,Spain,3.0,2,9,1143.36,2011-12-07T17:05:00.000+03:00,17,12,4,0
16607,United Kingdom,0.0,17,24,5221.59,2011-11-22T10:24:00.000+03:00,10,11,3,0
13462,United Kingdom,0.0,252,5,1153.85,2011-04-01T11:20:00.000+03:00,11,4,6,1
16621,United Kingdom,0.0,51,4,737.16,2011-10-19T11:38:00.000+03:00,11,10,4,0
14030,United Kingdom,0.0,18,20,7216.46,2011-11-21T16:48:00.000+03:00,16,11,2,0
12849,United Kingdom,0.0,31,6,2229.13,2011-11-08T13:41:00.000+03:00,13,11,3,0
13077,United Kingdom,0.0,1,11,2587.86,2011-12-08T19:24:00.000+03:00,19,12,5,0
16203,United Kingdom,0.0,58,6,912.88,2011-10-12T12:31:00.000+03:00,12,10,4,0
14400,United Kingdom,0.0,149,3,1022.01,2011-07-13T15:50:00.000+03:00,15,7,4,0
14225,United Kingdom,0.0,434,4,1620.67,2010-10-01T10:32:00.000+03:00,10,10,6,1
17239,United Kingdom,0.0,312,4,711.85,2011-01-31T09:41:00.000+03:00,9,1,2,0
15222,United Kingdom,0.0,472,10,1881.03,2010-08-24T10:39:00.000+03:00,10,8,3,0
16774,United Kingdom,0.0,67,8,1486.0,2011-10-03T12:41:00.000+03:00,12,10,2,0
15827,United Kingdom,0.0,73,28,3603.14,2011-09-27T15:35:00.000+03:00,15,9,3,0
15454,United Kingdom,0.0,362,2,305.99,2010-12-12T14:21:00.000+03:00,14,12,1,0
16740,United Kingdom,0.0,395,1,226.91,2010-11-09T13:34:00.000+03:00,13,11,3,0
14410,United Kingdom,0.0,92,11,2557.98,2011-09-08T15:08:00.000+03:00,15,9,5,0
17884,United Kingdom,0.0,3,19,2356.99,2011-12-06T11:33:00.000+03:00,11,12,3,0
16710,United Kingdom,0.0,19,22,5709.37,2011-11-20T14:50:00.000+03:00,14,11,1,0
17929,United Kingdom,0.0,11,6,1078.0,2011-11-28T16:01:00.000+03:00,16,11,2,0
13301,United Kingdom,0.0,103,4,587.49,2011-08-28T11:25:00.000+03:00,11,8,1,0
16136,United Kingdom,0.0,59,4,776.64,2011-10-11T09:10:00.000+03:00,9,10,3,0
15513,United Kingdom,0.0,33,33,20513.89,2011-11-06T14:36:00.000+03:00,14,11,1,0
13277,United Kingdom,0.0,15,6,344.2,2011-11-24T09:21:00.000+03:00,9,11,5,0
15299,United Kingdom,0.0,164,1,600.0,2011-06-28T17:01:00.000+03:00,17,6,3,0
16253,United Kingdom,0.0,66,7,4822.48,2011-10-04T09:09:00.000+03:00,9,10,3,0
15631,United Kingdom,0.0,642,1,525.39,2010-03-07T14:52:00.000+03:00,14,3,1,0
16395,United Kingdom,0.0,60,14,3281.05,2011-10-10T12:50:00.000+03:00,12,10,2,0
14657,United Kingdom,0.0,17,6,1450.19,2011-11-22T12:47:00.000+03:00,12,11,3,0
16984,United Kingdom,0.0,88,9,9199.0,2011-09-12T13:43:00.000+03:00,13,9,2,0
18122,United Kingdom,0.0,8,6,1743.47,2011-12-01T13:08:00.000+03:00,13,12,5,0
16350,United Kingdom,0.0,21,9,2226.11,2011-11-18T15:53:00.000+03:00,15,11,6,1
13565,United Kingdom,0.0,19,3,414.8,2011-11-20T14:33:00.000+03:00,14,11,1,0
12741,USA,18.0,529,2,406.07,2010-06-28T14:36:00.000+03:00,14,6,2,0
15173,United Kingdom,0.0,380,7,1476.96,2010-11-24T10:21:00.000+03:00,10,11,4,0
14798,United Kingdom,0.0,52,8,724.31,2011-10-18T10:58:00.000+03:00,10,10,3,0
14325,United Kingdom,0.0,569,1,198.08,2010-05-19T09:20:00.000+03:00,9,5,4,0
16386,United Kingdom,0.0,28,3,954.94,2011-11-11T12:28:00.000+03:00,12,11,6,1
13527,United Kingdom,0.0,33,12,4462.93,2011-11-06T12:04:00.000+03:00,12,11,1,0
13889,United Kingdom,0.0,92,6,1991.23,2011-09-08T09:13:00.000+03:00,9,9,5,0
17557,United Kingdom,0.0,14,4,575.46,2011-11-25T12:57:00.000+03:00,12,11,6,1
14606,United Kingdom,0.0,1,192,28067.14,2011-12-08T19:28:00.000+03:00,19,12,5,0
14588,United Kingdom,0.0,578,1,135.39,2010-05-10T15:08:00.000+03:00,15,5,2,0
16744,United Kingdom,0.0,11,7,1237.07,2011-11-28T13:06:00.000+03:00,13,11,2,0
14029,United Kingdom,0.0,63,2,417.66,2011-10-07T14:46:00.000+03:00,14,10,6,1
17812,United Kingdom,0.0,12,7,911.99,2011-11-27T11:47:00.000+03:00,11,11,1,0
15602,United Kingdom,0.0,8,14,2313.2,2011-12-01T14:14:00.000+03:00,14,12,5,0
13552,United Kingdom,0.0,66,22,6159.34,2011-10-04T15:19:00.000+03:00,15,10,3,0
12514,Italy,9.0,267,2,1597.76,2011-03-17T16:38:00.000+03:00,16,3,5,0
15366,United Kingdom,0.0,75,7,1978.48,2011-09-25T15:01:00.000+03:00,15,9,1,0
13038,United Kingdom,0.0,80,3,908.46,2011-09-20T14:37:00.000+03:00,14,9,3,0
17760,United Kingdom,0.0,21,6,567.83,2011-11-18T10:56:00.000+03:00,10,11,6,1
14515,United Kingdom,0.0,17,12,3012.8,2011-11-22T11:37:00.000+03:00,11,11,3,0
17975,United Kingdom,0.0,15,24,6680.37,2011-11-24T13:27:00.000+03:00,13,11,5,0
13147,United Kingdom,0.0,43,2,237.6,2011-10-27T16:35:00.000+03:00,16,10,5,0
13722,United Kingdom,0.0,131,10,5258.43,2011-07-31T12:44:00.000+03:00,12,7,1,0
17277,United Kingdom,0.0,227,2,1065.35,2011-04-26T12:47:00.000+03:00,12,4,3,0
17145,United Kingdom,0.0,512,4,2771.59,2010-07-15T09:02:00.000+03:00,9,7,5,0
13070,United Kingdom,0.0,192,4,693.2,2011-05-31T13:45:00.000+03:00,13,5,3,0
12502,Spain,3.0,95,5,3683.07,2011-09-05T11:52:00.000+03:00,11,9,2,0
18259,United Kingdom,0.0,24,7,3700.7,2011-11-15T12:34:00.000+03:00,12,11,3,0
17731,United Kingdom,0.0,79,6,1708.99,2011-09-21T15:02:00.000+03:00,15,9,4,0
16719,United Kingdom,0.0,14,14,3395.22,2011-11-25T09:27:00.000+03:00,9,11,6,1
12872,United Kingdom,0.0,326,12,3192.06,2011-01-17T10:52:00.000+03:00,10,1,2,0
14959,United Kingdom,0.0,64,4,641.34,2011-10-06T18:23:00.000+03:00,18,10,5,0
16933,United Kingdom,0.0,1,9,2996.28,2011-12-08T12:54:00.000+03:00,12,12,5,0
12714,France,2.0,9,12,13211.75,2011-11-30T15:43:00.000+03:00,15,11,4,0
14648,United Kingdom,0.0,416,15,3738.23,2010-10-19T13:12:00.000+03:00,13,10,3,0
16814,United Kingdom,0.0,14,36,11223.83,2011-11-25T13:27:00.000+03:00,13,11,6,1
18211,United Kingdom,0.0,25,5,600.07,2011-11-14T08:10:00.000+03:00,8,11,2,0
12975,United Kingdom,0.0,436,6,2086.17,2010-09-29T09:46:00.000+03:00,9,9,4,0
15518,United Kingdom,0.0,64,15,4041.13,2011-10-06T13:05:00.000+03:00,13,10,5,0
14168,United Kingdom,0.0,420,2,370.45,2010-10-15T10:49:00.000+03:00,10,10,6,1
16794,United Kingdom,0.0,1,15,1979.64,2011-12-08T17:54:00.000+03:00,17,12,5,0
17069,United Kingdom,0.0,28,14,5235.43,2011-11-11T17:13:00.000+03:00,17,11,6,1
13186,United Kingdom,0.0,39,3,1562.77,2011-10-31T11:40:00.000+03:00,11,10,2,0
12348,Finland,11.0,75,5,672.36,2011-09-25T13:13:00.000+03:00,13,9,1,0
13478,United Kingdom,0.0,469,5,2050.02,2010-08-27T13:23:00.000+03:00,13,8,6,1
16809,United Kingdom,0.0,23,9,1727.43,2011-11-16T15:45:00.000+03:00,15,11,4,0
17188,United Kingdom,0.0,11,13,3926.69,2011-11-28T13:53:00.000+03:00,13,11,2,0
15672,United Kingdom,0.0,725,1,45.3,2009-12-14T16:52:00.000+03:00,16,12,2,0
12921,United Kingdom,0.0,9,74,29187.56,2011-11-30T16:22:00.000+03:00,16,11,4,0
17893,United Kingdom,0.0,225,1,86.21,2011-04-28T13:50:00.000+03:00,13,4,5,0
13888,United Kingdom,0.0,119,7,1988.15,2011-08-12T10:13:00.000+03:00,10,8,6,1
12539,Spain,3.0,22,7,11013.15,2011-11-17T13:30:00.000+03:00,13,11,5,0
15066,United Kingdom,0.0,53,1,893.59,2011-10-17T13:25:00.000+03:00,13,10,2,0
12778,Netherlands,6.0,19,9,1535.56,2011-11-20T11:30:00.000+03:00,11,11,1,0
13456,United Kingdom,0.0,17,6,1351.72,2011-11-22T09:18:00.000+03:00,9,11,3,0
14217,United Kingdom,0.0,1,23,3165.39,2011-12-08T11:53:00.000+03:00,11,12,5,0
14154,United Kingdom,0.0,239,8,5756.74,2011-04-14T16:26:00.000+03:00,16,4,5,0
13901,United Kingdom,0.0,72,15,5251.76,2011-09-28T14:48:00.000+03:00,14,9,4,0
15902,United Kingdom,0.0,380,1,124.85,2010-11-24T16:57:00.000+03:00,16,11,4,0
14146,United Kingdom,0.0,8,12,8196.62,2011-12-01T10:18:00.000+03:00,10,12,5,0
17231,United Kingdom,0.0,12,25,7018.0,2011-11-27T15:18:00.000+03:00,15,11,1,0
12359,Cyprus,17.0,57,10,8737.39,2011-10-13T12:47:00.000+03:00,12,10,5,0
16484,United Kingdom,0.0,173,2,404.3,2011-06-19T12:06:00.000+03:00,12,6,1,0
15133,United Kingdom,0.0,127,5,1221.66,2011-08-04T10:44:00.000+03:00,10,8,5,0
16010,United Kingdom,0.0,245,11,1694.86,2011-04-08T10:14:00.000+03:00,10,4,6,1
17469,United Kingdom,0.0,16,17,4982.57,2011-11-23T13:15:00.000+03:00,13,11,4,0
16256,United Kingdom,0.0,266,3,527.05,2011-03-18T12:18:00.000+03:00,12,3,6,1
14686,United Kingdom,0.0,414,5,852.53,2010-10-21T18:31:00.000+03:00,18,10,5,0
15523,United Kingdom,0.0,84,13,3809.6,2011-09-16T16:29:00.000+03:00,16,9,6,1
17007,United Kingdom,0.0,50,7,1048.26,2011-10-20T10:47:00.000+03:00,10,10,5,0
12605,Germany,1.0,376,4,1232.95,2010-11-28T14:18:00.000+03:00,14,11,1,0
17157,United Kingdom,0.0,7,18,2913.9,2011-12-02T09:10:00.000+03:00,9,12,6,1
14322,United Kingdom,0.0,429,4,392.5,2010-10-06T15:17:00.000+03:00,15,10,4,0
16910,United Kingdom,0.0,4,8,1508.96,2011-12-05T12:51:00.000+03:00,12,12,2,0
13296,United Kingdom,0.0,137,6,741.21,2011-07-25T13:46:00.000+03:00,13,7,2,0
14177,United Kingdom,0.0,86,12,1979.15,2011-09-14T15:11:00.000+03:00,15,9,4,0
13588,United Kingdom,0.0,15,9,2382.71,2011-11-24T10:42:00.000+03:00,10,11,5,0
16233,United Kingdom,0.0,71,9,1752.31,2011-09-29T17:27:00.000+03:00,17,9,5,0
13634,United Kingdom,0.0,33,16,5013.61,2011-11-06T13:40:00.000+03:00,13,11,1,0
16756,United Kingdom,0.0,214,7,1312.37,2011-05-09T09:33:00.000+03:00,9,5,2,0
17702,United Kingdom,0.0,30,6,2312.36,2011-11-09T16:03:00.000+03:00,16,11,4,0
14334,United Kingdom,0.0,16,12,4005.0,2011-11-23T10:01:00.000+03:00,10,11,4,0
17510,United Kingdom,0.0,24,2,486.84,2011-11-15T10:00:00.000+03:00,10,11,3,0
16596,United Kingdom,0.0,15,4,458.98,2011-11-24T10:02:00.000+03:00,10,11,5,0
13502,United Kingdom,0.0,16,5,673.4,2011-11-23T10:39:00.000+03:00,10,11,4,0
17430,United Kingdom,0.0,32,4,591.61,2011-11-07T09:24:00.000+03:00,9,11,2,0
15187,United Kingdom,0.0,1,16,3801.34,2011-12-08T11:56:00.000+03:00,11,12,5,0
17930,United Kingdom,0.0,35,12,1597.12,2011-11-04T10:23:00.000+03:00,10,11,6,1
15764,United Kingdom,0.0,88,8,4206.08,2011-09-12T17:58:00.000+03:00,17,9,2,0
14591,United Kingdom,0.0,15,4,1033.21,2011-11-24T13:57:00.000+03:00,13,11,5,0
14739,United Kingdom,0.0,19,23,3832.5,2011-11-20T10:37:00.000+03:00,10,11,1,0
15574,United Kingdom,0.0,177,6,987.62,2011-06-15T12:01:00.000+03:00,12,6,4,0
13652,United Kingdom,0.0,45,5,2206.37,2011-10-25T08:51:00.000+03:00,8,10,3,0
17180,United Kingdom,0.0,56,11,2090.55,2011-10-14T15:46:00.000+03:00,15,10,6,1
16886,United Kingdom,0.0,456,1,134.0,2010-09-09T15:08:00.000+03:00,15,9,5,0
12488,France,2.0,9,3,1239.26,2011-11-30T08:50:00.000+03:00,8,11,4,0
15511,United Kingdom,0.0,11,5,900.53,2011-11-28T09:43:00.000+03:00,9,11,2,0
12364,Belgium,4.0,7,4,1233.18,2011-12-02T10:22:00.000+03:00,10,12,6,1
17054,United Kingdom,0.0,28,5,1315.53,2011-11-11T12:56:00.000+03:00,12,11,6,1
12637,France,2.0,67,12,8139.09,2011-10-03T13:46:00.000+03:00,13,10,2,0
13658,United Kingdom,0.0,9,9,5872.5,2011-11-30T10:13:00.000+03:00,10,11,4,0
17078,United Kingdom,0.0,36,2,262.28,2011-11-03T19:17:00.000+03:00,19,11,5,0
13918,United Kingdom,0.0,49,2,585.0,2011-10-21T12:25:00.000+03:00,12,10,6,1
14918,United Kingdom,0.0,115,9,4796.55,2011-08-16T11:50:00.000+03:00,11,8,3,0
16303,United Kingdom,0.0,25,7,6641.57,2011-11-14T10:49:00.000+03:00,10,11,2,0
16633,United Kingdom,0.0,17,6,2782.3,2011-11-22T13:41:00.000+03:00,13,11,3,0
14390,United Kingdom,0.0,10,13,5349.23,2011-11-29T13:49:00.000+03:00,13,11,3,0
15915,United Kingdom,0.0,401,1,313.21,2010-11-03T11:13:00.000+03:00,11,11,4,0
13013,United Kingdom,0.0,1,28,10402.19,2011-12-08T15:01:00.000+03:00,15,12,5,0
16210,United Kingdom,0.0,1,30,6553.29,2011-12-08T12:36:00.000+03:00,12,12,5,0
15443,United Kingdom,0.0,1,14,4968.87,2011-12-08T10:40:00.000+03:00,10,12,5,0
14451,United Kingdom,0.0,60,12,3258.68,2011-10-10T13:38:00.000+03:00,13,10,2,0
12524,Germany,1.0,9,16,4344.31,2011-11-30T15:31:00.000+03:00,15,11,4,0
17801,United Kingdom,0.0,451,3,726.35,2010-09-14T14:32:00.000+03:00,14,9,3,0
17187,United Kingdom,0.0,226,2,306.85,2011-04-27T12:39:00.000+03:00,12,4,4,0
18098,United Kingdom,0.0,396,1,527.94,2010-11-08T16:31:00.000+03:00,16,11,2,0
12651,France,2.0,334,4,377.75,2011-01-09T12:46:00.000+03:00,12,1,1,0
15605,United Kingdom,0.0,36,9,1741.95,2011-11-03T14:17:00.000+03:00,14,11,5,0
15139,United Kingdom,0.0,239,2,169.84,2011-04-14T11:39:00.000+03:00,11,4,5,0
17080,United Kingdom,0.0,22,6,696.45,2011-11-17T12:59:00.000+03:00,12,11,5,0
16506,United Kingdom,0.0,19,2,90.3,2011-11-20T12:17:00.000+03:00,12,11,1,0
13782,United Kingdom,0.0,12,13,1772.64,2011-11-27T11:54:00.000+03:00,11,11,1,0
17675,United Kingdom,0.0,1,68,27943.1,2011-12-08T18:03:00.000+03:00,18,12,5,0
14769,United Kingdom,0.0,2,17,14629.78,2011-12-07T10:24:00.000+03:00,10,12,4,0
13473,United Kingdom,0.0,60,7,2012.16,2011-10-10T11:20:00.000+03:00,11,10,2,0
14320,United Kingdom,0.0,206,5,1346.75,2011-05-17T09:24:00.000+03:00,9,5,3,0
13700,United Kingdom,0.0,26,13,2133.85,2011-11-13T13:00:00.000+03:00,13,11,1,0
16234,United Kingdom,0.0,476,3,333.18,2010-08-20T14:33:00.000+03:00,14,8,6,1
17403,United Kingdom,0.0,36,2,382.87,2011-11-03T15:18:00.000+03:00,15,11,5,0
15755,United Kingdom,0.0,10,17,5733.8,2011-11-29T14:57:00.000+03:00,14,11,3,0
17555,United Kingdom,0.0,19,5,1045.74,2011-11-20T12:22:00.000+03:00,12,11,1,0
13317,United Kingdom,0.0,66,19,6053.13,2011-10-04T13:35:00.000+03:00,13,10,3,0
13045,United Kingdom,0.0,99,3,808.92,2011-09-01T15:04:00.000+03:00,15,9,5,0
14800,United Kingdom,0.0,47,17,6251.5,2011-10-23T12:46:00.000+03:00,12,10,1,0
16351,United Kingdom,0.0,332,13,3108.23,2011-01-11T10:26:00.000+03:00,10,1,3,0
17656,United Kingdom,0.0,73,5,1556.25,2011-09-27T13:04:00.000+03:00,13,9,3,0
17964,United Kingdom,0.0,31,2,443.05,2011-11-08T10:44:00.000+03:00,10,11,3,0
16655,United Kingdom,0.0,17,13,5719.97,2011-11-22T11:25:00.000+03:00,11,11,3,0
17191,United Kingdom,0.0,28,15,4210.02,2011-11-11T16:58:00.000+03:00,16,11,6,1
13537,United Kingdom,0.0,425,2,717.85,2010-10-10T12:45:00.000+03:00,12,10,1,0
16304,United Kingdom,0.0,694,1,367.74,2010-01-14T08:30:00.000+03:00,8,1,5,0
15200,United Kingdom,0.0,494,1,549.05,2010-08-02T09:38:00.000+03:00,9,8,2,0
16441,United Kingdom,0.0,67,5,1019.13,2011-10-03T17:48:00.000+03:00,17,10,2,0
14209,United Kingdom,0.0,10,15,4586.23,2011-11-29T10:18:00.000+03:00,10,11,3,0
13960,United Kingdom,0.0,21,2,230.22,2011-11-18T15:27:00.000+03:00,15,11,6,1
15546,United Kingdom,0.0,606,2,1079.1,2010-04-12T11:51:00.000+03:00,11,4,2,0
17544,United Kingdom,0.0,390,3,944.82,2010-11-14T15:08:00.000+03:00,15,11,1,0
13758,United Kingdom,0.0,11,15,5973.61,2011-11-28T11:11:00.000+03:00,11,11,2,0
15023,United Kingdom,0.0,3,20,10530.19,2011-12-06T17:23:00.000+03:00,17,12,3,0
16940,United Kingdom,0.0,52,8,6198.73,2011-10-18T13:15:00.000+03:00,13,10,3,0
13479,United Kingdom,0.0,200,4,760.65,2011-05-23T10:45:00.000+03:00,10,5,2,0
12486,Sweden,8.0,431,1,972.6,2010-10-04T12:14:00.000+03:00,12,10,2,0
16227,United Kingdom,0.0,225,3,1000.22,2011-04-28T13:33:00.000+03:00,13,4,5,0
12771,Portugal,5.0,485,1,282.3,2010-08-11T11:51:00.000+03:00,11,8,4,0
13313,United Kingdom,0.0,22,12,3273.34,2011-11-17T16:48:00.000+03:00,16,11,5,0
14548,United Kingdom,0.0,570,6,945.89,2010-05-18T11:34:00.000+03:00,11,5,3,0
13703,United Kingdom,0.0,318,2,425.56,2011-01-25T13:10:00.000+03:00,13,1,3,0
17950,United Kingdom,0.0,72,7,1154.69,2011-09-28T15:18:00.000+03:00,15,9,4,0
13925,United Kingdom,0.0,92,4,645.05,2011-09-08T12:47:00.000+03:00,12,9,5,0
14278,United Kingdom,0.0,409,1,205.83,2010-10-26T12:07:00.000+03:00,12,10,3,0
13605,United Kingdom,0.0,387,2,483.67,2010-11-17T17:16:00.000+03:00,17,11,4,0
14259,United Kingdom,0.0,141,1,120.0,2011-07-21T10:44:00.000+03:00,10,7,5,0
16353,United Kingdom,0.0,17,28,4652.5,2011-11-22T10:39:00.000+03:00,10,11,3,0
13079,United Kingdom,0.0,4,6,419.18,2011-12-05T16:53:00.000+03:00,16,12,2,0
14304,United Kingdom,0.0,222,3,1704.85,2011-05-01T11:50:00.000+03:00,11,5,1,0
17696,United Kingdom,0.0,38,27,5891.67,2011-11-01T13:43:00.000+03:00,13,11,3,0
17739,United Kingdom,0.0,11,18,6824.47,2011-11-28T09:12:00.000+03:00,9,11,2,0
17997,United Kingdom,0.0,74,8,1510.9,2011-09-26T16:13:00.000+03:00,16,9,2,0
12476,Germany,1.0,15,23,13340.39,2011-11-24T12:40:00.000+03:00,12,11,5,0
17936,United Kingdom,0.0,5,1,380.13,2011-12-04T13:32:00.000+03:00,13,12,1,0
18078,United Kingdom,0.0,217,4,638.95,2011-05-06T14:32:00.000+03:00,14,5,6,1
14968,United Kingdom,0.0,30,2,501.24,2011-11-09T13:58:00.000+03:00,13,11,4,0
15453,United Kingdom,0.0,1,7,1371.77,2011-12-08T10:59:00.000+03:00,10,12,5,0
17660,United Kingdom,0.0,141,2,331.72,2011-07-21T13:37:00.000+03:00,13,7,5,0
17254,United Kingdom,0.0,4,3,446.08,2011-12-05T12:46:00.000+03:00,12,12,2,0
17969,United Kingdom,0.0,166,20,2075.83,2011-06-26T13:00:00.000+03:00,13,6,1,0
16311,United Kingdom,0.0,17,2,597.54,2011-11-22T08:54:00.000+03:00,8,11,3,0
14130,United Kingdom,0.0,319,4,1616.37,2011-01-24T16:05:00.000+03:00,16,1,2,0
14214,United Kingdom,0.0,30,5,997.54,2011-11-09T10:31:00.000+03:00,10,11,4,0
15214,United Kingdom,0.0,1,8,1614.64,2011-12-08T12:07:00.000+03:00,12,12,5,0
13544,United Kingdom,0.0,39,6,790.2,2011-10-31T11:57:00.000+03:00,11,10,2,0
15287,United Kingdom,0.0,22,5,627.03,2011-11-17T15:34:00.000+03:00,15,11,5,0
14966,United Kingdom,0.0,14,6,883.02,2011-11-25T12:20:00.000+03:00,12,11,6,1
16931,United Kingdom,0.0,5,23,4975.7,2011-12-04T13:15:00.000+03:00,13,12,1,0
13276,United Kingdom,0.0,63,5,1868.51,2011-10-07T12:44:00.000+03:00,12,10,6,1
13875,United Kingdom,0.0,53,14,4596.45,2011-10-17T09:36:00.000+03:00,9,10,2,0
18221,United Kingdom,0.0,22,6,1368.9,2011-11-17T14:40:00.000+03:00,14,11,5,0
12957,United Kingdom,0.0,9,13,8552.09,2011-11-30T09:53:00.000+03:00,9,11,4,0
15246,United Kingdom,0.0,238,3,757.0,2011-04-15T14:45:00.000+03:00,14,4,6,1
16776,United Kingdom,0.0,60,2,592.51,2011-10-10T13:04:00.000+03:00,13,10,2,0
14790,United Kingdom,0.0,16,10,2159.54,2011-11-23T09:28:00.000+03:00,9,11,4,0
15344,United Kingdom,0.0,0,3,563.94,2011-12-09T10:45:00.000+03:00,10,12,6,1
13066,United Kingdom,0.0,24,2,470.8,2011-11-15T12:57:00.000+03:00,12,11,3,0
14060,United Kingdom,0.0,4,25,3946.24,2011-12-05T12:29:00.000+03:00,12,12,2,0
15125,United Kingdom,0.0,60,19,6871.31,2011-10-10T10:10:00.000+03:00,10,10,2,0
13957,United Kingdom,0.0,417,3,458.25,2010-10-18T10:02:00.000+03:00,10,10,2,0
16964,United Kingdom,0.0,733,2,207.85,2009-12-06T12:53:00.000+03:00,12,12,1,0
13340,United Kingdom,0.0,45,11,8227.38,2011-10-25T13:15:00.000+03:00,13,10,3,0
12677,France,2.0,555,2,395.1,2010-06-02T14:30:00.000+03:00,14,6,4,0
15064,United Kingdom,0.0,410,4,1234.25,2010-10-25T14:32:00.000+03:00,14,10,2,0
15215,United Kingdom,0.0,46,7,2422.43,2011-10-24T11:41:00.000+03:00,11,10,2,0
17644,United Kingdom,0.0,1,20,5700.28,2011-12-08T13:43:00.000+03:00,13,12,5,0
15625,United Kingdom,0.0,103,9,2660.76,2011-08-28T10:21:00.000+03:00,10,8,1,0
17006,United Kingdom,0.0,4,8,1635.27,2011-12-05T12:09:00.000+03:00,12,12,2,0
17516,United Kingdom,0.0,15,6,933.58,2011-11-24T16:51:00.000+03:00,16,11,5,0
13858,United Kingdom,0.0,57,1,216.17,2011-10-13T16:17:00.000+03:00,16,10,5,0
14408,United Kingdom,0.0,10,8,2110.43,2011-11-29T11:41:00.000+03:00,11,11,3,0
15903,United Kingdom,0.0,9,12,3874.52,2011-11-30T08:08:00.000+03:00,8,11,4,0
14819,United Kingdom,0.0,64,4,411.41,2011-10-06T13:41:00.000+03:00,13,10,5,0
16062,United Kingdom,0.0,9,8,2615.29,2011-11-30T12:15:00.000+03:00,12,11,4,0
12808,Portugal,5.0,36,5,776.7,2011-11-03T10:05:00.000+03:00,10,11,5,0
17845,United Kingdom,0.0,555,4,582.65,2010-06-02T15:20:00.000+03:00,15,6,4,0
13656,United Kingdom,0.0,164,4,957.29,2011-06-28T10:31:00.000+03:00,10,6,3,0
15856,United Kingdom,0.0,4,50,19619.75,2011-12-05T17:09:00.000+03:00,17,12,2,0
13344,United Kingdom,0.0,67,3,2511.69,2011-10-03T09:45:00.000+03:00,9,10,2,0
17588,United Kingdom,0.0,100,6,1758.39,2011-08-31T13:37:00.000+03:00,13,8,4,0
15680,United Kingdom,0.0,9,10,3866.89,2011-11-30T13:46:00.000+03:00,13,11,4,0
15550,United Kingdom,0.0,4,12,2154.45,2011-12-05T15:38:00.000+03:00,15,12,2,0
14000,United Kingdom,0.0,211,5,1225.76,2011-05-12T16:50:00.000+03:00,16,5,5,0
15967,United Kingdom,0.0,23,12,2966.0,2011-11-16T15:41:00.000+03:00,15,11,4,0
17132,United Kingdom,0.0,452,2,911.38,2010-09-13T16:31:00.000+03:00,16,9,2,0
17816,United Kingdom,0.0,36,6,96.11,2011-11-03T11:34:00.000+03:00,11,11,5,0
17442,United Kingdom,0.0,36,15,4542.66,2011-11-03T09:17:00.000+03:00,9,11,5,0
16509,United Kingdom,0.0,296,1,363.7,2011-02-16T09:25:00.000+03:00,9,2,4,0
17500,United Kingdom,0.0,17,3,1138.0,2011-11-22T14:25:00.000+03:00,14,11,3,0
14026,United Kingdom,0.0,470,2,713.11,2010-08-26T10:31:00.000+03:00,10,8,5,0
18092,United Kingdom,0.0,2,16,6219.4,2011-12-07T13:14:00.000+03:00,13,12,4,0
13048,United Kingdom,0.0,14,9,3945.45,2011-11-25T13:23:00.000+03:00,13,11,6,1
15939,United Kingdom,0.0,89,13,2140.02,2011-09-11T11:30:00.000+03:00,11,9,1,0
13425,United Kingdom,0.0,108,5,2645.03,2011-08-23T17:13:00.000+03:00,17,8,3,0
15516,United Kingdom,0.0,44,3,62.43,2011-10-26T10:51:00.000+03:00,10,10,4,0
13104,United Kingdom,0.0,3,7,860.46,2011-12-06T13:10:00.000+03:00,13,12,3,0
13440,United Kingdom,0.0,423,7,1295.25,2010-10-12T13:11:00.000+03:00,13,10,3,0
17707,United Kingdom,0.0,185,8,282.9,2011-06-07T15:03:00.000+03:00,15,6,3,0
14447,United Kingdom,0.0,18,6,1711.73,2011-11-21T08:28:00.000+03:00,8,11,2,0
15033,United Kingdom,0.0,4,10,2529.1,2011-12-05T12:40:00.000+03:00,12,12,2,0
15771,United Kingdom,0.0,604,3,657.7,2010-04-14T13:56:00.000+03:00,13,4,4,0
14236,United Kingdom,0.0,80,5,1224.62,2011-09-20T09:13:00.000+03:00,9,9,3,0
16232,United Kingdom,0.0,43,7,1814.77,2011-10-27T12:16:00.000+03:00,12,10,5,0
15321,United Kingdom,0.0,70,12,6234.27,2011-09-30T09:40:00.000+03:00,9,9,6,1
14718,United Kingdom,0.0,410,1,139.9,2010-10-25T13:07:00.000+03:00,13,10,2,0
14290,United Kingdom,0.0,11,8,4050.76,2011-11-28T14:02:00.000+03:00,14,11,2,0
12989,United Kingdom,0.0,3,17,2636.93,2011-12-06T15:28:00.000+03:00,15,12,3,0
15312,United Kingdom,0.0,75,12,2848.59,2011-09-25T13:10:00.000+03:00,13,9,1,0
16463,United Kingdom,0.0,21,4,1312.48,2011-11-18T14:01:00.000+03:00,14,11,6,1
13005,United Kingdom,0.0,173,4,999.68,2011-06-19T10:53:00.000+03:00,10,6,1,0
13798,United Kingdom,0.0,7,61,8281.67,2011-12-02T12:28:00.000+03:00,12,12,6,1
17338,United Kingdom,0.0,17,17,11811.71,2011-11-22T14:23:00.000+03:00,14,11,3,0
17562,United Kingdom,0.0,14,7,1078.82,2011-11-25T14:21:00.000+03:00,14,11,6,1
15421,United Kingdom,0.0,58,10,3781.34,2011-10-12T09:20:00.000+03:00,9,10,4,0
13865,United Kingdom,0.0,58,4,501.56,2011-10-12T13:31:00.000+03:00,13,10,4,0
14626,United Kingdom,0.0,23,11,4490.0,2011-11-16T10:37:00.000+03:00,10,11,4,0
15855,United Kingdom,0.0,136,6,911.84,2011-07-26T10:20:00.000+03:00,10,7,3,0
17682,United Kingdom,0.0,10,11,3985.54,2011-11-29T15:59:00.000+03:00,15,11,3,0
13693,United Kingdom,0.0,374,9,1981.58,2010-11-30T18:21:00.000+03:00,18,11,3,0
15262,United Kingdom,0.0,323,3,418.82,2011-01-20T12:16:00.000+03:00,12,1,5,0
13734,United Kingdom,0.0,508,3,754.19,2010-07-19T12:04:00.000+03:00,12,7,2,0
18006,United Kingdom,0.0,23,4,637.19,2011-11-16T16:52:00.000+03:00,16,11,4,0
16120,United Kingdom,0.0,59,5,1065.27,2011-10-11T14:22:00.000+03:00,14,10,3,0
16258,United Kingdom,0.0,45,15,9003.3,2011-10-25T13:30:00.000+03:00,13,10,3,0
16743,United Kingdom,0.0,29,14,3766.03,2011-11-10T13:13:00.000+03:00,13,11,5,0
14771,United Kingdom,0.0,621,2,594.62,2010-03-28T12:52:00.000+03:00,12,3,1,0
12676,Sweden,8.0,24,11,2572.37,2011-11-15T12:25:00.000+03:00,12,11,3,0
18249,United Kingdom,0.0,17,1,81.66,2011-11-22T15:07:00.000+03:00,15,11,3,0
18005,United Kingdom,0.0,3,2,226.47,2011-12-06T11:51:00.000+03:00,11,12,3,0
13036,United Kingdom,0.0,684,1,307.1,2010-01-24T11:35:00.000+03:00,11,1,1,0
13650,United Kingdom,0.0,16,10,3274.14,2011-11-23T12:22:00.000+03:00,12,11,4,0
15637,United Kingdom,0.0,52,5,693.91,2011-10-18T08:28:00.000+03:00,8,10,3,0
17402,United Kingdom,0.0,4,21,2701.52,2011-12-05T10:15:00.000+03:00,10,12,2,0
13015,United Kingdom,0.0,53,11,6324.06,2011-10-17T13:19:00.000+03:00,13,10,2,0
13113,United Kingdom,0.0,0,37,11166.25,2011-12-09T12:49:00.000+03:00,12,12,6,1
15213,United Kingdom,0.0,318,2,328.35,2011-01-25T12:21:00.000+03:00,12,1,3,0
15695,United Kingdom,0.0,266,4,1117.12,2011-03-18T08:32:00.000+03:00,8,3,6,1
16696,United Kingdom,0.0,135,4,657.9,2011-07-27T14:23:00.000+03:00,14,7,4,0
18079,United Kingdom,0.0,45,4,708.87,2011-10-25T15:21:00.000+03:00,15,10,3,0
12429,Denmark,14.0,9,7,4065.55,2011-11-30T17:22:00.000+03:00,17,11,4,0
16952,United Kingdom,0.0,109,5,795.83,2011-08-22T13:03:00.000+03:00,13,8,2,0
12710,Germany,1.0,96,3,1125.62,2011-09-04T12:00:00.000+03:00,12,9,1,0
14872,United Kingdom,0.0,483,3,783.48,2010-08-13T12:34:00.000+03:00,12,8,6,1
12670,France,2.0,10,7,3348.21,2011-11-29T15:23:00.000+03:00,15,11,3,0
15722,United Kingdom,0.0,35,10,3018.68,2011-11-04T11:41:00.000+03:00,11,11,6,1
17152,United Kingdom,0.0,194,4,539.6,2011-05-29T12:19:00.000+03:00,12,5,1,0
12968,United Kingdom,0.0,112,1,135.95,2011-08-19T15:44:00.000+03:00,15,8,6,1
14549,United Kingdom,0.0,311,4,906.04,2011-02-01T13:47:00.000+03:00,13,2,3,0
17586,United Kingdom,0.0,619,1,167.4,2010-03-30T13:12:00.000+03:00,13,3,3,0
16034,United Kingdom,0.0,196,5,709.72,2011-05-27T16:17:00.000+03:00,16,5,6,1
16240,United Kingdom,0.0,24,2,3115.42,2011-11-15T14:30:00.000+03:00,14,11,3,0
15906,United Kingdom,0.0,19,10,2530.19,2011-11-20T12:24:00.000+03:00,12,11,1,0
13950,United Kingdom,0.0,11,4,663.46,2011-11-28T14:44:00.000+03:00,14,11,2,0
17218,United Kingdom,0.0,4,18,3827.55,2011-12-05T13:52:00.000+03:00,13,12,2,0
15651,United Kingdom,0.0,36,5,1090.5,2011-11-03T08:41:00.000+03:00,8,11,5,0
12728,France,2.0,71,5,1029.37,2011-09-29T15:31:00.000+03:00,15,9,5,0
14767,United Kingdom,0.0,474,1,382.81,2010-08-22T14:54:00.000+03:00,14,8,1,0
17821,United Kingdom,0.0,406,1,258.3,2010-10-29T13:20:00.000+03:00,13,10,6,1
15347,United Kingdom,0.0,366,4,857.0,2010-12-08T15:25:00.000+03:00,15,12,4,0
16016,United Kingdom,0.0,3,11,2042.6,2011-12-06T14:35:00.000+03:00,14,12,3,0
14467,United Kingdom,0.0,17,12,2190.64,2011-11-22T12:48:00.000+03:00,12,11,3,0
13777,United Kingdom,0.0,8,39,5895.38,2011-12-01T11:18:00.000+03:00,11,12,5,0
16206,United Kingdom,0.0,54,13,2537.85,2011-10-16T10:41:00.000+03:00,10,10,1,0
17092,United Kingdom,0.0,50,10,5211.2,2011-10-20T19:51:00.000+03:00,19,10,5,0
17342,United Kingdom,0.0,379,4,1037.1,2010-11-25T11:07:00.000+03:00,11,11,5,0
17494,United Kingdom,0.0,501,1,54.7,2010-07-26T10:06:00.000+03:00,10,7,2,0
14828,United Kingdom,0.0,196,8,1401.92,2011-05-27T10:16:00.000+03:00,10,5,6,1
16499,United Kingdom,0.0,360,8,2497.22,2010-12-14T13:31:00.000+03:00,13,12,3,0
17774,United Kingdom,0.0,96,9,3191.87,2011-09-04T12:49:00.000+03:00,12,9,1,0
15640,United Kingdom,0.0,4,28,17913.83,2011-12-05T14:35:00.000+03:00,14,12,2,0
13593,United Kingdom,0.0,108,14,5370.89,2011-08-23T13:35:00.000+03:00,13,8,3,0
13402,United Kingdom,0.0,127,4,1212.93,2011-08-04T15:51:00.000+03:00,15,8,5,0
13668,United Kingdom,0.0,2,35,10046.92,2011-12-07T12:11:00.000+03:00,12,12,4,0
14471,United Kingdom,0.0,591,2,400.95,2010-04-27T17:12:00.000+03:00,17,4,3,0
12897,United Kingdom,0.0,204,4,340.25,2011-05-19T12:13:00.000+03:00,12,5,5,0
13445,United Kingdom,0.0,626,1,119.4,2010-03-23T15:34:00.000+03:00,15,3,3,0
13880,United Kingdom,0.0,21,17,4263.62,2011-11-18T13:44:00.000+03:00,13,11,6,1
16245,United Kingdom,0.0,23,3,1348.26,2011-11-16T10:14:00.000+03:00,10,11,4,0
13455,United Kingdom,0.0,24,6,2212.99,2011-11-15T11:21:00.000+03:00,11,11,3,0
17070,United Kingdom,0.0,114,2,437.42,2011-08-17T17:01:00.000+03:00,17,8,4,0
15978,United Kingdom,0.0,77,3,2687.46,2011-09-23T15:21:00.000+03:00,15,9,6,1
15062,United Kingdom,0.0,71,8,2488.04,2011-09-29T16:51:00.000+03:00,16,9,5,0
17301,United Kingdom,0.0,21,2,294.39,2011-11-18T13:43:00.000+03:00,13,11,6,1
14802,United Kingdom,0.0,438,2,1502.98,2010-09-27T16:34:00.000+03:00,16,9,2,0
13179,United Kingdom,0.0,618,1,572.31,2010-03-31T11:40:00.000+03:00,11,3,4,0
14462,United Kingdom,0.0,66,12,2212.57,2011-10-04T15:55:00.000+03:00,15,10,3,0
13958,United Kingdom,0.0,379,8,4008.21,2010-11-25T10:11:00.000+03:00,10,11,5,0
13187,United Kingdom,0.0,337,4,341.36,2011-01-06T18:57:00.000+03:00,18,1,5,0
12521,Germany,1.0,142,1,599.68,2011-07-20T10:51:00.000+03:00,10,7,4,0
16900,United Kingdom,0.0,16,3,803.25,2011-11-23T10:32:00.000+03:00,10,11,4,0
12820,United Kingdom,0.0,3,11,2549.96,2011-12-06T15:12:00.000+03:00,15,12,3,0
13413,United Kingdom,0.0,639,5,146.63,2010-03-10T12:17:00.000+03:00,12,3,4,0
13922,United Kingdom,0.0,351,3,717.3,2010-12-23T10:38:00.000+03:00,10,12,5,0
17754,United Kingdom,0.0,0,12,2407.66,2011-12-09T11:20:00.000+03:00,11,12,6,1
16557,United Kingdom,0.0,24,2,236.85,2011-11-15T14:04:00.000+03:00,14,11,3,0
15679,United Kingdom,0.0,24,4,690.98,2011-11-15T16:19:00.000+03:00,16,11,3,0
15199,United Kingdom,0.0,59,10,1969.65,2011-10-11T15:12:00.000+03:00,15,10,3,0
17359,United Kingdom,0.0,11,2,240.9,2011-11-28T14:37:00.000+03:00,14,11,2,0
12936,United Kingdom,0.0,17,3,911.9,2011-11-22T17:32:00.000+03:00,17,11,3,0
17067,United Kingdom,0.0,724,3,261.1,2009-12-15T08:39:00.000+03:00,8,12,3,0
15058,United Kingdom,0.0,25,16,3320.38,2011-11-14T14:57:00.000+03:00,14,11,2,0
12775,Netherlands,6.0,17,7,1482.36,2011-11-22T16:33:00.000+03:00,16,11,3,0
15281,United Kingdom,0.0,58,16,8361.41,2011-10-12T09:10:00.000+03:00,9,10,4,0
15401,United Kingdom,0.0,452,2,216.95,2010-09-13T13:42:00.000+03:00,13,9,2,0
16321,Australia,10.0,72,7,604.55,2011-09-28T14:55:00.000+03:00,14,9,4,0
15620,United Kingdom,0.0,56,4,1899.16,2011-10-14T12:41:00.000+03:00,12,10,6,1
14535,United Kingdom,0.0,60,9,5895.37,2011-10-10T15:39:00.000+03:00,15,10,2,0
16065,United Kingdom,0.0,365,8,1951.33,2010-12-09T13:03:00.000+03:00,13,12,5,0
17139,United Kingdom,0.0,15,25,16391.78,2011-11-24T10:12:00.000+03:00,10,11,5,0
13471,United Kingdom,0.0,1,4,2470.64,2011-12-08T15:44:00.000+03:00,15,12,5,0
14189,United Kingdom,0.0,2,16,5067.09,2011-12-07T15:55:00.000+03:00,15,12,4,0
14341,United Kingdom,0.0,45,18,4184.62,2011-10-25T15:48:00.000+03:00,15,10,3,0
14080,United Kingdom,0.0,32,5,1115.68,2011-11-07T11:09:00.000+03:00,11,11,2,0
18152,United Kingdom,0.0,646,1,426.69,2010-03-03T15:26:00.000+03:00,15,3,4,0
13686,United Kingdom,0.0,182,3,409.04,2011-06-10T09:10:00.000+03:00,9,6,6,1
15779,United Kingdom,0.0,463,2,124.08,2010-09-02T16:40:00.000+03:00,16,9,5,0
16242,United Kingdom,0.0,8,14,7236.29,2011-12-01T15:12:00.000+03:00,15,12,5,0
12986,United Kingdom,0.0,428,10,2093.72,2010-10-07T11:57:00.000+03:00,11,10,5,0
15570,United Kingdom,0.0,7,25,8492.17,2011-12-02T14:47:00.000+03:00,14,12,6,1
14057,United Kingdom,0.0,23,21,6293.44,2011-11-16T10:32:00.000+03:00,10,11,4,0
13708,United Kingdom,0.0,271,1,271.41,2011-03-13T13:46:00.000+03:00,13,3,1,0
15559,United Kingdom,0.0,568,1,1109.4,2010-05-20T14:06:00.000+03:00,14,5,5,0
17593,United Kingdom,0.0,3,11,7174.64,2011-12-06T10:30:00.000+03:00,10,12,3,0
13184,United Kingdom,0.0,14,10,1451.87,2011-11-25T12:02:00.000+03:00,12,11,6,1
13842,United Kingdom,0.0,58,18,5238.52,2011-10-12T10:51:00.000+03:00,10,10,4,0
13487,United Kingdom,0.0,57,5,846.87,2011-10-13T12:07:00.000+03:00,12,10,5,0
12454,Spain,3.0,56,2,801.7,2011-10-14T17:13:00.000+03:00,17,10,6,1
12668,Germany,1.0,11,10,11087.67,2011-11-28T10:56:00.000+03:00,10,11,2,0
13839,United Kingdom,0.0,486,1,139.95,2010-08-10T13:52:00.000+03:00,13,8,3,0
18061,United Kingdom,0.0,21,28,3260.09,2011-11-18T11:20:00.000+03:00,11,11,6,1
15046,United Kingdom,0.0,9,25,4733.29,2011-11-30T15:50:00.000+03:00,15,11,4,0
14893,United Kingdom,0.0,9,3,1765.69,2011-11-30T12:31:00.000+03:00,12,11,4,0
14985,United Kingdom,0.0,198,2,273.29,2011-05-25T14:29:00.000+03:00,14,5,4,0
13975,United Kingdom,0.0,31,12,5149.84,2011-11-08T13:19:00.000+03:00,13,11,3,0
17637,United Kingdom,0.0,31,2,547.06,2011-11-08T12:51:00.000+03:00,12,11,3,0
14134,United Kingdom,0.0,382,14,5149.43,2010-11-22T12:26:00.000+03:00,12,11,2,0
14740,United Kingdom,0.0,197,11,3975.42,2011-05-26T18:17:00.000+03:00,18,5,5,0
12999,United Kingdom,0.0,196,3,401.28,2011-05-27T13:24:00.000+03:00,13,5,6,1
14064,United Kingdom,0.0,29,15,2244.68,2011-11-10T13:14:00.000+03:00,13,11,5,0
16690,United Kingdom,0.0,72,4,300.83,2011-09-28T15:02:00.000+03:00,15,9,4,0
15874,United Kingdom,0.0,63,21,7863.26,2011-10-07T12:31:00.000+03:00,12,10,6,1
12423,Belgium,4.0,0,9,2300.19,2011-12-09T10:10:00.000+03:00,10,12,6,1
15754,United Kingdom,0.0,51,9,2720.65,2011-10-19T14:40:00.000+03:00,14,10,4,0
15091,United Kingdom,0.0,67,3,965.01,2011-10-03T12:47:00.000+03:00,12,10,2,0
17611,United Kingdom,0.0,7,28,8100.93,2011-12-02T13:29:00.000+03:00,13,12,6,1
14947,United Kingdom,0.0,72,6,1049.79,2011-09-28T15:48:00.000+03:00,15,9,4,0
16384,United Kingdom,0.0,89,4,1299.91,2011-09-11T11:19:00.000+03:00,11,9,1,0
16496,United Kingdom,0.0,8,6,2195.05,2011-12-01T10:31:00.000+03:00,10,12,5,0
16620,United Kingdom,0.0,3,6,1599.87,2011-12-06T12:19:00.000+03:00,12,12,3,0
12494,France,2.0,15,9,1801.35,2011-11-24T09:34:00.000+03:00,9,11,5,0
17757,United Kingdom,0.0,1,56,8001.8,2011-12-08T15:31:00.000+03:00,15,12,5,0
17704,United Kingdom,0.0,168,2,803.59,2011-06-24T09:40:00.000+03:00,9,6,6,1
14299,United Kingdom,0.0,8,27,7772.17,2011-12-01T16:05:00.000+03:00,16,12,5,0
16792,United Kingdom,0.0,282,5,623.46,2011-03-02T14:41:00.000+03:00,14,3,4,0
16050,United Kingdom,0.0,173,3,256.18,2011-06-19T11:44:00.000+03:00,11,6,1,0
17167,United Kingdom,0.0,379,3,867.11,2010-11-25T10:05:00.000+03:00,10,11,5,0
13477,United Kingdom,0.0,37,11,2571.55,2011-11-02T12:04:00.000+03:00,12,11,4,0
13073,United Kingdom,0.0,411,2,418.08,2010-10-24T14:06:00.000+03:00,14,10,1,0
12552,Italy,9.0,38,2,437.82,2011-11-01T10:02:00.000+03:00,10,11,3,0
12679,France,2.0,58,4,884.06,2011-10-12T12:30:00.000+03:00,12,10,4,0
17416,United Kingdom,0.0,29,21,14271.83,2011-11-10T12:47:00.000+03:00,12,11,5,0
15296,United Kingdom,0.0,50,12,9472.11,2011-10-20T11:47:00.000+03:00,11,10,5,0
14863,United Kingdom,0.0,29,1,266.76,2011-11-10T15:04:00.000+03:00,15,11,5,0
16951,United Kingdom,0.0,134,3,1212.71,2011-07-28T12:05:00.000+03:00,12,7,5,0
14048,United Kingdom,0.0,305,3,723.49,2011-02-07T14:53:00.000+03:00,14,2,2,0
15465,United Kingdom,0.0,19,32,7478.22,2011-11-20T10:11:00.000+03:00,10,11,1,0
18203,United Kingdom,0.0,157,4,492.52,2011-07-05T13:07:00.000+03:00,13,7,3,0
15715,United Kingdom,0.0,555,5,658.02,2010-06-02T09:56:00.000+03:00,9,6,4,0
12611,Italy,9.0,52,1,1049.32,2011-10-18T13:12:00.000+03:00,13,10,3,0
16742,United Kingdom,0.0,46,14,1230.09,2011-10-24T12:02:00.000+03:00,12,10,2,0
12779,Poland,19.0,37,14,5668.43,2011-11-02T11:43:00.000+03:00,11,11,4,0
12528,Germany,1.0,9,6,1933.48,2011-11-30T14:40:00.000+03:00,14,11,4,0
16276,United Kingdom,0.0,176,3,545.03,2011-06-16T09:34:00.000+03:00,9,6,5,0
16856,United Kingdom,0.0,14,3,358.49,2011-11-25T08:59:00.000+03:00,8,11,6,1
12413,France,2.0,66,3,758.1,2011-10-04T09:00:00.000+03:00,9,10,3,0
14902,United Kingdom,0.0,25,3,994.82,2011-11-14T10:34:00.000+03:00,10,11,2,0
14814,United Kingdom,0.0,581,1,154.21,2010-05-07T14:10:00.000+03:00,14,5,6,1
17235,United Kingdom,0.0,25,8,1252.48,2011-11-14T15:51:00.000+03:00,15,11,2,0
18210,United Kingdom,0.0,1,7,2566.63,2011-12-08T11:02:00.000+03:00,11,12,5,0
17021,United Kingdom,0.0,442,6,797.62,2010-09-23T20:01:00.000+03:00,20,9,5,0
15846,United Kingdom,0.0,385,1,107.01,2010-11-19T14:40:00.000+03:00,14,11,6,1
12987,United Kingdom,0.0,73,5,1312.21,2011-09-27T12:03:00.000+03:00,12,9,3,0
16588,United Kingdom,0.0,386,4,1361.28,2010-11-18T17:56:00.000+03:00,17,11,5,0
16266,United Kingdom,0.0,73,14,1645.75,2011-09-27T12:08:00.000+03:00,12,9,3,0
15789,United Kingdom,0.0,358,6,1606.37,2010-12-16T14:35:00.000+03:00,14,12,5,0
17064,United Kingdom,0.0,58,3,855.45,2011-10-12T10:18:00.000+03:00,10,10,4,0
16008,United Kingdom,0.0,23,15,4742.85,2011-11-16T10:32:00.000+03:00,10,11,4,0
15623,United Kingdom,0.0,141,8,2160.65,2011-07-21T17:26:00.000+03:00,17,7,5,0
12970,United Kingdom,0.0,7,10,1355.08,2011-12-02T14:30:00.000+03:00,14,12,6,1
17744,United Kingdom,0.0,3,7,1849.0,2011-12-06T12:11:00.000+03:00,12,12,3,0
13306,United Kingdom,0.0,430,1,53.65,2010-10-05T14:55:00.000+03:00,14,10,3,0
14546,United Kingdom,0.0,5,11,5184.84,2011-12-04T13:00:00.000+03:00,13,12,1,0
15373,United Kingdom,0.0,8,17,3084.54,2011-12-01T15:05:00.000+03:00,15,12,5,0
16332,United Kingdom,0.0,28,10,1922.89,2011-11-11T14:22:00.000+03:00,14,11,6,1
13002,United Kingdom,0.0,318,3,414.13,2011-01-25T15:18:00.000+03:00,15,1,3,0
14909,United Kingdom,0.0,437,3,1404.68,2010-09-28T16:56:00.000+03:00,16,9,3,0
13881,United Kingdom,0.0,17,28,10140.3,2011-11-22T08:19:00.000+03:00,8,11,3,0
13727,United Kingdom,0.0,28,8,1046.95,2011-11-11T09:46:00.000+03:00,9,11,6,1
14298,United Kingdom,0.0,8,74,49395.46,2011-12-01T13:12:00.000+03:00,13,12,5,0
15521,United Kingdom,0.0,40,16,6445.32,2011-10-30T13:42:00.000+03:00,13,10,1,0
16128,United Kingdom,0.0,17,10,3435.77,2011-11-22T11:14:00.000+03:00,11,11,3,0
15244,United Kingdom,0.0,65,3,912.08,2011-10-05T13:19:00.000+03:00,13,10,4,0
16746,United Kingdom,0.0,4,41,12447.15,2011-12-05T12:33:00.000+03:00,12,12,2,0
16201,United Kingdom,0.0,3,5,2039.32,2011-12-06T16:02:00.000+03:00,16,12,3,0
13101,United Kingdom,0.0,234,4,579.06,2011-04-19T14:37:00.000+03:00,14,4,3,0
17200,United Kingdom,0.0,387,3,176.71,2010-11-17T13:04:00.000+03:00,13,11,4,0
15045,United Kingdom,0.0,151,2,735.66,2011-07-11T11:33:00.000+03:00,11,7,2,0
13114,United Kingdom,0.0,730,1,234.38,2009-12-09T09:56:00.000+03:00,9,12,4,0
13144,United Kingdom,0.0,332,2,135.35,2011-01-11T11:15:00.000+03:00,11,1,3,0
13082,United Kingdom,0.0,126,18,2411.07,2011-08-05T16:16:00.000+03:00,16,8,6,1
16948,United Kingdom,0.0,138,7,536.85,2011-07-24T12:46:00.000+03:00,12,7,1,0
17213,United Kingdom,0.0,40,13,4839.52,2011-10-30T14:53:00.000+03:00,14,10,1,0
14277,France,2.0,15,8,4832.67,2011-11-24T15:01:00.000+03:00,15,11,5,0
17045,United Kingdom,0.0,113,5,796.24,2011-08-18T17:09:00.000+03:00,17,8,5,0
15227,United Kingdom,0.0,36,9,2409.17,2011-11-03T11:59:00.000+03:00,11,11,5,0
15114,United Kingdom,0.0,30,12,3275.8,2011-11-09T15:05:00.000+03:00,15,11,4,0
13488,United Kingdom,0.0,17,23,13171.56,2011-11-22T14:41:00.000+03:00,14,11,3,0
14412,United Kingdom,0.0,42,3,1258.99,2011-10-28T10:45:00.000+03:00,10,10,6,1
16636,United Kingdom,0.0,438,4,1738.02,2010-09-27T13:13:00.000+03:00,13,9,2,0
13379,United Kingdom,0.0,26,3,572.56,2011-11-13T13:45:00.000+03:00,13,11,1,0
17195,United Kingdom,0.0,655,1,366.9,2010-02-22T13:05:00.000+03:00,13,2,2,0
17970,United Kingdom,0.0,211,1,338.63,2011-05-12T20:03:00.000+03:00,20,5,5,0
12381,Norway,13.0,4,5,1821.91,2011-12-05T12:44:00.000+03:00,12,12,2,0
14527,United Kingdom,0.0,2,122,27000.96,2011-12-07T12:19:00.000+03:00,12,12,4,0
13248,United Kingdom,0.0,124,2,446.96,2011-08-07T12:40:00.000+03:00,12,8,1,0
16168,United Kingdom,0.0,10,62,6205.47,2011-11-29T12:45:00.000+03:00,12,11,3,0
13970,United Kingdom,0.0,386,2,359.35,2010-11-18T13:21:00.000+03:00,13,11,5,0
16779,United Kingdom,0.0,2,52,21787.07,2011-12-07T14:54:00.000+03:00,14,12,4,0
17146,United Kingdom,0.0,105,13,5710.32,2011-08-26T12:44:00.000+03:00,12,8,6,1
16309,United Kingdom,0.0,106,2,706.57,2011-08-25T15:35:00.000+03:00,15,8,5,0
17230,United Kingdom,0.0,264,15,6558.61,2011-03-20T16:12:00.000+03:00,16,3,1,0
15785,United Kingdom,0.0,32,16,4209.85,2011-11-07T11:33:00.000+03:00,11,11,2,0
17827,United Kingdom,0.0,5,6,2273.15,2011-12-04T15:00:00.000+03:00,15,12,1,0
14394,United Kingdom,0.0,564,1,93.8,2010-05-24T10:43:00.000+03:00,10,5,2,0
14473,United Kingdom,0.0,74,2,196.18,2011-09-26T15:10:00.000+03:00,15,9,2,0
13696,United Kingdom,0.0,421,3,1134.4,2010-10-14T09:44:00.000+03:00,9,10,5,0
17618,United Kingdom,0.0,5,11,3811.82,2011-12-04T11:50:00.000+03:00,11,12,1,0
14849,United Kingdom,0.0,21,43,13605.87,2011-11-18T10:58:00.000+03:00,10,11,6,1
18204,United Kingdom,0.0,71,3,1975.35,2011-09-29T16:44:00.000+03:00,16,9,5,0
14075,United Kingdom,0.0,4,6,1405.95,2011-12-05T08:38:00.000+03:00,8,12,2,0
17548,United Kingdom,0.0,233,4,686.26,2011-04-20T12:01:00.000+03:00,12,4,4,0
14861,United Kingdom,0.0,52,10,1258.39,2011-10-18T12:54:00.000+03:00,12,10,3,0
12659,France,2.0,29,1,63.6,2011-11-10T11:53:00.000+03:00,11,11,5,0
16359,United Kingdom,0.0,7,14,1712.79,2011-12-02T17:04:00.000+03:00,17,12,6,1
12748,United Kingdom,0.0,0,329,42276.81,2011-12-09T12:20:00.000+03:00,12,12,6,1
13244,United Kingdom,0.0,92,1,121.74,2011-09-08T11:46:00.000+03:00,11,9,5,0
13233,United Kingdom,0.0,74,4,909.7,2011-09-26T13:25:00.000+03:00,13,9,2,0
15051,United Kingdom,0.0,23,9,3203.63,2011-11-16T15:38:00.000+03:00,15,11,4,0
16937,United Kingdom,0.0,499,1,196.25,2010-07-28T17:56:00.000+03:00,17,7,4,0
14522,United Kingdom,0.0,71,7,873.86,2011-09-29T09:37:00.000+03:00,9,9,5,0
16466,United Kingdom,0.0,33,15,3197.15,2011-11-06T11:35:00.000+03:00,11,11,1,0
13587,United Kingdom,0.0,63,4,971.2,2011-10-07T12:31:00.000+03:00,12,10,6,1
14307,United Kingdom,0.0,88,10,4092.98,2011-09-12T09:38:00.000+03:00,9,9,2,0
15916,United Kingdom,0.0,16,13,3101.32,2011-11-23T13:46:00.000+03:00,13,11,4,0
17874,United Kingdom,0.0,185,6,673.02,2011-06-07T12:54:00.000+03:00,12,6,3,0
16341,United Kingdom,0.0,24,7,2234.01,2011-11-15T09:12:00.000+03:00,9,11,3,0
13799,United Kingdom,0.0,116,9,2407.09,2011-08-15T12:07:00.000+03:00,12,8,2,0
15885,United Kingdom,0.0,92,15,1951.82,2011-09-08T10:43:00.000+03:00,10,9,5,0
17395,United Kingdom,0.0,508,1,52.5,2010-07-19T15:34:00.000+03:00,15,7,2,0
13067,United Kingdom,0.0,82,3,508.51,2011-09-18T13:38:00.000+03:00,13,9,1,0
14570,United Kingdom,0.0,280,3,438.7,2011-03-04T10:58:00.000+03:00,10,3,6,1
17753,United Kingdom,0.0,464,4,382.06,2010-09-01T15:49:00.000+03:00,15,9,4,0
12645,Germany,1.0,33,8,3290.9,2011-11-06T12:38:00.000+03:00,12,11,1,0
15889,United Kingdom,0.0,156,8,1387.28,2011-07-06T11:10:00.000+03:00,11,7,4,0
16449,United Kingdom,0.0,197,2,707.69,2011-05-26T10:25:00.000+03:00,10,5,5,0
17123,United Kingdom,0.0,161,3,835.57,2011-07-01T10:47:00.000+03:00,10,7,6,1
12595,Germany,1.0,504,1,235.3,2010-07-23T09:10:00.000+03:00,9,7,6,1
15660,United Kingdom,0.0,25,15,2492.21,2011-11-14T16:58:00.000+03:00,16,11,2,0
14475,United Kingdom,0.0,71,4,1137.11,2011-09-29T10:46:00.000+03:00,10,9,5,0
16024,United Kingdom,0.0,12,3,284.85,2011-11-27T13:26:00.000+03:00,13,11,1,0
15955,United Kingdom,0.0,24,22,7503.73,2011-11-15T14:15:00.000+03:00,14,11,3,0
16360,United Kingdom,0.0,4,6,3350.54,2011-12-05T12:16:00.000+03:00,12,12,2,0
15498,United Kingdom,0.0,2,44,22499.84,2011-12-07T12:48:00.000+03:00,12,12,4,0
17567,United Kingdom,0.0,7,9,3478.62,2011-12-02T15:48:00.000+03:00,15,12,6,1
14744,United Kingdom,0.0,16,12,1718.98,2011-11-23T12:51:00.000+03:00,12,11,4,0
13287,United Kingdom,0.0,603,3,770.79,2010-04-15T15:26:00.000+03:00,15,4,5,0
14627,United Kingdom,0.0,379,1,462.75,2010-11-25T16:32:00.000+03:00,16,11,5,0
16533,United Kingdom,0.0,19,3,1003.97,2011-11-20T13:08:00.000+03:00,13,11,1,0
12481,Germany,1.0,22,15,8917.07,2011-11-17T08:29:00.000+03:00,8,11,5,0
16554,United Kingdom,0.0,42,8,2841.72,2011-10-28T14:51:00.000+03:00,14,10,6,1
14780,United Kingdom,0.0,54,2,447.68,2011-10-16T12:46:00.000+03:00,12,10,1,0
14938,Channel Islands,15.0,562,2,1606.31,2010-05-26T13:38:00.000+03:00,13,5,4,0
17762,United Kingdom,0.0,456,1,117.15,2010-09-09T17:40:00.000+03:00,17,9,5,0
13947,United Kingdom,0.0,65,1,90.6,2011-10-05T14:42:00.000+03:00,14,10,4,0
17528,United Kingdom,0.0,1,8,3543.16,2011-12-08T13:27:00.000+03:00,13,12,5,0
13199,United Kingdom,0.0,7,43,5950.61,2011-12-02T08:55:00.000+03:00,8,12,6,1
17203,United Kingdom,0.0,35,10,1472.63,2011-11-04T12:27:00.000+03:00,12,11,6,1
17916,United Kingdom,0.0,628,2,22.99,2010-03-21T12:26:00.000+03:00,12,3,1,0
12882,United Kingdom,0.0,9,2,995.4,2011-11-30T16:18:00.000+03:00,16,11,4,0
14099,United Kingdom,0.0,16,20,5481.75,2011-11-23T13:53:00.000+03:00,13,11,4,0
13126,United Kingdom,0.0,4,13,3601.17,2011-12-05T10:00:00.000+03:00,10,12,2,0
17270,United Kingdom,0.0,469,2,374.35,2010-08-27T14:09:00.000+03:00,14,8,6,1
16732,United Kingdom,0.0,31,4,4226.9,2011-11-08T09:54:00.000+03:00,9,11,3,0
16367,United Kingdom,0.0,37,3,1317.36,2011-11-02T13:13:00.000+03:00,13,11,4,0
15394,United Kingdom,0.0,9,11,5028.48,2011-11-30T11:49:00.000+03:00,11,11,4,0
14934,Channel Islands,15.0,81,5,3175.3,2011-09-19T10:10:00.000+03:00,10,9,2,0
16122,United Kingdom,0.0,73,6,545.82,2011-09-27T15:34:00.000+03:00,15,9,3,0
16432,United Kingdom,0.0,64,1,143.4,2011-10-06T13:59:00.000+03:00,13,10,5,0
16686,United Kingdom,0.0,47,16,4678.03,2011-10-23T13:49:00.000+03:00,13,10,1,0
17596,United Kingdom,0.0,23,13,2404.19,2011-11-16T14:11:00.000+03:00,14,11,4,0
13814,Germany,1.0,92,3,2106.32,2011-09-08T13:48:00.000+03:00,13,9,5,0
17983,United Kingdom,0.0,395,1,126.71,2010-11-09T13:24:00.000+03:00,13,11,3,0
16015,United Kingdom,0.0,3,3,583.35,2011-12-06T10:58:00.000+03:00,10,12,3,0
13319,United Kingdom,0.0,5,58,20066.61,2011-12-04T13:34:00.000+03:00,13,12,1,0
18114,United Kingdom,0.0,290,1,220.1,2011-02-22T13:20:00.000+03:00,13,2,3,0
12418,Switzerland,7.0,112,4,1993.36,2011-08-19T11:08:00.000+03:00,11,8,6,1
15717,United Kingdom,0.0,234,5,607.0,2011-04-19T13:21:00.000+03:00,13,4,3,0
16765,United Kingdom,0.0,294,2,408.55,2011-02-18T15:41:00.000+03:00,15,2,6,1
16722,United Kingdom,0.0,17,22,6165.22,2011-11-22T13:28:00.000+03:00,13,11,3,0
13280,United Kingdom,0.0,122,7,2153.29,2011-08-09T13:14:00.000+03:00,13,8,3,0
13458,United Kingdom,0.0,7,16,10261.87,2011-12-02T15:29:00.000+03:00,15,12,6,1
14210,United Kingdom,0.0,105,16,5481.93,2011-08-26T12:36:00.000+03:00,12,8,6,1
15042,United Kingdom,0.0,199,1,135.93,2011-05-24T16:25:00.000+03:00,16,5,3,0
18111,United Kingdom,0.0,589,1,405.85,2010-04-29T12:58:00.000+03:00,12,4,5,0
17687,United Kingdom,0.0,420,1,432.68,2010-10-15T12:30:00.000+03:00,12,10,6,1
13152,United Kingdom,0.0,417,7,2119.18,2010-10-18T13:44:00.000+03:00,13,10,2,0
13097,United Kingdom,0.0,32,28,12897.14,2011-11-07T10:43:00.000+03:00,10,11,2,0
15221,United Kingdom,0.0,366,4,2062.2,2010-12-08T13:08:00.000+03:00,13,12,4,0
15013,United Kingdom,0.0,487,10,1490.22,2010-08-09T12:05:00.000+03:00,12,8,2,0
17085,United Kingdom,0.0,123,28,7785.07,2011-08-08T14:15:00.000+03:00,14,8,2,0
17949,United Kingdom,0.0,7,9,10023.3,2011-12-02T11:43:00.000+03:00,11,12,6,1
16326,United Kingdom,0.0,5,24,4721.25,2011-12-04T10:11:00.000+03:00,10,12,1,0
14878,United Kingdom,0.0,12,23,3513.1,2011-11-27T11:15:00.000+03:00,11,11,1,0
17237,United Kingdom,0.0,11,4,994.13,2011-11-28T15:02:00.000+03:00,15,11,2,0
14430,United Kingdom,0.0,511,3,1167.5,2010-07-16T11:35:00.000+03:00,11,7,6,1
14260,United Kingdom,0.0,471,3,814.2,2010-08-25T14:55:00.000+03:00,14,8,4,0
13725,United Kingdom,0.0,49,8,1943.12,2011-10-21T10:03:00.000+03:00,10,10,6,1
16849,United Kingdom,0.0,186,1,124.57,2011-06-06T09:16:00.000+03:00,9,6,2,0
16717,United Kingdom,0.0,23,14,6426.68,2011-11-16T12:16:00.000+03:00,12,11,4,0
12697,Sweden,8.0,28,3,876.71,2011-11-11T08:47:00.000+03:00,8,11,6,1
13984,United Kingdom,0.0,26,11,1110.32,2011-11-13T12:38:00.000+03:00,12,11,1,0
17306,United Kingdom,0.0,10,3,109.92,2011-11-29T12:14:00.000+03:00,12,11,3,0
14859,United Kingdom,0.0,12,5,1499.84,2011-11-27T11:18:00.000+03:00,11,11,1,0
16695,United Kingdom,0.0,561,2,173.0,2010-05-27T12:36:00.000+03:00,12,5,5,0
17580,United Kingdom,0.0,252,5,541.02,2011-04-01T12:41:00.000+03:00,12,4,6,1
13023,United Kingdom,0.0,64,3,1421.07,2011-10-06T16:27:00.000+03:00,16,10,5,0
13831,United Kingdom,0.0,16,16,3056.76,2011-11-23T15:41:00.000+03:00,15,11,4,0
15279,United Kingdom,0.0,354,5,1547.78,2010-12-20T10:48:00.000+03:00,10,12,2,0
15658,United Kingdom,0.0,190,8,2086.67,2011-06-02T15:22:00.000+03:00,15,6,5,0
17324,United Kingdom,0.0,17,11,1161.35,2011-11-22T10:34:00.000+03:00,10,11,3,0
18008,United Kingdom,0.0,70,12,984.22,2011-09-30T15:17:00.000+03:00,15,9,6,1
14734,United Kingdom,0.0,425,4,1056.42,2010-10-10T12:04:00.000+03:00,12,10,1,0
15643,United Kingdom,0.0,191,3,664.0,2011-06-01T07:38:00.000+03:00,7,6,4,0
13811,Germany,1.0,183,3,814.5,2011-06-09T09:54:00.000+03:00,9,6,5,0
14484,United Kingdom,0.0,50,4,990.34,2011-10-20T14:11:00.000+03:00,14,10,5,0
14731,United Kingdom,0.0,47,3,366.58,2011-10-23T15:54:00.000+03:00,15,10,1,0
14917,United Kingdom,0.0,596,2,481.63,2010-04-22T11:28:00.000+03:00,11,4,5,0
13669,United Kingdom,0.0,50,3,217.95,2011-10-20T09:32:00.000+03:00,9,10,5,0
15248,United Kingdom,0.0,411,3,1856.97,2010-10-24T13:09:00.000+03:00,13,10,1,0
16361,United Kingdom,0.0,9,4,891.21,2011-11-30T12:32:00.000+03:00,12,11,4,0
14931,Channel Islands,15.0,4,5,1257.68,2011-12-05T10:19:00.000+03:00,10,12,2,0
14251,United Kingdom,0.0,1,5,1796.82,2011-12-08T08:32:00.000+03:00,8,12,5,0
17629,United Kingdom,0.0,5,10,2086.82,2011-12-04T10:56:00.000+03:00,10,12,1,0
14868,United Kingdom,0.0,3,12,4079.01,2011-12-06T14:49:00.000+03:00,14,12,3,0
14611,United Kingdom,0.0,443,2,545.05,2010-09-22T09:19:00.000+03:00,9,9,4,0
14095,United Kingdom,0.0,722,1,2.95,2009-12-17T12:49:00.000+03:00,12,12,5,0
16766,United Kingdom,0.0,273,2,1084.4,2011-03-11T15:22:00.000+03:00,15,3,6,1
13765,United Kingdom,0.0,653,1,308.66,2010-02-24T13:46:00.000+03:00,13,2,4,0
15220,United Kingdom,0.0,51,6,1665.2,2011-10-19T12:39:00.000+03:00,12,10,4,0
13058,United Kingdom,0.0,24,3,271.4,2011-11-15T12:43:00.000+03:00,12,11,3,0
15504,United Kingdom,0.0,81,4,402.7,2011-09-19T13:45:00.000+03:00,13,9,2,0
15314,United Kingdom,0.0,199,3,679.03,2011-05-24T14:39:00.000+03:00,14,5,3,0
18234,United Kingdom,0.0,551,1,179.6,2010-06-06T11:22:00.000+03:00,11,6,1,0
17674,United Kingdom,0.0,74,2,271.32,2011-09-26T13:35:00.000+03:00,13,9,2,0
15247,United Kingdom,0.0,122,3,344.36,2011-08-09T12:52:00.000+03:00,12,8,3,0
15219,United Kingdom,0.0,176,2,685.45,2011-06-16T16:57:00.000+03:00,16,6,5,0
16479,United Kingdom,0.0,10,2,300.83,2011-11-29T13:40:00.000+03:00,13,11,3,0
14050,United Kingdom,0.0,31,2,746.36,2011-11-08T10:00:00.000+03:00,10,11,3,0
17221,United Kingdom,0.0,7,5,851.22,2011-12-02T13:35:00.000+03:00,13,12,6,1
12868,United Kingdom,0.0,185,8,2043.76,2011-06-07T10:42:00.000+03:00,10,6,3,0
16555,United Kingdom,0.0,35,5,1113.18,2011-11-04T14:31:00.000+03:00,14,11,6,1
17198,United Kingdom,0.0,23,3,631.02,2011-11-16T10:39:00.000+03:00,10,11,4,0
14714,United Kingdom,0.0,24,4,825.6,2011-11-15T13:07:00.000+03:00,13,11,3,0
17348,United Kingdom,0.0,14,9,2118.49,2011-11-25T11:25:00.000+03:00,11,11,6,1
15586,United Kingdom,0.0,592,3,717.9,2010-04-26T11:00:00.000+03:00,11,4,2,0
14398,United Kingdom,0.0,401,2,707.79,2010-11-03T13:46:00.000+03:00,13,11,4,0
13870,United Kingdom,0.0,2,15,3879.72,2011-12-07T13:23:00.000+03:00,13,12,4,0
16586,United Kingdom,0.0,248,3,1324.48,2011-04-05T09:32:00.000+03:00,9,4,3,0
12919,United Kingdom,0.0,8,6,1227.91,2011-12-01T13:47:00.000+03:00,13,12,5,0
15992,United Kingdom,0.0,3,3,896.6,2011-12-06T11:00:00.000+03:00,11,12,3,0
17446,United Kingdom,0.0,176,2,120.9,2011-06-16T10:42:00.000+03:00,10,6,5,0
13362,United Kingdom,0.0,9,7,5250.87,2011-11-30T14:41:00.000+03:00,14,11,4,0
14553,United Kingdom,0.0,19,9,1707.9,2011-11-20T13:20:00.000+03:00,13,11,1,0
15003,United Kingdom,0.0,473,6,1020.73,2010-08-23T15:44:00.000+03:00,15,8,2,0
13208,United Kingdom,0.0,58,9,1840.7,2011-10-12T09:54:00.000+03:00,9,10,4,0
18153,United Kingdom,0.0,659,1,246.22,2010-02-18T15:50:00.000+03:00,15,2,5,0
12492,Germany,1.0,63,3,715.21,2011-10-07T15:15:00.000+03:00,15,10,6,1
18013,United Kingdom,0.0,155,2,129.81,2011-07-07T14:11:00.000+03:00,14,7,5,0
13614,United Kingdom,0.0,24,6,2332.74,2011-11-15T14:47:00.000+03:00,14,11,3,0
16139,United Kingdom,0.0,18,5,1090.99,2011-11-21T08:37:00.000+03:00,8,11,2,0
18158,United Kingdom,0.0,9,2,453.4,2011-11-30T16:19:00.000+03:00,16,11,4,0
16706,United Kingdom,0.0,37,3,531.35,2011-11-02T13:50:00.000+03:00,13,11,4,0
13618,United Kingdom,0.0,173,1,154.54,2011-06-19T11:09:00.000+03:00,11,6,1,0
16889,United Kingdom,0.0,194,6,2479.97,2011-05-29T11:05:00.000+03:00,11,5,1,0
16788,United Kingdom,0.0,123,5,1928.93,2011-08-08T14:53:00.000+03:00,14,8,2,0
13279,United Kingdom,0.0,78,1,137.75,2011-09-22T17:24:00.000+03:00,17,9,5,0
13000,United Kingdom,0.0,259,3,937.46,2011-03-25T10:14:00.000+03:00,10,3,6,1
17282,United Kingdom,0.0,173,4,963.36,2011-06-19T10:20:00.000+03:00,10,6,1,0
14847,United Kingdom,0.0,148,3,1144.95,2011-07-14T10:52:00.000+03:00,10,7,5,0
16014,United Kingdom,0.0,37,5,1100.28,2011-11-02T12:04:00.000+03:00,12,11,4,0
16718,United Kingdom,0.0,369,5,2688.78,2010-12-05T13:03:00.000+03:00,13,12,1,0
15783,United Kingdom,0.0,10,1,197.82,2011-11-29T09:50:00.000+03:00,9,11,3,0
15588,United Kingdom,0.0,677,1,579.6,2010-01-31T12:19:00.000+03:00,12,1,1,0
17155,United Kingdom,0.0,17,7,583.1,2011-11-22T12:38:00.000+03:00,12,11,3,0
17135,United Kingdom,0.0,16,10,1347.9,2011-11-23T16:48:00.000+03:00,16,11,4,0
17051,United Kingdom,0.0,194,4,692.57,2011-05-29T14:13:00.000+03:00,14,5,1,0
17905,United Kingdom,0.0,156,12,1319.14,2011-07-06T10:47:00.000+03:00,10,7,4,0
14003,United Kingdom,0.0,732,1,199.33,2009-12-07T08:53:00.000+03:00,8,12,2,0
15709,United Kingdom,0.0,283,2,264.25,2011-03-01T10:38:00.000+03:00,10,3,3,0
17819,United Kingdom,0.0,71,11,2213.88,2011-09-29T10:52:00.000+03:00,10,9,5,0
14855,United Kingdom,0.0,119,7,4409.7,2011-08-12T14:02:00.000+03:00,14,8,6,1
17268,United Kingdom,0.0,150,5,284.45,2011-07-12T13:26:00.000+03:00,13,7,3,0
14493,United Kingdom,0.0,7,10,4931.78,2011-12-02T16:14:00.000+03:00,16,12,6,1
13967,United Kingdom,0.0,145,2,121.3,2011-07-17T12:02:00.000+03:00,12,7,1,0
13194,United Kingdom,0.0,135,2,349.9,2011-07-27T09:01:00.000+03:00,9,7,4,0
17378,United Kingdom,0.0,374,1,10.95,2010-11-30T18:46:00.000+03:00,18,11,3,0
17267,United Kingdom,0.0,127,2,249.7,2011-08-04T17:22:00.000+03:00,17,8,5,0
18015,United Kingdom,0.0,4,1,120.03,2011-12-05T14:49:00.000+03:00,14,12,2,0
15702,Nigeria,36.0,476,2,140.39,2010-08-20T14:50:00.000+03:00,14,8,6,1
17719,United Kingdom,0.0,37,15,5002.92,2011-11-02T10:36:00.000+03:00,10,11,4,0
14495,United Kingdom,0.0,50,3,174.8,2011-10-20T12:28:00.000+03:00,12,10,5,0
15290,United Kingdom,0.0,4,26,6912.93,2011-12-05T11:39:00.000+03:00,11,12,2,0
17582,United Kingdom,0.0,236,5,1212.35,2011-04-17T13:18:00.000+03:00,13,4,1,0
12635,Germany,1.0,89,4,2872.77,2011-09-11T11:04:00.000+03:00,11,9,1,0
17881,United Kingdom,0.0,304,1,133.35,2011-02-08T17:16:00.000+03:00,17,2,3,0
17991,United Kingdom,0.0,225,3,300.3,2011-04-28T15:58:00.000+03:00,15,4,5,0
14639,United Kingdom,0.0,52,9,4855.24,2011-10-18T15:06:00.000+03:00,15,10,3,0
16190,United Kingdom,0.0,40,8,2577.39,2011-10-30T15:59:00.000+03:00,15,10,1,0
17289,United Kingdom,0.0,31,9,1893.48,2011-11-08T12:01:00.000+03:00,12,11,3,0
17646,United Kingdom,0.0,219,12,3883.67,2011-05-04T13:17:00.000+03:00,13,5,4,0
15201,United Kingdom,0.0,87,7,1682.21,2011-09-13T14:53:00.000+03:00,14,9,3,0
17411,United Kingdom,0.0,12,5,1398.5,2011-11-27T14:25:00.000+03:00,14,11,1,0
15585,United Kingdom,0.0,176,1,455.3,2011-06-16T08:38:00.000+03:00,8,6,5,0
14605,United Kingdom,0.0,374,4,921.56,2010-11-30T14:07:00.000+03:00,14,11,3,0
14432,United Kingdom,0.0,9,6,2129.36,2011-11-30T08:04:00.000+03:00,8,11,4,0
17695,United Kingdom,0.0,131,5,1043.84,2011-07-31T10:40:00.000+03:00,10,7,1,0
13819,United Kingdom,0.0,301,6,1873.25,2011-02-11T10:38:00.000+03:00,10,2,6,1
12616,France,2.0,95,3,1131.1,2011-09-05T15:17:00.000+03:00,15,9,2,0
13989,United Kingdom,0.0,65,5,1195.02,2011-10-05T09:47:00.000+03:00,9,10,4,0
13495,United Kingdom,0.0,7,10,3678.11,2011-12-02T11:21:00.000+03:00,11,12,6,1
15919,United Kingdom,0.0,19,2,525.69,2011-11-20T11:28:00.000+03:00,11,11,1,0
14207,United Kingdom,0.0,687,1,157.8,2010-01-21T09:33:00.000+03:00,9,1,5,0
15791,United Kingdom,0.0,43,5,3370.14,2011-10-27T10:14:00.000+03:00,10,10,5,0
15334,United Kingdom,0.0,156,3,350.82,2011-07-06T11:22:00.000+03:00,11,7,4,0
16662,United Kingdom,0.0,394,1,151.05,2010-11-10T16:56:00.000+03:00,16,11,4,0
13310,United Kingdom,0.0,28,5,1541.2,2011-11-11T17:23:00.000+03:00,17,11,6,1
12555,Spain,3.0,682,1,129.23,2010-01-26T16:26:00.000+03:00,16,1,3,0
17813,United Kingdom,0.0,14,5,1674.67,2011-11-25T16:13:00.000+03:00,16,11,6,1
12410,Switzerland,7.0,308,3,1013.71,2011-02-04T10:39:00.000+03:00,10,2,6,1
12917,United Kingdom,0.0,400,4,950.4,2010-11-04T15:56:00.000+03:00,15,11,5,0
16169,United Kingdom,0.0,8,4,1730.57,2011-12-01T15:28:00.000+03:00,15,12,5,0
15656,United Kingdom,0.0,45,4,748.5,2011-10-25T14:56:00.000+03:00,14,10,3,0
13357,United Kingdom,0.0,257,5,3702.61,2011-03-27T13:56:00.000+03:00,13,3,1,0
15799,United Kingdom,0.0,75,4,1368.07,2011-09-25T12:46:00.000+03:00,12,9,1,0
13330,United Kingdom,0.0,92,6,2496.76,2011-09-08T12:27:00.000+03:00,12,9,5,0
17258,United Kingdom,0.0,396,2,417.3,2010-11-08T12:37:00.000+03:00,12,11,2,0
12619,Germany,1.0,16,10,1712.74,2011-11-23T14:52:00.000+03:00,14,11,4,0
17075,United Kingdom,0.0,17,10,2211.13,2011-11-22T11:58:00.000+03:00,11,11,3,0
13200,United Kingdom,0.0,19,4,726.57,2011-11-20T15:35:00.000+03:00,15,11,1,0
12915,United Kingdom,0.0,148,4,975.1,2011-07-14T11:34:00.000+03:00,11,7,5,0
16212,United Kingdom,0.0,19,4,1283.21,2011-11-20T13:00:00.000+03:00,13,11,1,0
12770,Japan,16.0,210,2,692.05,2011-05-13T09:33:00.000+03:00,9,5,6,1
15374,United Kingdom,0.0,128,2,129.48,2011-08-03T09:59:00.000+03:00,9,8,4,0
15115,United Kingdom,0.0,18,2,531.85,2011-11-21T14:59:00.000+03:00,14,11,2,0
16949,United Kingdom,0.0,3,6,1244.27,2011-12-06T11:07:00.000+03:00,11,12,3,0
13787,United Kingdom,0.0,75,6,1146.78,2011-09-25T12:06:00.000+03:00,12,9,1,0
17165,United Kingdom,0.0,284,6,1794.32,2011-02-28T16:39:00.000+03:00,16,2,2,0
13354,United Kingdom,0.0,71,1,701.41,2011-09-29T13:17:00.000+03:00,13,9,5,0
14539,United Kingdom,0.0,15,2,517.32,2011-11-24T09:50:00.000+03:00,9,11,5,0
15071,United Kingdom,0.0,93,4,1333.16,2011-09-07T11:43:00.000+03:00,11,9,4,0
17642,United Kingdom,0.0,119,5,1708.15,2011-08-12T09:11:00.000+03:00,9,8,6,1
14098,United Kingdom,0.0,36,1,147.35,2011-11-03T10:13:00.000+03:00,10,11,5,0
17455,United Kingdom,0.0,203,1,131.7,2011-05-20T12:31:00.000+03:00,12,5,6,1
14554,United Kingdom,0.0,10,4,2124.33,2011-11-29T16:44:00.000+03:00,16,11,3,0
14684,United Kingdom,0.0,25,6,1430.03,2011-11-14T11:33:00.000+03:00,11,11,2,0
16999,United Kingdom,0.0,23,2,305.82,2011-11-16T13:53:00.000+03:00,13,11,4,0
17610,United Kingdom,0.0,540,5,1499.34,2010-06-17T16:34:00.000+03:00,16,6,5,0
14014,United Kingdom,0.0,77,3,1277.41,2011-09-23T13:18:00.000+03:00,13,9,6,1
16356,United Kingdom,0.0,197,6,415.87,2011-05-26T11:51:00.000+03:00,11,5,5,0
18270,United Kingdom,0.0,38,3,444.55,2011-11-01T13:57:00.000+03:00,13,11,3,0
14411,United Kingdom,0.0,310,1,962.2,2011-02-02T10:56:00.000+03:00,10,2,4,0
13826,United Kingdom,0.0,176,1,189.5,2011-06-16T13:48:00.000+03:00,13,6,5,0
14806,United Kingdom,0.0,75,2,171.55,2011-09-25T15:32:00.000+03:00,15,9,1,0
14492,United Kingdom,0.0,430,7,1731.83,2010-10-05T13:21:00.000+03:00,13,10,3,0
15188,United Kingdom,0.0,725,1,279.83,2009-12-14T13:30:00.000+03:00,13,12,2,0
17332,United Kingdom,0.0,528,5,678.51,2010-06-29T16:10:00.000+03:00,16,6,3,0
17817,United Kingdom,0.0,4,6,788.15,2011-12-05T14:39:00.000+03:00,14,12,2,0
16978,United Kingdom,0.0,77,3,768.88,2011-09-23T12:50:00.000+03:00,12,9,6,1
17598,United Kingdom,0.0,381,1,409.98,2010-11-23T17:43:00.000+03:00,17,11,3,0
15617,United Kingdom,0.0,396,3,752.95,2010-11-08T16:07:00.000+03:00,16,11,2,0
16407,United Kingdom,0.0,12,14,2535.45,2011-11-27T11:05:00.000+03:00,11,11,1,0
14682,United Kingdom,0.0,428,4,1441.33,2010-10-07T09:53:00.000+03:00,9,10,5,0
12923,United Kingdom,0.0,64,3,732.92,2011-10-06T16:20:00.000+03:00,16,10,5,0
17127,United Kingdom,0.0,428,5,1002.03,2010-10-07T09:54:00.000+03:00,9,10,5,0
13368,United Kingdom,0.0,256,4,1107.58,2011-03-28T09:59:00.000+03:00,9,3,2,0
14113,United Kingdom,0.0,3,12,2442.77,2011-12-06T12:18:00.000+03:00,12,12,3,0
13497,United Kingdom,0.0,282,6,1166.83,2011-03-02T09:04:00.000+03:00,9,3,4,0
15944,United Kingdom,0.0,276,4,1443.2,2011-03-08T10:33:00.000+03:00,10,3,3,0
17584,United Kingdom,0.0,7,6,3724.9,2011-12-02T17:12:00.000+03:00,17,12,6,1
15522,United Kingdom,0.0,32,2,326.65,2011-11-07T11:26:00.000+03:00,11,11,2,0
14243,United Kingdom,0.0,8,17,6867.47,2011-12-01T11:12:00.000+03:00,11,12,5,0
15996,United Kingdom,0.0,88,7,1356.16,2011-09-12T15:14:00.000+03:00,15,9,2,0
12352,Norway,13.0,36,10,2849.84,2011-11-03T14:37:00.000+03:00,14,11,5,0
13075,United Kingdom,0.0,129,1,477.21,2011-08-02T10:19:00.000+03:00,10,8,3,0
17966,United Kingdom,0.0,151,6,549.3,2011-07-11T15:28:00.000+03:00,15,7,2,0
12824,United Kingdom,0.0,59,1,397.12,2011-10-11T12:49:00.000+03:00,12,10,3,0
14556,United Kingdom,0.0,596,3,815.69,2010-04-22T14:57:00.000+03:00,14,4,5,0
12727,France,2.0,10,10,5497.85,2011-11-29T11:46:00.000+03:00,11,11,3,0
17872,United Kingdom,0.0,381,1,160.27,2010-11-23T12:02:00.000+03:00,12,11,3,0
18086,United Kingdom,0.0,274,1,101.34,2011-03-10T13:34:00.000+03:00,13,3,5,0
16436,United Kingdom,0.0,668,3,319.14,2010-02-09T13:19:00.000+03:00,13,2,3,0
15674,United Kingdom,0.0,73,13,6685.91,2011-09-27T15:17:00.000+03:00,15,9,3,0
15367,United Kingdom,0.0,57,11,4957.09,2011-10-13T14:13:00.000+03:00,14,10,5,0
18077,United Kingdom,0.0,8,18,3885.89,2011-12-01T13:32:00.000+03:00,13,12,5,0
14015,United Kingdom,0.0,52,1,607.62,2011-10-18T10:02:00.000+03:00,10,10,3,0
13921,United Kingdom,0.0,402,4,730.7,2010-11-02T16:32:00.000+03:00,16,11,3,0
13374,United Kingdom,0.0,414,2,422.8,2010-10-21T10:04:00.000+03:00,10,10,5,0
13743,United Kingdom,0.0,2,7,805.2,2011-12-07T10:09:00.000+03:00,10,12,4,0
15659,United Kingdom,0.0,43,3,501.89,2011-10-27T09:23:00.000+03:00,9,10,5,0
17967,United Kingdom,0.0,371,2,223.42,2010-12-03T11:19:00.000+03:00,11,12,6,1
15877,United Kingdom,0.0,1,2,448.33,2011-12-08T11:53:00.000+03:00,11,12,5,0
15107,United Kingdom,0.0,330,8,707.95,2011-01-13T15:10:00.000+03:00,15,1,5,0
16475,United Kingdom,0.0,88,4,502.7,2011-09-12T14:37:00.000+03:00,14,9,2,0
13597,United Kingdom,0.0,400,2,389.15,2010-11-04T14:54:00.000+03:00,14,11,5,0
13718,United Kingdom,0.0,246,2,296.55,2011-04-07T13:24:00.000+03:00,13,4,5,0
12656,France,2.0,17,8,5089.11,2011-11-22T13:42:00.000+03:00,13,11,3,0
16129,United Kingdom,0.0,407,3,1350.69,2010-10-28T14:29:00.000+03:00,14,10,5,0
16324,United Kingdom,0.0,128,3,408.59,2011-08-03T12:58:00.000+03:00,12,8,4,0
14503,United Kingdom,0.0,3,6,3166.36,2011-12-06T13:30:00.000+03:00,13,12,3,0
16824,United Kingdom,0.0,15,3,686.24,2011-11-24T12:38:00.000+03:00,12,11,5,0
16897,United Kingdom,0.0,299,2,289.78,2011-02-13T15:02:00.000+03:00,15,2,1,0
15180,United Kingdom,0.0,367,3,758.85,2010-12-07T14:57:00.000+03:00,14,12,3,0
13323,United Kingdom,0.0,3,5,583.85,2011-12-06T17:12:00.000+03:00,17,12,3,0
15341,United Kingdom,0.0,80,2,764.16,2011-09-20T09:40:00.000+03:00,9,9,3,0
16622,United Kingdom,0.0,543,1,225.4,2010-06-14T10:44:00.000+03:00,10,6,2,0
15288,United Kingdom,0.0,43,9,3592.98,2011-10-27T16:58:00.000+03:00,16,10,5,0
18189,United Kingdom,0.0,77,3,1389.81,2011-09-23T12:40:00.000+03:00,12,9,6,1
14992,United Kingdom,0.0,442,1,210.5,2010-09-23T17:48:00.000+03:00,17,9,5,0
17046,United Kingdom,0.0,157,4,1317.59,2011-07-05T14:24:00.000+03:00,14,7,3,0
17649,United Kingdom,0.0,138,3,1572.59,2011-07-24T15:53:00.000+03:00,15,7,1,0
16570,United Kingdom,0.0,15,20,5352.27,2011-11-24T17:02:00.000+03:00,17,11,5,0
14212,United Kingdom,0.0,445,1,136.0,2010-09-20T11:48:00.000+03:00,11,9,2,0
12838,United Kingdom,0.0,33,10,2618.67,2011-11-06T12:20:00.000+03:00,12,11,1,0
15980,United Kingdom,0.0,88,6,2427.1,2011-09-12T09:41:00.000+03:00,9,9,2,0
15657,United Kingdom,0.0,22,1,30.0,2011-11-17T12:19:00.000+03:00,12,11,5,0
16052,United Kingdom,0.0,54,1,343.34,2011-10-16T15:13:00.000+03:00,15,10,1,0
12683,France,2.0,4,21,10058.94,2011-12-05T16:31:00.000+03:00,16,12,2,0
17724,United Kingdom,0.0,71,3,1033.0,2011-09-29T15:26:00.000+03:00,15,9,5,0
16573,United Kingdom,0.0,84,2,663.61,2011-09-16T09:13:00.000+03:00,9,9,6,1
12409,Switzerland,7.0,78,6,7408.17,2011-09-22T10:38:00.000+03:00,10,9,5,0
13592,United Kingdom,0.0,35,4,247.96,2011-11-04T09:49:00.000+03:00,9,11,6,1
16639,United Kingdom,0.0,31,4,1747.98,2011-11-08T13:20:00.000+03:00,13,11,3,0
17938,United Kingdom,0.0,420,1,144.29,2010-10-15T14:27:00.000+03:00,14,10,6,1
16172,United Kingdom,0.0,95,8,1809.91,2011-09-05T13:22:00.000+03:00,13,9,2,0
15918,United Kingdom,0.0,190,3,582.88,2011-06-02T11:42:00.000+03:00,11,6,5,0
13039,United Kingdom,0.0,584,4,1010.73,2010-05-04T16:45:00.000+03:00,16,5,3,0
16174,United Kingdom,0.0,126,7,1327.15,2011-08-05T13:26:00.000+03:00,13,8,6,1
15687,United Kingdom,0.0,8,9,2979.18,2011-12-01T08:33:00.000+03:00,8,12,5,0
17899,United Kingdom,0.0,159,1,127.19,2011-07-03T14:58:00.000+03:00,14,7,1,0
15427,United Kingdom,0.0,33,3,1401.5,2011-11-06T14:29:00.000+03:00,14,11,1,0
14762,United Kingdom,0.0,263,2,387.87,2011-03-21T08:20:00.000+03:00,8,3,2,0
16292,United Kingdom,0.0,121,5,1212.6,2011-08-10T12:24:00.000+03:00,12,8,4,0
12603,Germany,1.0,21,1,126.0,2011-11-18T10:42:00.000+03:00,10,11,6,1
13393,United Kingdom,0.0,583,4,1084.65,2010-05-05T09:34:00.000+03:00,9,5,4,0
15156,United Kingdom,0.0,1,3,961.49,2011-12-08T18:22:00.000+03:00,18,12,5,0
12926,United Kingdom,0.0,411,4,1523.97,2010-10-24T15:57:00.000+03:00,15,10,1,0
13807,United Kingdom,0.0,367,3,422.2,2010-12-07T15:48:00.000+03:00,15,12,3,0
16032,United Kingdom,0.0,456,6,1884.36,2010-09-09T18:00:00.000+03:00,18,9,5,0
13173,United Kingdom,0.0,4,11,2155.5,2011-12-05T15:51:00.000+03:00,15,12,2,0
17782,United Kingdom,0.0,382,2,577.74,2010-11-22T11:15:00.000+03:00,11,11,2,0
16754,United Kingdom,0.0,527,4,567.54,2010-06-30T08:36:00.000+03:00,8,6,4,0
18129,United Kingdom,0.0,243,1,112.55,2011-04-10T14:16:00.000+03:00,14,4,1,0
13155,United Kingdom,0.0,33,6,1370.48,2011-11-06T15:41:00.000+03:00,15,11,1,0
14373,United Kingdom,0.0,358,1,76.55,2010-12-16T15:40:00.000+03:00,15,12,5,0
17388,United Kingdom,0.0,77,6,465.83,2011-09-23T10:31:00.000+03:00,10,9,6,1
17843,United Kingdom,0.0,303,2,320.4,2011-02-09T15:33:00.000+03:00,15,2,4,0
15730,United Kingdom,0.0,65,5,1712.66,2011-10-05T12:31:00.000+03:00,12,10,4,0
17953,United Kingdom,0.0,540,1,159.17,2010-06-17T15:08:00.000+03:00,15,6,5,0
17996,United Kingdom,0.0,379,3,388.31,2010-11-25T11:00:00.000+03:00,11,11,5,0
16847,United Kingdom,0.0,43,2,614.89,2011-10-27T13:29:00.000+03:00,13,10,5,0
14942,United Kingdom,0.0,401,3,246.32,2010-11-03T10:51:00.000+03:00,10,11,4,0
13594,United Kingdom,0.0,52,2,533.32,2011-10-18T10:19:00.000+03:00,10,10,3,0
15451,United Kingdom,0.0,434,2,226.86,2010-10-01T13:40:00.000+03:00,13,10,6,1
14121,United Kingdom,0.0,3,4,2630.51,2011-12-06T12:19:00.000+03:00,12,12,3,0
17177,United Kingdom,0.0,505,1,119.5,2010-07-22T14:53:00.000+03:00,14,7,5,0
17549,United Kingdom,0.0,23,2,64.14,2011-11-16T09:59:00.000+03:00,9,11,4,0
13566,United Kingdom,0.0,40,5,1682.3,2011-10-30T11:59:00.000+03:00,11,10,1,0
15683,United Kingdom,0.0,117,2,460.34,2011-08-14T12:56:00.000+03:00,12,8,1,0
13615,United Kingdom,0.0,318,8,6167.73,2011-01-25T08:21:00.000+03:00,8,1,3,0
12774,Netherlands,6.0,535,1,98.7,2010-06-22T10:38:00.000+03:00,10,6,3,0
13331,United Kingdom,0.0,401,1,262.4,2010-11-03T08:04:00.000+03:00,8,11,4,0
16430,United Kingdom,0.0,57,7,1017.14,2011-10-13T14:47:00.000+03:00,14,10,5,0
14525,United Kingdom,0.0,19,17,4802.98,2011-11-20T11:37:00.000+03:00,11,11,1,0
17699,United Kingdom,0.0,476,2,278.8,2010-08-20T09:39:00.000+03:00,9,8,6,1
17871,United Kingdom,0.0,204,5,882.11,2011-05-19T11:32:00.000+03:00,11,5,5,0
17366,United Kingdom,0.0,432,2,1000.92,2010-10-03T16:04:00.000+03:00,16,10,1,0
17364,United Kingdom,0.0,0,28,10784.48,2011-12-09T09:00:00.000+03:00,9,12,6,1
13679,United Kingdom,0.0,493,3,281.26,2010-08-03T12:13:00.000+03:00,12,8,3,0
12792,Portugal,5.0,256,2,827.01,2011-03-28T11:36:00.000+03:00,11,3,2,0
13033,United Kingdom,0.0,357,2,220.55,2010-12-17T14:23:00.000+03:00,14,12,6,1
16885,United Kingdom,0.0,15,4,684.6,2011-11-24T13:40:00.000+03:00,13,11,5,0
16431,United Kingdom,0.0,213,3,547.68,2011-05-10T14:09:00.000+03:00,14,5,3,0
18100,United Kingdom,0.0,550,1,406.74,2010-06-07T14:19:00.000+03:00,14,6,2,0
17862,United Kingdom,0.0,323,4,1254.89,2011-01-20T12:23:00.000+03:00,12,1,5,0
12473,Germany,1.0,29,5,3694.77,2011-11-10T13:46:00.000+03:00,13,11,5,0
15505,United Kingdom,0.0,52,5,2027.46,2011-10-18T07:56:00.000+03:00,7,10,3,0
12766,Portugal,5.0,3,9,8204.63,2011-12-06T08:46:00.000+03:00,8,12,3,0
16347,United Kingdom,0.0,11,11,3236.04,2011-11-28T13:14:00.000+03:00,13,11,2,0
12422,Australia,10.0,95,8,1870.6,2011-09-05T09:48:00.000+03:00,9,9,2,0
14418,United Kingdom,0.0,3,3,1644.69,2011-12-06T11:39:00.000+03:00,11,12,3,0
13397,United Kingdom,0.0,72,10,2893.31,2011-09-28T10:56:00.000+03:00,10,9,4,0
12937,United Kingdom,0.0,15,9,2597.81,2011-11-24T15:05:00.000+03:00,15,11,5,0
13740,United Kingdom,0.0,240,5,1498.53,2011-04-13T10:32:00.000+03:00,10,4,4,0
12785,Portugal,5.0,364,3,1061.4,2010-12-10T13:48:00.000+03:00,13,12,6,1
15863,United Kingdom,0.0,25,5,323.9,2011-11-14T12:49:00.000+03:00,12,11,2,0
14327,United Kingdom,0.0,163,6,1857.97,2011-06-29T13:58:00.000+03:00,13,6,4,0
15775,United Kingdom,0.0,245,1,104.9,2011-04-08T12:56:00.000+03:00,12,4,6,1
12927,United Kingdom,0.0,394,1,197.31,2010-11-10T10:02:00.000+03:00,10,11,4,0
16991,United Kingdom,0.0,421,1,1026.09,2010-10-14T14:08:00.000+03:00,14,10,5,0
17550,United Kingdom,0.0,197,9,2477.36,2011-05-26T14:09:00.000+03:00,14,5,5,0
12401,Belgium,4.0,303,1,84.3,2011-02-09T13:50:00.000+03:00,13,2,4,0
14152,United Kingdom,0.0,75,7,1851.9,2011-09-25T12:54:00.000+03:00,12,9,1,0
14081,United Kingdom,0.0,302,10,4776.77,2011-02-10T16:17:00.000+03:00,16,2,5,0
12669,France,2.0,150,3,2736.47,2011-07-12T09:54:00.000+03:00,9,7,3,0
14171,United Kingdom,0.0,98,2,397.09,2011-09-02T16:43:00.000+03:00,16,9,6,1
15342,United Kingdom,0.0,129,1,406.09,2011-08-02T10:19:00.000+03:00,10,8,3,0
12930,United Kingdom,0.0,78,2,402.36,2011-09-22T15:18:00.000+03:00,15,9,5,0
17946,United Kingdom,0.0,233,2,149.58,2011-04-20T17:00:00.000+03:00,17,4,4,0
15941,United Kingdom,0.0,637,1,405.0,2010-03-12T14:45:00.000+03:00,14,3,6,1
16818,United Kingdom,0.0,10,11,3275.05,2011-11-29T10:41:00.000+03:00,10,11,3,0
15887,United Kingdom,0.0,460,2,611.95,2010-09-05T13:41:00.000+03:00,13,9,1,0
16865,United Kingdom,0.0,401,1,73.35,2010-11-03T11:34:00.000+03:00,11,11,4,0
16858,United Kingdom,0.0,368,10,4002.01,2010-12-06T09:52:00.000+03:00,9,12,2,0
18090,United Kingdom,0.0,421,1,228.6,2010-10-14T12:32:00.000+03:00,12,10,5,0
17086,United Kingdom,0.0,7,6,1403.8,2011-12-02T13:54:00.000+03:00,13,12,6,1
16864,United Kingdom,0.0,434,2,309.53,2010-10-01T16:16:00.000+03:00,16,10,6,1
12404,Finland,11.0,682,1,63.24,2010-01-26T16:25:00.000+03:00,16,1,3,0
16249,United Kingdom,0.0,52,5,1425.99,2011-10-18T10:07:00.000+03:00,10,10,3,0
16920,United Kingdom,0.0,411,1,355.45,2010-10-24T14:07:00.000+03:00,14,10,1,0
12601,Germany,1.0,189,6,605.66,2011-06-03T10:17:00.000+03:00,10,6,6,1
13778,United Kingdom,0.0,103,4,912.45,2011-08-28T15:25:00.000+03:00,15,8,1,0
16131,United Kingdom,0.0,51,11,6732.78,2011-10-19T11:53:00.000+03:00,11,10,4,0
18073,United Kingdom,0.0,114,11,1048.1,2011-08-17T14:02:00.000+03:00,14,8,4,0
17672,United Kingdom,0.0,50,7,5118.75,2011-10-20T14:18:00.000+03:00,14,10,5,0
16783,United Kingdom,0.0,436,1,391.95,2010-09-29T11:53:00.000+03:00,11,9,4,0
13177,United Kingdom,0.0,64,2,512.2,2011-10-06T09:56:00.000+03:00,9,10,5,0
18043,United Kingdom,0.0,24,3,529.29,2011-11-15T12:48:00.000+03:00,12,11,3,0
15191,United Kingdom,0.0,463,3,588.05,2010-09-02T15:37:00.000+03:00,15,9,5,0
17926,United Kingdom,0.0,133,5,888.13,2011-07-29T14:39:00.000+03:00,14,7,6,1
13106,United Kingdom,0.0,133,2,501.7,2011-07-29T15:12:00.000+03:00,15,7,6,1
17246,United Kingdom,0.0,546,2,38.92,2010-06-11T12:36:00.000+03:00,12,6,6,1
18096,United Kingdom,0.0,11,6,1571.59,2011-11-28T12:44:00.000+03:00,12,11,2,0
14794,United Kingdom,0.0,2,10,1953.9,2011-12-07T10:11:00.000+03:00,10,12,4,0
17554,United Kingdom,0.0,1,5,1421.01,2011-12-08T14:15:00.000+03:00,14,12,5,0
13494,United Kingdom,0.0,311,1,296.1,2011-02-01T11:58:00.000+03:00,11,2,3,0
15363,United Kingdom,0.0,372,2,678.11,2010-12-02T12:28:00.000+03:00,12,12,5,0
16080,United Kingdom,0.0,81,4,602.56,2011-09-19T10:42:00.000+03:00,10,9,2,0
15197,United Kingdom,0.0,10,6,1379.87,2011-11-29T10:00:00.000+03:00,10,11,3,0
17488,United Kingdom,0.0,641,1,336.5,2010-03-08T14:07:00.000+03:00,14,3,2,0
16498,United Kingdom,0.0,161,2,100.97,2011-07-01T15:07:00.000+03:00,15,7,6,1
15864,United Kingdom,0.0,66,4,454.8,2011-10-04T10:31:00.000+03:00,10,10,3,0
13535,United Kingdom,0.0,402,1,89.5,2010-11-02T11:49:00.000+03:00,11,11,3,0
13979,United Kingdom,0.0,73,7,3358.93,2011-09-27T13:32:00.000+03:00,13,9,3,0
14586,United Kingdom,0.0,276,1,202.44,2011-03-08T10:04:00.000+03:00,10,3,3,0
17810,United Kingdom,0.0,668,2,373.16,2010-02-09T10:47:00.000+03:00,10,2,3,0
15142,United Kingdom,0.0,46,6,2365.76,2011-10-24T12:51:00.000+03:00,12,10,2,0
13427,United Kingdom,0.0,19,6,823.37,2011-11-20T13:02:00.000+03:00,13,11,1,0
15410,United Kingdom,0.0,84,10,4091.24,2011-09-16T14:47:00.000+03:00,14,9,6,1
16669,United Kingdom,0.0,23,3,1344.88,2011-11-16T12:26:00.000+03:00,12,11,4,0
14302,United Kingdom,0.0,430,3,577.3,2010-10-05T08:10:00.000+03:00,8,10,3,0
13044,United Kingdom,0.0,291,11,4620.53,2011-02-21T15:20:00.000+03:00,15,2,2,0
13251,United Kingdom,0.0,402,1,252.68,2010-11-02T13:20:00.000+03:00,13,11,3,0
12402,Belgium,4.0,323,6,1256.9,2011-01-20T13:49:00.000+03:00,13,1,5,0
13035,United Kingdom,0.0,73,3,649.2,2011-09-27T08:57:00.000+03:00,8,9,3,0
13838,United Kingdom,0.0,5,10,1690.07,2011-12-04T11:00:00.000+03:00,11,12,1,0
15666,United Kingdom,0.0,472,2,612.78,2010-08-24T16:14:00.000+03:00,16,8,3,0
15704,United Kingdom,0.0,140,6,3611.38,2011-07-22T13:35:00.000+03:00,13,7,6,1
14706,United Kingdom,0.0,618,1,336.94,2010-03-31T11:09:00.000+03:00,11,3,4,0
18132,United Kingdom,0.0,504,1,220.13,2010-07-23T16:54:00.000+03:00,16,7,6,1
12525,France,2.0,498,3,973.73,2010-07-29T16:08:00.000+03:00,16,7,5,0
18277,United Kingdom,0.0,58,5,1180.05,2011-10-12T15:22:00.000+03:00,15,10,4,0
17010,United Kingdom,0.0,18,1,171.96,2011-11-21T14:49:00.000+03:00,14,11,2,0
17088,United Kingdom,0.0,28,4,1991.01,2011-11-11T14:23:00.000+03:00,14,11,6,1
16901,United Kingdom,0.0,729,1,204.26,2009-12-10T16:30:00.000+03:00,16,12,5,0
15760,Norway,13.0,630,2,13916.34,2010-03-19T11:45:00.000+03:00,11,3,6,1
13415,United Kingdom,0.0,630,3,605.07,2010-03-19T15:09:00.000+03:00,15,3,6,1
16282,United Kingdom,0.0,339,3,867.66,2011-01-04T11:42:00.000+03:00,11,1,3,0
17842,United Kingdom,0.0,602,1,430.69,2010-04-16T14:23:00.000+03:00,14,4,6,1
16150,United Kingdom,0.0,42,10,3675.77,2011-10-28T12:39:00.000+03:00,12,10,6,1
13355,United Kingdom,0.0,122,1,633.9,2011-08-09T14:48:00.000+03:00,14,8,3,0
12597,Spain,3.0,19,4,3646.82,2011-11-20T13:33:00.000+03:00,13,11,1,0
14479,United Kingdom,0.0,253,4,1124.71,2011-03-31T09:07:00.000+03:00,9,3,5,0
12859,United Kingdom,0.0,458,1,516.6,2010-09-07T12:20:00.000+03:00,12,9,3,0
17648,United Kingdom,0.0,60,5,2216.37,2011-10-10T09:41:00.000+03:00,9,10,2,0
14857,United Kingdom,0.0,59,7,3519.61,2011-10-11T09:23:00.000+03:00,9,10,3,0
17052,United Kingdom,0.0,28,1,372.53,2011-11-11T14:50:00.000+03:00,14,11,6,1
13016,United Kingdom,0.0,73,3,789.89,2011-09-27T14:08:00.000+03:00,14,9,3,0
13431,United Kingdom,0.0,67,8,2719.8,2011-10-03T13:49:00.000+03:00,13,10,2,0
18190,United Kingdom,0.0,192,5,718.62,2011-05-31T14:48:00.000+03:00,14,5,3,0
13751,United Kingdom,0.0,288,1,131.25,2011-02-24T15:56:00.000+03:00,15,2,5,0
15677,United Kingdom,0.0,49,3,1305.63,2011-10-21T15:36:00.000+03:00,15,10,6,1
14837,United Kingdom,0.0,89,9,3271.44,2011-09-11T10:58:00.000+03:00,10,9,1,0
16521,United Kingdom,0.0,415,3,1051.11,2010-10-20T13:09:00.000+03:00,13,10,4,0
14147,United Kingdom,0.0,78,7,905.9,2011-09-22T18:10:00.000+03:00,18,9,5,0
16671,United Kingdom,0.0,35,1,81.75,2011-11-04T09:32:00.000+03:00,9,11,6,1
13755,United Kingdom,0.0,3,9,2030.66,2011-12-06T12:26:00.000+03:00,12,12,3,0
15402,United Kingdom,0.0,148,6,1553.4,2011-07-14T12:17:00.000+03:00,12,7,5,0
15870,United Kingdom,0.0,32,4,857.46,2011-11-07T10:58:00.000+03:00,10,11,2,0
12654,Germany,1.0,10,5,601.98,2011-11-29T10:10:00.000+03:00,10,11,3,0
14558,United Kingdom,0.0,654,2,505.5,2010-02-23T12:51:00.000+03:00,12,2,3,0
13905,United Kingdom,0.0,732,1,312.65,2009-12-07T11:41:00.000+03:00,11,12,2,0
16960,United Kingdom,0.0,38,8,1947.32,2011-11-01T11:35:00.000+03:00,11,11,3,0
15264,United Kingdom,0.0,64,2,848.4,2011-10-06T13:49:00.000+03:00,13,10,5,0
18173,United Kingdom,0.0,86,5,1137.18,2011-09-14T11:26:00.000+03:00,11,9,4,0
13242,United Kingdom,0.0,112,7,699.4,2011-08-19T12:53:00.000+03:00,12,8,6,1
12818,Austria,12.0,261,1,747.2,2011-03-23T12:06:00.000+03:00,12,3,4,0
13274,United Kingdom,0.0,409,1,360.85,2010-10-26T13:48:00.000+03:00,13,10,3,0
14738,United Kingdom,0.0,42,9,1651.5,2011-10-28T08:56:00.000+03:00,8,10,6,1
18126,United Kingdom,0.0,60,1,200.92,2011-10-10T12:19:00.000+03:00,12,10,2,0
17259,United Kingdom,0.0,148,6,1398.99,2011-07-14T15:01:00.000+03:00,15,7,5,0
14716,United Kingdom,0.0,43,3,465.52,2011-10-27T17:29:00.000+03:00,17,10,5,0
12455,Cyprus,17.0,295,6,3258.09,2011-02-17T17:05:00.000+03:00,17,2,5,0
16031,United Kingdom,0.0,92,2,547.9,2011-09-08T13:07:00.000+03:00,13,9,5,0
14437,United Kingdom,0.0,365,5,863.26,2010-12-09T09:27:00.000+03:00,9,12,5,0
16787,United Kingdom,0.0,397,4,1017.53,2010-11-07T11:01:00.000+03:00,11,11,1,0
17150,United Kingdom,0.0,376,6,1357.95,2010-11-28T11:27:00.000+03:00,11,11,1,0
14963,United Kingdom,0.0,9,12,2748.44,2011-11-30T12:16:00.000+03:00,12,11,4,0
17662,United Kingdom,0.0,661,2,261.12,2010-02-16T09:38:00.000+03:00,9,2,3,0
17933,United Kingdom,0.0,632,1,114.69,2010-03-17T15:11:00.000+03:00,15,3,4,0
16681,United Kingdom,0.0,77,6,1138.84,2011-09-23T10:04:00.000+03:00,10,9,6,1
12674,France,2.0,38,4,1700.54,2011-11-01T12:12:00.000+03:00,12,11,3,0
12819,United Kingdom,0.0,458,1,420.28,2010-09-07T15:20:00.000+03:00,15,9,3,0
18001,United Kingdom,0.0,12,5,751.52,2011-11-27T16:02:00.000+03:00,16,11,1,0
16623,United Kingdom,0.0,245,4,1008.94,2011-04-08T10:09:00.000+03:00,10,4,6,1
13628,United Kingdom,0.0,676,1,310.14,2010-02-01T14:44:00.000+03:00,14,2,2,0
16007,United Kingdom,0.0,47,7,2978.54,2011-10-23T11:05:00.000+03:00,11,10,1,0
12703,Germany,1.0,71,4,1000.23,2011-09-29T17:52:00.000+03:00,17,9,5,0
16166,United Kingdom,0.0,428,2,435.83,2010-10-07T15:44:00.000+03:00,15,10,5,0
16330,United Kingdom,0.0,17,7,512.88,2011-11-22T12:24:00.000+03:00,12,11,3,0
16047,EIRE,21.0,682,1,107.14,2010-01-26T16:34:00.000+03:00,16,1,3,0
14897,United Kingdom,0.0,7,8,3122.3,2011-12-02T10:32:00.000+03:00,10,12,6,1
16012,United Kingdom,0.0,35,5,2839.67,2011-11-04T13:25:00.000+03:00,13,11,6,1
14854,United Kingdom,0.0,78,11,3479.38,2011-09-22T17:00:00.000+03:00,17,9,5,0
15240,United Kingdom,0.0,44,12,3491.14,2011-10-26T09:50:00.000+03:00,9,10,4,0
14107,United Kingdom,0.0,51,11,4496.42,2011-10-19T12:12:00.000+03:00,12,10,4,0
13441,United Kingdom,0.0,91,2,574.26,2011-09-09T09:38:00.000+03:00,9,9,6,1
14175,United Kingdom,0.0,59,8,7645.4,2011-10-11T11:55:00.000+03:00,11,10,3,0
17591,United Kingdom,0.0,73,8,2263.72,2011-09-27T13:42:00.000+03:00,13,9,3,0
15770,United Kingdom,0.0,612,1,321.45,2010-04-06T11:47:00.000+03:00,11,4,3,0
12630,Finland,11.0,9,2,1270.88,2011-11-30T10:48:00.000+03:00,10,11,4,0
15920,United Kingdom,0.0,154,9,569.14,2011-07-08T15:31:00.000+03:00,15,7,6,1
14727,United Kingdom,0.0,274,3,436.73,2011-03-10T14:45:00.000+03:00,14,3,5,0
17413,United Kingdom,0.0,404,1,340.3,2010-10-31T12:33:00.000+03:00,12,10,1,0
17763,United Kingdom,0.0,263,4,86.15,2011-03-21T14:25:00.000+03:00,14,3,2,0
12757,Portugal,5.0,15,12,7062.35,2011-11-24T12:30:00.000+03:00,12,11,5,0
16615,United Kingdom,0.0,626,1,291.5,2010-03-23T15:13:00.000+03:00,15,3,3,0
16815,United Kingdom,0.0,453,2,406.02,2010-09-12T10:59:00.000+03:00,10,9,1,0
14417,United Kingdom,0.0,387,1,449.29,2010-11-17T10:55:00.000+03:00,10,11,4,0
17161,United Kingdom,0.0,444,1,856.01,2010-09-21T16:44:00.000+03:00,16,9,3,0
14873,United Kingdom,0.0,210,2,854.13,2011-05-13T13:52:00.000+03:00,13,5,6,1
17141,United Kingdom,0.0,418,4,727.58,2010-10-17T14:54:00.000+03:00,14,10,1,0
14517,United Kingdom,0.0,33,2,330.45,2011-11-06T14:20:00.000+03:00,14,11,1,0
13640,United Kingdom,0.0,611,1,270.0,2010-04-07T15:33:00.000+03:00,15,4,4,0
16229,United Kingdom,0.0,87,6,2867.86,2011-09-13T17:16:00.000+03:00,17,9,3,0
16180,United Kingdom,0.0,100,13,4565.63,2011-08-31T16:28:00.000+03:00,16,8,4,0
15797,United Kingdom,0.0,319,1,15.0,2011-01-24T15:47:00.000+03:00,15,1,2,0
14617,United Kingdom,0.0,402,2,136.39,2010-11-02T11:41:00.000+03:00,11,11,3,0
14675,United Kingdom,0.0,16,2,928.18,2011-11-23T12:58:00.000+03:00,12,11,4,0
16736,United Kingdom,0.0,505,4,2774.48,2010-07-22T10:09:00.000+03:00,10,7,5,0
14545,United Kingdom,0.0,674,1,349.25,2010-02-03T15:23:00.000+03:00,15,2,4,0
17578,United Kingdom,0.0,218,7,993.87,2011-05-05T18:38:00.000+03:00,18,5,5,0
17163,United Kingdom,0.0,21,4,678.78,2011-11-18T08:57:00.000+03:00,8,11,6,1
14034,United Kingdom,0.0,22,3,477.59,2011-11-17T14:02:00.000+03:00,14,11,5,0
16863,United Kingdom,0.0,31,3,770.35,2011-11-08T15:26:00.000+03:00,15,11,3,0
17102,United Kingdom,0.0,261,1,25.5,2011-03-23T10:08:00.000+03:00,10,3,4,0
16121,United Kingdom,0.0,57,5,1450.04,2011-10-13T12:59:00.000+03:00,12,10,5,0
18031,United Kingdom,0.0,378,1,445.54,2010-11-26T11:00:00.000+03:00,11,11,6,1
12613,Germany,1.0,57,10,6481.79,2011-10-13T14:59:00.000+03:00,14,10,5,0
14746,United Kingdom,0.0,415,2,80.7,2010-10-20T12:45:00.000+03:00,12,10,4,0
15844,United Kingdom,0.0,46,1,130.74,2011-10-24T15:19:00.000+03:00,15,10,2,0
17683,United Kingdom,0.0,385,3,651.49,2010-11-19T10:11:00.000+03:00,10,11,6,1
13245,United Kingdom,0.0,50,2,989.22,2011-10-20T11:40:00.000+03:00,11,10,5,0
17311,United Kingdom,0.0,78,6,2290.0,2011-09-22T14:11:00.000+03:00,14,9,5,0
17901,United Kingdom,0.0,29,3,260.08,2011-11-10T17:29:00.000+03:00,17,11,5,0
14044,United Kingdom,0.0,26,10,2937.84,2011-11-13T12:05:00.000+03:00,12,11,1,0
17604,United Kingdom,0.0,217,6,901.7,2011-05-06T13:43:00.000+03:00,13,5,6,1
15839,United Kingdom,0.0,33,3,1022.21,2011-11-06T13:54:00.000+03:00,13,11,1,0
14896,United Kingdom,0.0,204,8,1826.0,2011-05-19T10:20:00.000+03:00,10,5,5,0
14729,United Kingdom,0.0,373,3,586.24,2010-12-01T12:43:00.000+03:00,12,12,4,0
16094,United Kingdom,0.0,11,11,3491.56,2011-11-28T12:45:00.000+03:00,12,11,2,0
16883,United Kingdom,0.0,187,19,2077.16,2011-06-05T12:51:00.000+03:00,12,6,1,0
16259,United Kingdom,0.0,410,3,340.94,2010-10-25T14:27:00.000+03:00,14,10,2,0
16826,United Kingdom,0.0,51,1,341.7,2011-10-19T14:05:00.000+03:00,14,10,4,0
17420,United Kingdom,0.0,50,6,953.58,2011-10-20T14:52:00.000+03:00,14,10,5,0
15729,United Kingdom,0.0,212,3,192.55,2011-05-11T12:36:00.000+03:00,12,5,4,0
17963,United Kingdom,0.0,471,4,643.16,2010-08-25T15:58:00.000+03:00,15,8,4,0
13823,United Kingdom,0.0,18,7,3053.65,2011-11-21T10:22:00.000+03:00,10,11,2,0
16550,United Kingdom,0.0,108,18,8733.3,2011-08-23T11:12:00.000+03:00,11,8,3,0
15161,United Kingdom,0.0,388,1,119.92,2010-11-16T16:08:00.000+03:00,16,11,3,0
14552,United Kingdom,0.0,151,3,507.93,2011-07-11T12:49:00.000+03:00,12,7,2,0
14474,United Kingdom,0.0,46,2,1258.89,2011-10-24T13:26:00.000+03:00,13,10,2,0
15375,United Kingdom,0.0,690,1,47.04,2010-01-18T15:38:00.000+03:00,15,1,2,0
13465,United Kingdom,0.0,446,2,869.68,2010-09-19T15:13:00.000+03:00,15,9,1,0
14643,United Kingdom,0.0,170,5,1153.37,2011-06-22T14:41:00.000+03:00,14,6,4,0
17681,United Kingdom,0.0,597,4,346.4,2010-04-21T17:21:00.000+03:00,17,4,4,0
13360,United Kingdom,0.0,431,4,1438.69,2010-10-04T12:37:00.000+03:00,12,10,2,0
12516,Germany,1.0,77,4,1330.08,2011-09-23T09:13:00.000+03:00,9,9,6,1
13982,United Kingdom,0.0,39,9,2960.93,2011-10-31T16:24:00.000+03:00,16,10,2,0
16769,United Kingdom,0.0,260,4,1117.05,2011-03-24T13:41:00.000+03:00,13,3,5,0
16777,United Kingdom,0.0,80,5,1292.18,2011-09-20T13:41:00.000+03:00,13,9,3,0
16398,United Kingdom,0.0,154,2,1552.2,2011-07-08T15:16:00.000+03:00,15,7,6,1
15780,United Kingdom,0.0,183,3,475.28,2011-06-09T12:01:00.000+03:00,12,6,5,0
12634,USA,18.0,535,2,490.0,2010-06-22T10:05:00.000+03:00,10,6,3,0
14870,United Kingdom,0.0,261,6,1750.95,2011-03-23T10:51:00.000+03:00,10,3,4,0
16674,United Kingdom,0.0,54,2,304.24,2011-10-16T11:31:00.000+03:00,11,10,1,0
17498,United Kingdom,0.0,75,1,235.74,2011-09-25T12:25:00.000+03:00,12,9,1,0
14880,United Kingdom,0.0,77,3,690.59,2011-09-23T13:42:00.000+03:00,13,9,6,1
17927,United Kingdom,0.0,721,1,294.0,2009-12-18T11:03:00.000+03:00,11,12,6,1
15861,United Kingdom,0.0,12,12,4125.66,2011-11-27T15:59:00.000+03:00,15,11,1,0
17962,United Kingdom,0.0,142,4,624.66,2011-07-20T14:16:00.000+03:00,14,7,4,0
14486,United Kingdom,0.0,511,2,175.5,2010-07-16T09:42:00.000+03:00,9,7,6,1
16835,United Kingdom,0.0,128,6,1456.66,2011-08-03T13:50:00.000+03:00,13,8,4,0
13939,United Kingdom,0.0,23,7,1310.88,2011-11-16T13:33:00.000+03:00,13,11,4,0
17870,United Kingdom,0.0,2,11,1446.97,2011-12-07T15:07:00.000+03:00,15,12,4,0
15716,United Kingdom,0.0,145,11,2233.74,2011-07-17T11:59:00.000+03:00,11,7,1,0
17838,United Kingdom,0.0,26,13,4869.04,2011-11-13T11:20:00.000+03:00,11,11,1,0
15119,United Kingdom,0.0,245,1,266.4,2011-04-08T09:08:00.000+03:00,9,4,6,1
14601,United Kingdom,0.0,10,1,123.96,2011-11-29T09:48:00.000+03:00,9,11,3,0
16298,United Kingdom,0.0,22,7,1085.7,2011-11-17T11:59:00.000+03:00,11,11,5,0
17176,United Kingdom,0.0,201,3,549.52,2011-05-22T12:41:00.000+03:00,12,5,1,0
14844,United Kingdom,0.0,63,10,4695.57,2011-10-07T10:41:00.000+03:00,10,10,6,1
14403,United Kingdom,0.0,130,5,839.55,2011-08-01T12:57:00.000+03:00,12,8,2,0
17657,United Kingdom,0.0,430,1,126.0,2010-10-05T14:52:00.000+03:00,14,10,3,0
17465,United Kingdom,0.0,425,7,2497.43,2010-10-10T11:56:00.000+03:00,11,10,1,0
14160,United Kingdom,0.0,610,6,2497.57,2010-04-08T14:30:00.000+03:00,14,4,5,0
12641,Sweden,8.0,115,1,185.9,2011-08-16T13:26:00.000+03:00,13,8,3,0
17144,United Kingdom,0.0,1,2,898.53,2011-12-08T17:57:00.000+03:00,17,12,5,0
16541,United Kingdom,0.0,735,1,417.73,2009-12-04T13:22:00.000+03:00,13,12,6,1
17322,United Kingdom,0.0,376,5,882.63,2010-11-28T14:41:00.000+03:00,14,11,1,0
15958,United Kingdom,0.0,74,4,462.12,2011-09-26T13:41:00.000+03:00,13,9,2,0
16619,United Kingdom,0.0,263,4,1904.25,2011-03-21T08:18:00.000+03:00,8,3,2,0
12974,United Kingdom,0.0,197,2,408.95,2011-05-26T09:33:00.000+03:00,9,5,5,0
16143,United Kingdom,0.0,3,12,4453.08,2011-12-06T14:13:00.000+03:00,14,12,3,0
14201,United Kingdom,0.0,60,10,1005.14,2011-10-10T13:27:00.000+03:00,13,10,2,0
12793,Portugal,5.0,334,3,819.53,2011-01-09T12:12:00.000+03:00,12,1,1,0
14361,United Kingdom,0.0,578,1,192.03,2010-05-10T12:29:00.000+03:00,12,5,2,0
15057,United Kingdom,0.0,275,5,2638.44,2011-03-09T15:17:00.000+03:00,15,3,4,0
16977,United Kingdom,0.0,395,4,496.0,2010-11-09T13:17:00.000+03:00,13,11,3,0
17280,United Kingdom,0.0,438,1,118.86,2010-09-27T16:46:00.000+03:00,16,9,2,0
13540,United Kingdom,0.0,467,3,632.39,2010-08-29T14:20:00.000+03:00,14,8,1,0
14752,United Kingdom,0.0,43,1,129.0,2011-10-27T11:55:00.000+03:00,11,10,5,0
15387,United Kingdom,0.0,492,1,468.65,2010-08-04T16:05:00.000+03:00,16,8,4,0
12574,France,2.0,315,1,218.45,2011-01-28T09:20:00.000+03:00,9,1,6,1
15734,United Kingdom,0.0,114,4,1453.3,2011-08-17T10:50:00.000+03:00,10,8,4,0
13272,United Kingdom,0.0,31,2,276.56,2011-11-08T14:00:00.000+03:00,14,11,3,0
16932,United Kingdom,0.0,53,3,412.55,2011-10-17T14:12:00.000+03:00,14,10,2,0
17396,United Kingdom,0.0,148,8,1140.75,2011-07-14T10:24:00.000+03:00,10,7,5,0
18030,United Kingdom,0.0,4,2,142.15,2011-12-05T16:37:00.000+03:00,16,12,2,0
18130,United Kingdom,0.0,15,3,1016.31,2011-11-24T14:40:00.000+03:00,14,11,5,0
16781,United Kingdom,0.0,372,2,623.0,2010-12-02T14:26:00.000+03:00,14,12,5,0
12905,United Kingdom,0.0,576,2,984.34,2010-05-12T10:05:00.000+03:00,10,5,4,0
17789,United Kingdom,0.0,281,2,397.15,2011-03-03T13:14:00.000+03:00,13,3,5,0
17295,United Kingdom,0.0,28,3,517.12,2011-11-11T10:49:00.000+03:00,10,11,6,1
16728,United Kingdom,0.0,46,4,1048.28,2011-10-24T14:36:00.000+03:00,14,10,2,0
15097,United Kingdom,0.0,4,3,587.05,2011-12-05T14:03:00.000+03:00,14,12,2,0
12821,United Kingdom,0.0,214,2,220.8,2011-05-09T15:51:00.000+03:00,15,5,2,0
12865,Austria,12.0,26,4,3256.75,2011-11-13T14:31:00.000+03:00,14,11,1,0
18180,United Kingdom,0.0,4,6,1675.63,2011-12-05T08:39:00.000+03:00,8,12,2,0
12690,France,2.0,205,1,389.01,2011-05-18T09:09:00.000+03:00,9,5,4,0
15878,United Kingdom,0.0,561,2,323.21,2010-05-27T12:17:00.000+03:00,12,5,5,0
17256,United Kingdom,0.0,107,4,206.43,2011-08-24T13:30:00.000+03:00,13,8,4,0
17919,United Kingdom,0.0,88,2,1056.6,2011-09-12T13:41:00.000+03:00,13,9,2,0
15948,United Kingdom,0.0,8,3,1462.29,2011-12-01T15:32:00.000+03:00,15,12,5,0
17822,United Kingdom,0.0,420,5,1397.19,2010-10-15T13:47:00.000+03:00,13,10,6,1
17126,United Kingdom,0.0,152,9,1981.99,2011-07-10T13:52:00.000+03:00,13,7,1,0
13680,United Kingdom,0.0,1,12,6719.95,2011-12-08T13:47:00.000+03:00,13,12,5,0
14879,United Kingdom,0.0,684,1,171.62,2010-01-24T11:35:00.000+03:00,11,1,1,0
15598,United Kingdom,0.0,53,2,548.02,2011-10-17T16:04:00.000+03:00,16,10,2,0
12665,Germany,1.0,324,3,313.6,2011-01-19T08:34:00.000+03:00,8,1,4,0
17710,United Kingdom,0.0,423,1,283.06,2010-10-12T07:49:00.000+03:00,7,10,3,0
17307,United Kingdom,0.0,395,7,820.05,2010-11-09T13:40:00.000+03:00,13,11,3,0
12900,United Kingdom,0.0,422,1,340.33,2010-10-13T15:17:00.000+03:00,15,10,4,0
15998,United Kingdom,0.0,36,16,8221.22,2011-11-03T12:45:00.000+03:00,12,11,5,0
13350,United Kingdom,0.0,16,2,979.12,2011-11-23T16:33:00.000+03:00,16,11,4,0
15172,United Kingdom,0.0,8,5,1430.73,2011-12-01T11:51:00.000+03:00,11,12,5,0
16625,United Kingdom,0.0,274,5,1563.31,2011-03-10T12:50:00.000+03:00,12,3,5,0
13895,United Kingdom,0.0,28,6,3556.52,2011-11-11T16:57:00.000+03:00,16,11,6,1
17125,United Kingdom,0.0,50,1,214.98,2011-10-20T14:41:00.000+03:00,14,10,5,0
14540,United Kingdom,0.0,9,11,3493.16,2011-11-30T10:15:00.000+03:00,10,11,4,0
12953,United Kingdom,0.0,9,2,828.81,2011-11-30T09:24:00.000+03:00,9,11,4,0
16827,United Kingdom,0.0,393,4,198.81,2010-11-11T14:04:00.000+03:00,14,11,5,0
13392,United Kingdom,0.0,677,1,91.14,2010-01-31T13:34:00.000+03:00,13,1,1,0
15027,United Kingdom,0.0,30,9,1865.16,2011-11-09T10:16:00.000+03:00,10,11,4,0
15067,United Kingdom,0.0,78,5,3571.28,2011-09-22T13:20:00.000+03:00,13,9,5,0
17697,United Kingdom,0.0,236,1,338.95,2011-04-17T15:40:00.000+03:00,15,4,1,0
13980,United Kingdom,0.0,60,5,750.26,2011-10-10T13:34:00.000+03:00,13,10,2,0
14979,United Kingdom,0.0,735,1,399.06,2009-12-04T12:54:00.000+03:00,12,12,6,1
12791,Netherlands,6.0,373,6,585.11,2010-12-01T11:27:00.000+03:00,11,12,4,0
15043,United Kingdom,0.0,473,4,1322.92,2010-08-23T16:19:00.000+03:00,16,8,2,0
15035,United Kingdom,0.0,89,1,227.29,2011-09-11T11:08:00.000+03:00,11,9,1,0
17380,United Kingdom,0.0,434,3,585.0,2010-10-01T16:42:00.000+03:00,16,10,6,1
16642,United Kingdom,0.0,4,3,875.67,2011-12-05T11:31:00.000+03:00,11,12,2,0
15610,United Kingdom,0.0,51,1,112.46,2011-10-19T10:36:00.000+03:00,10,10,4,0
13705,United Kingdom,0.0,7,7,1642.31,2011-12-02T12:32:00.000+03:00,12,12,6,1
16040,United Kingdom,0.0,65,7,2361.46,2011-10-05T13:47:00.000+03:00,13,10,4,0
18135,United Kingdom,0.0,29,8,460.52,2011-11-10T19:32:00.000+03:00,19,11,5,0
14131,United Kingdom,0.0,648,1,168.22,2010-03-01T11:59:00.000+03:00,11,3,2,0
13443,United Kingdom,0.0,448,5,1243.07,2010-09-17T12:31:00.000+03:00,12,9,6,1
12608,United Kingdom,0.0,404,1,159.95,2010-10-31T10:49:00.000+03:00,10,10,1,0
14062,United Kingdom,0.0,9,20,8209.02,2011-11-30T10:04:00.000+03:00,10,11,4,0
16658,United Kingdom,0.0,368,6,690.83,2010-12-06T13:47:00.000+03:00,13,12,2,0
14427,United Kingdom,0.0,50,4,1187.92,2011-10-20T14:23:00.000+03:00,14,10,5,0
17297,United Kingdom,0.0,17,1,128.18,2011-11-22T14:43:00.000+03:00,14,11,3,0
15444,United Kingdom,0.0,9,2,1411.21,2011-11-30T17:37:00.000+03:00,17,11,4,0
16283,United Kingdom,0.0,5,8,4325.72,2011-12-04T12:08:00.000+03:00,12,12,1,0
18286,United Kingdom,0.0,476,2,1258.27,2010-08-20T11:57:00.000+03:00,11,8,6,1
13145,United Kingdom,0.0,39,6,796.6,2011-10-31T12:45:00.000+03:00,12,10,2,0
17278,United Kingdom,0.0,241,2,271.24,2011-04-12T13:10:00.000+03:00,13,4,3,0
14173,United Kingdom,0.0,10,6,369.4,2011-11-29T11:54:00.000+03:00,11,11,3,0
12898,United Kingdom,0.0,659,1,143.57,2010-02-18T12:36:00.000+03:00,12,2,5,0
14399,United Kingdom,0.0,394,8,1537.01,2010-11-10T13:23:00.000+03:00,13,11,4,0
15437,United Kingdom,0.0,262,2,393.45,2011-03-22T13:11:00.000+03:00,13,3,3,0
14649,United Kingdom,0.0,4,9,3059.43,2011-12-05T12:30:00.000+03:00,12,12,2,0
13405,United Kingdom,0.0,74,6,1092.85,2011-09-26T17:01:00.000+03:00,17,9,2,0
14748,United Kingdom,0.0,29,10,2360.04,2011-11-10T18:33:00.000+03:00,18,11,5,0
12533,Germany,1.0,627,2,1367.89,2010-03-22T10:56:00.000+03:00,10,3,2,0
13140,United Kingdom,0.0,108,5,990.57,2011-08-23T15:33:00.000+03:00,15,8,3,0
18171,United Kingdom,0.0,58,9,1984.73,2011-10-12T09:13:00.000+03:00,9,10,4,0
12658,Germany,1.0,18,1,686.05,2011-11-21T10:22:00.000+03:00,10,11,2,0
15690,United Kingdom,0.0,4,2,201.48,2011-12-05T15:59:00.000+03:00,15,12,2,0
12648,Germany,1.0,154,4,1071.2,2011-07-08T11:55:00.000+03:00,11,7,6,1
12632,Germany,1.0,520,2,747.16,2010-07-07T09:39:00.000+03:00,9,7,4,0
17525,United Kingdom,0.0,359,3,895.5,2010-12-15T12:05:00.000+03:00,12,12,4,0
14834,United Kingdom,0.0,17,7,2077.28,2011-11-22T10:30:00.000+03:00,10,11,3,0
13182,United Kingdom,0.0,45,1,121.18,2011-10-25T13:46:00.000+03:00,13,10,3,0
15398,United Kingdom,0.0,16,2,1345.53,2011-11-23T16:47:00.000+03:00,16,11,4,0
15020,United Kingdom,0.0,379,1,198.47,2010-11-25T13:29:00.000+03:00,13,11,5,0
17781,United Kingdom,0.0,159,2,188.02,2011-07-03T16:00:00.000+03:00,16,7,1,0
13167,United Kingdom,0.0,18,5,944.31,2011-11-21T12:24:00.000+03:00,12,11,2,0
14191,United Kingdom,0.0,1,15,4519.7,2011-12-08T09:23:00.000+03:00,9,12,5,0
16975,United Kingdom,0.0,423,3,691.88,2010-10-12T17:53:00.000+03:00,17,10,3,0
14577,United Kingdom,0.0,12,7,1310.51,2011-11-27T12:47:00.000+03:00,12,11,1,0
13849,United Kingdom,0.0,51,5,3449.14,2011-10-19T10:59:00.000+03:00,10,10,4,0
13873,United Kingdom,0.0,119,8,1007.0,2011-08-12T10:08:00.000+03:00,10,8,6,1
13663,United Kingdom,0.0,179,5,1935.31,2011-06-13T15:44:00.000+03:00,15,6,2,0
17313,United Kingdom,0.0,31,1,577.8,2011-11-08T15:45:00.000+03:00,15,11,3,0
14618,United Kingdom,0.0,9,7,987.0,2011-11-30T13:45:00.000+03:00,13,11,4,0
16170,United Kingdom,0.0,50,20,6224.54,2011-10-20T08:21:00.000+03:00,8,10,5,0
14342,United Kingdom,0.0,21,5,654.08,2011-11-18T13:21:00.000+03:00,13,11,6,1
14456,United Kingdom,0.0,5,9,2895.86,2011-12-04T13:59:00.000+03:00,13,12,1,0
12764,Lebanon,34.0,316,1,1693.88,2011-01-27T10:19:00.000+03:00,10,1,5,0
14018,United Kingdom,0.0,645,1,341.95,2010-03-04T14:23:00.000+03:00,14,3,5,0
17506,United Kingdom,0.0,75,1,302.2,2011-09-25T11:39:00.000+03:00,11,9,1,0
15993,United Kingdom,0.0,8,7,2748.63,2011-12-01T10:45:00.000+03:00,10,12,5,0
15938,United Kingdom,0.0,112,9,644.81,2011-08-19T12:56:00.000+03:00,12,8,6,1
12976,United Kingdom,0.0,211,8,2538.8,2011-05-12T09:55:00.000+03:00,9,5,5,0
15089,United Kingdom,0.0,10,6,2407.16,2011-11-29T16:31:00.000+03:00,16,11,3,0
14756,United Kingdom,0.0,15,3,2369.18,2011-11-24T18:13:00.000+03:00,18,11,5,0
16254,United Kingdom,0.0,378,3,936.72,2010-11-26T13:22:00.000+03:00,13,11,6,1
12397,Belgium,4.0,35,2,2372.46,2011-11-04T09:52:00.000+03:00,9,11,6,1
16958,United Kingdom,0.0,435,1,692.65,2010-09-30T14:25:00.000+03:00,14,9,5,0
17823,United Kingdom,0.0,421,2,449.25,2010-10-14T16:24:00.000+03:00,16,10,5,0
12680,France,2.0,0,4,866.77,2011-12-09T12:50:00.000+03:00,12,12,6,1
14415,United Kingdom,0.0,1,23,11656.57,2011-12-08T14:38:00.000+03:00,14,12,5,0
14020,United Kingdom,0.0,16,4,1234.97,2011-11-23T09:22:00.000+03:00,9,11,4,0
17034,United Kingdom,0.0,16,5,1206.82,2011-11-23T15:14:00.000+03:00,15,11,4,0
16438,United Kingdom,0.0,5,5,798.35,2011-12-04T10:51:00.000+03:00,10,12,1,0
12822,United Kingdom,0.0,70,2,806.08,2011-09-30T10:04:00.000+03:00,10,9,6,1
13629,United Kingdom,0.0,142,1,336.36,2011-07-20T08:48:00.000+03:00,8,7,4,0
17397,United Kingdom,0.0,22,3,1160.18,2011-11-17T14:08:00.000+03:00,14,11,5,0
13192,United Kingdom,0.0,95,6,2548.08,2011-09-05T14:13:00.000+03:00,14,9,2,0
17185,United Kingdom,0.0,591,3,229.46,2010-04-27T12:15:00.000+03:00,12,4,3,0
15713,United Kingdom,0.0,143,4,839.64,2011-07-19T13:34:00.000+03:00,13,7,3,0
14693,United Kingdom,0.0,264,7,1165.36,2011-03-20T12:50:00.000+03:00,12,3,1,0
12347,Iceland,33.0,2,8,4255.11,2011-12-07T15:52:00.000+03:00,15,12,4,0
14703,United Kingdom,0.0,14,1,318.17,2011-11-25T09:23:00.000+03:00,9,11,6,1
12577,France,2.0,35,8,1528.36,2011-11-04T13:24:00.000+03:00,13,11,6,1
14263,United Kingdom,0.0,423,1,322.93,2010-10-12T14:09:00.000+03:00,14,10,3,0
12981,United Kingdom,0.0,29,2,372.22,2011-11-10T12:00:00.000+03:00,12,11,5,0
17193,United Kingdom,0.0,35,8,1386.76,2011-11-04T12:47:00.000+03:00,12,11,6,1
16526,United Kingdom,0.0,171,2,641.61,2011-06-21T12:02:00.000+03:00,12,6,3,0
15283,United Kingdom,0.0,390,3,148.33,2010-11-14T14:54:00.000+03:00,14,11,1,0
16905,United Kingdom,0.0,5,17,4370.45,2011-12-04T14:01:00.000+03:00,14,12,1,0
16250,United Kingdom,0.0,261,3,565.24,2011-03-23T15:07:00.000+03:00,15,3,4,0
17201,United Kingdom,0.0,53,4,989.5,2011-10-17T11:55:00.000+03:00,11,10,2,0
12874,Belgium,4.0,385,2,861.3,2010-11-19T15:23:00.000+03:00,15,11,6,1
17974,United Kingdom,0.0,24,6,1693.73,2011-11-15T11:37:00.000+03:00,11,11,3,0
13071,United Kingdom,0.0,612,1,129.22,2010-04-06T13:37:00.000+03:00,13,4,3,0
15306,United Kingdom,0.0,64,9,2495.87,2011-10-06T12:56:00.000+03:00,12,10,5,0
14712,United Kingdom,0.0,29,4,1288.23,2011-11-10T12:59:00.000+03:00,12,11,5,0
18036,United Kingdom,0.0,32,11,1417.33,2011-11-07T14:40:00.000+03:00,14,11,2,0
14249,United Kingdom,0.0,410,12,4742.41,2010-10-25T12:34:00.000+03:00,12,10,2,0
14704,United Kingdom,0.0,11,11,1747.04,2011-11-28T12:51:00.000+03:00,12,11,2,0
13341,United Kingdom,0.0,260,1,775.85,2011-03-24T09:50:00.000+03:00,9,3,5,0
15392,United Kingdom,0.0,4,7,2625.3,2011-12-05T11:01:00.000+03:00,11,12,2,0
16470,United Kingdom,0.0,51,11,2379.53,2011-10-19T12:11:00.000+03:00,12,10,4,0
12417,Spain,3.0,225,2,638.36,2011-04-28T13:09:00.000+03:00,13,4,5,0
13371,United Kingdom,0.0,505,2,2192.06,2010-07-22T17:33:00.000+03:00,17,7,5,0
16018,United Kingdom,0.0,39,4,521.49,2011-10-31T14:13:00.000+03:00,14,10,2,0
14569,United Kingdom,0.0,1,4,337.43,2011-12-08T14:58:00.000+03:00,14,12,5,0
17190,United Kingdom,0.0,58,6,1247.23,2011-10-12T11:33:00.000+03:00,11,10,4,0
12416,Australia,10.0,656,1,202.56,2010-02-21T10:19:00.000+03:00,10,2,1,0
14235,United Kingdom,0.0,75,9,2637.91,2011-09-25T14:37:00.000+03:00,14,9,1,0
14514,United Kingdom,0.0,61,9,4086.34,2011-10-09T16:05:00.000+03:00,16,10,1,0
15858,United Kingdom,0.0,15,13,3357.35,2011-11-24T12:48:00.000+03:00,12,11,5,0
14711,United Kingdom,0.0,10,11,2767.62,2011-11-29T14:58:00.000+03:00,14,11,3,0
16829,United Kingdom,0.0,156,2,513.32,2011-07-06T10:48:00.000+03:00,10,7,4,0
14133,United Kingdom,0.0,129,4,880.54,2011-08-02T11:34:00.000+03:00,11,8,3,0
16205,United Kingdom,0.0,30,7,1321.31,2011-11-09T09:32:00.000+03:00,9,11,4,0
13994,United Kingdom,0.0,3,6,2243.54,2011-12-06T11:05:00.000+03:00,11,12,3,0
14172,United Kingdom,0.0,605,3,369.02,2010-04-13T13:26:00.000+03:00,13,4,3,0
18145,United Kingdom,0.0,12,11,5052.34,2011-11-27T11:22:00.000+03:00,11,11,1,0
16637,United Kingdom,0.0,32,4,1066.51,2011-11-07T13:17:00.000+03:00,13,11,2,0
16049,United Kingdom,0.0,40,6,1837.03,2011-10-30T13:19:00.000+03:00,13,10,1,0
15515,United Kingdom,0.0,387,1,91.65,2010-11-17T13:39:00.000+03:00,13,11,4,0
14482,United Kingdom,0.0,18,10,1802.44,2011-11-21T13:14:00.000+03:00,13,11,2,0
15100,United Kingdom,0.0,333,3,441.9,2011-01-10T10:35:00.000+03:00,10,1,2,0
16993,United Kingdom,0.0,463,2,1950.95,2010-09-02T12:16:00.000+03:00,12,9,5,0
15985,United Kingdom,0.0,123,7,1881.52,2011-08-08T16:31:00.000+03:00,16,8,2,0
18012,United Kingdom,0.0,723,1,115.3,2009-12-16T13:16:00.000+03:00,13,12,4,0
17370,United Kingdom,0.0,72,4,415.22,2011-09-28T10:14:00.000+03:00,10,9,4,0
17024,United Kingdom,0.0,45,3,95.85,2011-10-25T13:47:00.000+03:00,13,10,3,0
16500,United Kingdom,0.0,4,9,755.41,2011-12-05T12:04:00.000+03:00,12,12,2,0
14328,United Kingdom,0.0,438,1,445.05,2010-09-27T16:01:00.000+03:00,16,9,2,0
17181,United Kingdom,0.0,57,2,154.33,2011-10-13T14:48:00.000+03:00,14,10,5,0
15945,United Kingdom,0.0,365,4,438.31,2010-12-09T13:14:00.000+03:00,13,12,5,0
14494,United Kingdom,0.0,25,2,287.16,2011-11-14T09:21:00.000+03:00,9,11,2,0
17797,United Kingdom,0.0,22,8,1971.87,2011-11-17T13:21:00.000+03:00,13,11,5,0
15424,United Kingdom,0.0,254,3,518.58,2011-03-30T13:02:00.000+03:00,13,3,4,0
16217,United Kingdom,0.0,235,2,304.25,2011-04-18T13:31:00.000+03:00,13,4,2,0
12990,United Kingdom,0.0,31,6,604.5,2011-11-08T13:01:00.000+03:00,13,11,3,0
12810,Japan,16.0,534,2,474.99,2010-06-23T10:53:00.000+03:00,10,6,4,0
14983,United Kingdom,0.0,689,1,183.2,2010-01-19T17:32:00.000+03:00,17,1,3,0
18247,United Kingdom,0.0,414,3,839.73,2010-10-21T09:49:00.000+03:00,9,10,5,0
16468,United Kingdom,0.0,74,3,725.12,2011-09-26T14:13:00.000+03:00,14,9,2,0
15854,United Kingdom,0.0,4,20,3822.45,2011-12-05T13:39:00.000+03:00,13,12,2,0
18242,United Kingdom,0.0,72,8,3012.71,2011-09-28T13:43:00.000+03:00,13,9,4,0
13808,United Kingdom,0.0,5,5,1490.26,2011-12-04T12:18:00.000+03:00,12,12,1,0
16789,United Kingdom,0.0,8,1,80.8,2011-12-01T15:12:00.000+03:00,15,12,5,0
16336,United Kingdom,0.0,420,4,2012.81,2010-10-15T12:32:00.000+03:00,12,10,6,1
18224,United Kingdom,0.0,263,1,158.95,2011-03-21T10:30:00.000+03:00,10,3,2,0
14644,United Kingdom,0.0,67,7,1787.52,2011-10-03T08:30:00.000+03:00,8,10,2,0
18070,United Kingdom,0.0,669,1,314.1,2010-02-08T13:28:00.000+03:00,13,2,2,0
15249,United Kingdom,0.0,31,18,9103.5,2011-11-08T11:45:00.000+03:00,11,11,3,0
15309,United Kingdom,0.0,610,4,797.96,2010-04-08T11:11:00.000+03:00,11,4,5,0
15503,United Kingdom,0.0,362,2,257.3,2010-12-12T10:57:00.000+03:00,10,12,1,0
12804,Netherlands,6.0,465,2,325.37,2010-08-31T11:58:00.000+03:00,11,8,3,0
12946,United Kingdom,0.0,436,1,324.45,2010-09-29T10:14:00.000+03:00,10,9,4,0
15110,United Kingdom,0.0,23,6,1505.85,2011-11-16T11:16:00.000+03:00,11,11,4,0
17100,United Kingdom,0.0,18,2,948.34,2011-11-21T16:36:00.000+03:00,16,11,2,0
13607,United Kingdom,0.0,40,2,1075.81,2011-10-30T16:17:00.000+03:00,16,10,1,0
15127,United Kingdom,0.0,65,2,651.5,2011-10-05T10:30:00.000+03:00,10,10,4,0
17738,United Kingdom,0.0,19,13,3947.72,2011-11-20T15:05:00.000+03:00,15,11,1,0
16799,United Kingdom,0.0,432,2,452.78,2010-10-03T14:28:00.000+03:00,14,10,1,0
18255,United Kingdom,0.0,89,2,303.15,2011-09-11T13:16:00.000+03:00,13,9,1,0
13348,United Kingdom,0.0,64,1,233.76,2011-10-06T17:28:00.000+03:00,17,10,5,0
17387,United Kingdom,0.0,19,2,664.17,2011-11-20T11:00:00.000+03:00,11,11,1,0
17331,United Kingdom,0.0,123,1,175.2,2011-08-08T11:55:00.000+03:00,11,8,2,0
16624,United Kingdom,0.0,80,2,546.59,2011-09-20T12:39:00.000+03:00,12,9,3,0
12745,United Kingdom,0.0,486,2,525.73,2010-08-10T10:14:00.000+03:00,10,8,3,0
13308,United Kingdom,0.0,22,4,1460.49,2011-11-17T09:31:00.000+03:00,9,11,5,0
17606,United Kingdom,0.0,737,1,87.3,2009-12-02T13:32:00.000+03:00,13,12,4,0
13647,United Kingdom,0.0,9,8,2344.1,2011-11-30T12:00:00.000+03:00,12,11,4,0
17818,United Kingdom,0.0,737,1,124.78,2009-12-02T11:34:00.000+03:00,11,12,4,0
15549,United Kingdom,0.0,77,8,2284.16,2011-09-23T16:22:00.000+03:00,16,9,6,1
15158,United Kingdom,0.0,45,2,324.38,2011-10-25T13:53:00.000+03:00,13,10,3,0
14596,United Kingdom,0.0,626,1,222.22,2010-03-23T12:13:00.000+03:00,12,3,3,0
13908,United Kingdom,0.0,79,4,2097.35,2011-09-21T11:49:00.000+03:00,11,9,4,0
12860,United Kingdom,0.0,693,1,54.22,2010-01-15T15:22:00.000+03:00,15,1,6,1
13012,United Kingdom,0.0,9,11,2923.63,2011-11-30T13:05:00.000+03:00,13,11,4,0
12886,United Kingdom,0.0,67,2,1319.96,2011-10-03T10:09:00.000+03:00,10,10,2,0
17732,United Kingdom,0.0,372,8,2098.02,2010-12-02T09:29:00.000+03:00,9,12,5,0
14428,United Kingdom,0.0,7,5,1147.74,2011-12-02T13:17:00.000+03:00,13,12,6,1
14565,United Kingdom,0.0,95,5,3711.86,2011-09-05T09:07:00.000+03:00,9,9,2,0
14871,United Kingdom,0.0,3,9,1228.17,2011-12-06T13:42:00.000+03:00,13,12,3,0
17038,United Kingdom,0.0,30,2,653.43,2011-11-09T13:50:00.000+03:00,13,11,4,0
17686,United Kingdom,0.0,7,9,8158.33,2011-12-02T15:39:00.000+03:00,15,12,6,1
12376,Switzerland,7.0,389,2,232.55,2010-11-15T12:15:00.000+03:00,12,11,2,0
12885,United Kingdom,0.0,63,3,1175.22,2011-10-07T13:40:00.000+03:00,13,10,6,1
18029,United Kingdom,0.0,642,1,240.45,2010-03-07T15:30:00.000+03:00,15,3,1,0
15412,United Kingdom,0.0,171,1,160.29,2011-06-21T15:24:00.000+03:00,15,6,3,0
12817,Austria,12.0,281,3,690.98,2011-03-03T16:28:00.000+03:00,16,3,5,0
16559,United Kingdom,0.0,397,1,175.0,2010-11-07T13:52:00.000+03:00,13,11,1,0
15950,United Kingdom,0.0,31,10,6164.84,2011-11-08T11:09:00.000+03:00,11,11,3,0
16871,United Kingdom,0.0,22,6,2812.34,2011-11-17T19:27:00.000+03:00,19,11,5,0
17033,United Kingdom,0.0,86,4,1002.61,2011-09-14T14:34:00.000+03:00,14,9,4,0
13207,United Kingdom,0.0,15,4,535.86,2011-11-24T14:52:00.000+03:00,14,11,5,0
15746,United Kingdom,0.0,134,1,182.96,2011-07-28T15:21:00.000+03:00,15,7,5,0
14719,United Kingdom,0.0,1,5,1581.84,2011-12-08T12:43:00.000+03:00,12,12,5,0
15501,United Kingdom,0.0,404,2,399.95,2010-10-31T11:15:00.000+03:00,11,10,1,0
17805,United Kingdom,0.0,73,1,211.83,2011-09-27T11:49:00.000+03:00,11,9,3,0
13630,United Kingdom,0.0,5,7,949.74,2011-12-04T15:16:00.000+03:00,15,12,1,0
14737,United Kingdom,0.0,3,4,2657.05,2011-12-06T10:16:00.000+03:00,10,12,3,0
15901,United Kingdom,0.0,16,7,670.6,2011-11-23T12:43:00.000+03:00,12,11,4,0
17523,United Kingdom,0.0,11,2,314.28,2011-11-28T13:20:00.000+03:00,13,11,2,0
15612,United Kingdom,0.0,36,2,195.15,2011-11-03T14:52:00.000+03:00,14,11,5,0
17765,United Kingdom,0.0,158,4,524.0,2011-07-04T12:41:00.000+03:00,12,7,2,0
13909,United Kingdom,0.0,423,2,249.55,2010-10-12T17:22:00.000+03:00,17,10,3,0
16244,United Kingdom,0.0,211,2,1522.75,2011-05-12T10:18:00.000+03:00,10,5,5,0
17103,United Kingdom,0.0,722,1,410.38,2009-12-17T14:08:00.000+03:00,14,12,5,0
13131,United Kingdom,0.0,23,7,3237.27,2011-11-16T13:21:00.000+03:00,13,11,4,0
14253,United Kingdom,0.0,493,2,363.4,2010-08-03T14:55:00.000+03:00,14,8,3,0
12470,Unspecified,20.0,689,1,211.95,2010-01-19T11:01:00.000+03:00,11,1,3,0
16137,United Kingdom,0.0,680,1,422.7,2010-01-28T15:04:00.000+03:00,15,1,5,0
16268,United Kingdom,0.0,71,2,667.65,2011-09-29T18:30:00.000+03:00,18,9,5,0
13533,United Kingdom,0.0,182,3,269.09,2011-06-10T11:54:00.000+03:00,11,6,6,1
15088,United Kingdom,0.0,21,2,1160.07,2011-11-18T13:14:00.000+03:00,13,11,6,1
15381,United Kingdom,0.0,213,5,1246.89,2011-05-10T11:55:00.000+03:00,11,5,3,0
16682,United Kingdom,0.0,4,5,451.32,2011-12-05T12:13:00.000+03:00,12,12,2,0
13489,United Kingdom,0.0,105,3,175.44,2011-08-26T13:16:00.000+03:00,13,8,6,1
14547,United Kingdom,0.0,3,8,3797.71,2011-12-06T11:06:00.000+03:00,11,12,3,0
16140,United Kingdom,0.0,65,3,1091.22,2011-10-05T12:15:00.000+03:00,12,10,4,0
14997,United Kingdom,0.0,46,4,421.52,2011-10-24T13:28:00.000+03:00,13,10,2,0
13485,United Kingdom,0.0,233,11,2806.46,2011-04-20T13:58:00.000+03:00,13,4,4,0
15493,United Kingdom,0.0,32,9,4121.68,2011-11-07T12:04:00.000+03:00,12,11,2,0
13507,United Kingdom,0.0,3,4,2420.96,2011-12-06T13:13:00.000+03:00,13,12,3,0
12389,Australia,10.0,402,3,1229.33,2010-11-02T11:52:00.000+03:00,11,11,3,0
14957,United Kingdom,0.0,253,2,261.69,2011-03-31T17:59:00.000+03:00,17,3,5,0
14916,United Kingdom,0.0,70,7,2284.73,2011-09-30T09:20:00.000+03:00,9,9,6,1
15710,United Kingdom,0.0,417,1,827.95,2010-10-18T17:05:00.000+03:00,17,10,2,0
16037,United Kingdom,0.0,269,5,1509.34,2011-03-15T09:13:00.000+03:00,9,3,3,0
17205,United Kingdom,0.0,53,3,97.03,2011-10-17T12:46:00.000+03:00,12,10,2,0
15476,United Kingdom,0.0,380,4,1575.66,2010-11-24T15:17:00.000+03:00,15,11,4,0
16138,United Kingdom,0.0,378,3,520.35,2010-11-26T12:13:00.000+03:00,12,11,6,1
13803,United Kingdom,0.0,255,3,1278.43,2011-03-29T12:57:00.000+03:00,12,3,3,0
16487,United Kingdom,0.0,577,2,183.4,2010-05-11T13:38:00.000+03:00,13,5,3,0
15537,United Kingdom,0.0,163,1,110.92,2011-06-29T13:10:00.000+03:00,13,6,4,0
15030,United Kingdom,0.0,71,7,956.43,2011-09-29T10:50:00.000+03:00,10,9,5,0
12718,France,2.0,71,1,238.25,2011-09-29T16:38:00.000+03:00,16,9,5,0
15203,United Kingdom,0.0,25,14,4301.94,2011-11-14T08:16:00.000+03:00,8,11,2,0
18009,United Kingdom,0.0,235,8,2144.23,2011-04-18T13:36:00.000+03:00,13,4,2,0
15108,European Community,32.0,141,4,1300.25,2011-07-21T10:24:00.000+03:00,10,7,5,0
17556,United Kingdom,0.0,205,2,225.67,2011-05-18T10:48:00.000+03:00,10,5,4,0
17631,United Kingdom,0.0,1,7,991.65,2011-12-08T09:47:00.000+03:00,9,12,5,0
14903,United Kingdom,0.0,21,5,2764.13,2011-11-18T16:07:00.000+03:00,16,11,6,1
13627,United Kingdom,0.0,59,7,1955.86,2011-10-11T14:20:00.000+03:00,14,10,3,0
17771,United Kingdom,0.0,56,4,387.41,2011-10-14T11:43:00.000+03:00,11,10,6,1
16352,United Kingdom,0.0,17,2,494.44,2011-11-22T10:32:00.000+03:00,10,11,3,0
16072,United Kingdom,0.0,288,4,3998.47,2011-02-24T14:32:00.000+03:00,14,2,5,0
13449,United Kingdom,0.0,23,1,291.88,2011-11-16T08:28:00.000+03:00,8,11,4,0
16142,United Kingdom,0.0,249,1,494.54,2011-04-04T10:16:00.000+03:00,10,4,2,0
15315,United Kingdom,0.0,64,2,475.22,2011-10-06T12:51:00.000+03:00,12,10,5,0
14981,United Kingdom,0.0,246,2,372.92,2011-04-07T13:45:00.000+03:00,13,4,5,0
12931,United Kingdom,0.0,67,8,562.84,2011-10-03T13:53:00.000+03:00,13,10,2,0
17602,United Kingdom,0.0,2,14,6593.88,2011-12-07T13:53:00.000+03:00,13,12,4,0
16715,United Kingdom,0.0,78,2,148.58,2011-09-22T18:15:00.000+03:00,18,9,5,0
16045,United Kingdom,0.0,119,8,2435.09,2011-08-12T12:41:00.000+03:00,12,8,6,1
13506,United Kingdom,0.0,316,5,1222.22,2011-01-27T13:53:00.000+03:00,13,1,5,0
13681,United Kingdom,0.0,17,4,827.83,2011-11-22T11:13:00.000+03:00,11,11,3,0
12705,Germany,1.0,15,14,11323.56,2011-11-24T13:17:00.000+03:00,13,11,5,0
18034,United Kingdom,0.0,21,3,632.28,2011-11-18T12:22:00.000+03:00,12,11,6,1
12951,United Kingdom,0.0,8,15,3213.72,2011-12-01T12:14:00.000+03:00,12,12,5,0
14114,United Kingdom,0.0,273,7,1356.53,2011-03-11T09:42:00.000+03:00,9,3,6,1
14922,United Kingdom,0.0,393,2,843.74,2010-11-11T11:14:00.000+03:00,11,11,5,0
15747,United Kingdom,0.0,12,9,2093.31,2011-11-27T12:26:00.000+03:00,12,11,1,0
15157,United Kingdom,0.0,3,5,1929.87,2011-12-06T11:28:00.000+03:00,11,12,3,0
16474,United Kingdom,0.0,7,7,1810.65,2011-12-02T13:02:00.000+03:00,13,12,6,1
12509,France,2.0,284,1,176.5,2011-02-28T14:45:00.000+03:00,14,2,2,0
14286,United Kingdom,0.0,23,7,7252.64,2011-11-16T10:34:00.000+03:00,10,11,4,0
14178,United Kingdom,0.0,8,7,1543.94,2011-12-01T12:01:00.000+03:00,12,12,5,0
15987,United Kingdom,0.0,12,7,1040.81,2011-11-27T15:38:00.000+03:00,15,11,1,0
14319,United Kingdom,0.0,424,1,473.85,2010-10-11T13:38:00.000+03:00,13,10,2,0
13666,United Kingdom,0.0,60,5,127.9,2011-10-10T15:39:00.000+03:00,15,10,2,0
12485,Sweden,8.0,529,1,701.8,2010-06-28T15:22:00.000+03:00,15,6,2,0
13868,United Kingdom,0.0,38,1,488.82,2011-11-01T12:45:00.000+03:00,12,11,3,0
12572,Germany,1.0,8,2,968.22,2011-12-01T09:20:00.000+03:00,9,12,5,0
13623,United Kingdom,0.0,30,10,2263.1,2011-11-09T12:00:00.000+03:00,12,11,4,0
13625,United Kingdom,0.0,596,1,301.26,2010-04-22T10:50:00.000+03:00,10,4,5,0
18097,United Kingdom,0.0,7,11,3720.24,2011-12-02T11:16:00.000+03:00,11,12,6,1
15106,United Kingdom,0.0,17,5,1366.0,2011-11-22T09:16:00.000+03:00,9,11,3,0
12916,United Kingdom,0.0,138,7,3596.05,2011-07-24T10:35:00.000+03:00,10,7,1,0
14821,United Kingdom,0.0,366,7,1162.55,2010-12-08T08:43:00.000+03:00,8,12,4,0
13739,United Kingdom,0.0,18,2,200.4,2011-11-21T13:35:00.000+03:00,13,11,2,0
13265,United Kingdom,0.0,53,5,1482.62,2011-10-17T15:02:00.000+03:00,15,10,2,0
13797,United Kingdom,0.0,436,3,1179.45,2010-09-29T10:34:00.000+03:00,10,9,4,0
15960,United Kingdom,0.0,374,4,410.95,2010-11-30T15:57:00.000+03:00,15,11,3,0
16520,United Kingdom,0.0,186,6,2148.38,2011-06-06T13:24:00.000+03:00,13,6,2,0
17671,United Kingdom,0.0,15,5,1763.24,2011-11-24T12:21:00.000+03:00,12,11,5,0
17768,United Kingdom,0.0,8,6,2583.39,2011-12-01T13:22:00.000+03:00,13,12,5,0
15979,United Kingdom,0.0,602,1,291.3,2010-04-16T11:35:00.000+03:00,11,4,6,1
13800,United Kingdom,0.0,309,3,1376.92,2011-02-03T12:27:00.000+03:00,12,2,5,0
16376,United Kingdom,0.0,8,2,838.94,2011-12-01T11:38:00.000+03:00,11,12,5,0
17560,United Kingdom,0.0,155,7,792.12,2011-07-07T15:06:00.000+03:00,15,7,5,0
15899,United Kingdom,0.0,368,1,56.25,2010-12-06T10:36:00.000+03:00,10,12,2,0
16807,United Kingdom,0.0,142,6,2100.48,2011-07-20T12:00:00.000+03:00,12,7,4,0
17519,United Kingdom,0.0,17,15,3474.75,2011-11-22T16:43:00.000+03:00,16,11,3,0
15811,United Kingdom,0.0,22,7,3355.11,2011-11-17T15:31:00.000+03:00,15,11,5,0
13526,United Kingdom,0.0,738,2,348.98,2009-12-01T13:13:00.000+03:00,13,12,3,0
17276,United Kingdom,0.0,402,1,502.49,2010-11-02T16:20:00.000+03:00,16,11,3,0
14508,United Kingdom,0.0,22,5,822.92,2011-11-17T19:48:00.000+03:00,19,11,5,0
16285,United Kingdom,0.0,646,1,176.9,2010-03-03T16:03:00.000+03:00,16,3,4,0
13225,United Kingdom,0.0,429,7,2219.6,2010-10-06T12:59:00.000+03:00,12,10,4,0
18214,United Kingdom,0.0,530,4,466.04,2010-06-27T11:21:00.000+03:00,11,6,1,0
16364,United Kingdom,0.0,11,2,705.79,2011-11-28T11:27:00.000+03:00,11,11,2,0
12827,United Kingdom,0.0,5,3,430.15,2011-12-04T12:17:00.000+03:00,12,12,1,0
15032,United Kingdom,0.0,256,6,615.05,2011-03-28T15:03:00.000+03:00,15,3,2,0
17441,United Kingdom,0.0,732,1,280.75,2009-12-07T13:32:00.000+03:00,13,12,2,0
12985,United Kingdom,0.0,0,2,1048.82,2011-12-09T10:46:00.000+03:00,10,12,6,1
12873,United Kingdom,0.0,282,3,1011.3,2011-03-02T14:58:00.000+03:00,14,3,4,0
17895,United Kingdom,0.0,44,1,88.61,2011-10-26T17:00:00.000+03:00,17,10,4,0
16243,United Kingdom,0.0,33,2,409.1,2011-11-06T12:32:00.000+03:00,12,11,1,0
13320,United Kingdom,0.0,78,6,2211.6,2011-09-22T18:07:00.000+03:00,18,9,5,0
12924,United Kingdom,0.0,88,12,1351.72,2011-09-12T13:55:00.000+03:00,13,9,2,0
17912,United Kingdom,0.0,310,6,364.47,2011-02-02T14:25:00.000+03:00,14,2,4,0
16083,United Kingdom,0.0,100,4,1258.34,2011-08-31T10:47:00.000+03:00,10,8,4,0
17357,United Kingdom,0.0,24,2,384.39,2011-11-15T16:30:00.000+03:00,16,11,3,0
15101,United Kingdom,0.0,8,6,1271.42,2011-12-01T10:18:00.000+03:00,10,12,5,0
15910,United Kingdom,0.0,0,15,2655.41,2011-12-09T10:51:00.000+03:00,10,12,6,1
13598,United Kingdom,0.0,47,5,674.06,2011-10-23T14:28:00.000+03:00,14,10,1,0
13940,United Kingdom,0.0,17,4,778.66,2011-11-22T15:15:00.000+03:00,15,11,3,0
16813,United Kingdom,0.0,8,10,1578.02,2011-12-01T14:03:00.000+03:00,14,12,5,0
16708,United Kingdom,0.0,45,1,656.63,2011-10-25T12:20:00.000+03:00,12,10,3,0
12758,Portugal,5.0,116,7,5669.28,2011-08-15T10:22:00.000+03:00,10,8,2,0
16175,United Kingdom,0.0,94,7,1836.44,2011-09-06T14:32:00.000+03:00,14,9,3,0
17162,United Kingdom,0.0,28,10,1715.46,2011-11-11T11:34:00.000+03:00,11,11,6,1
15552,United Kingdom,0.0,217,2,221.32,2011-05-06T14:47:00.000+03:00,14,5,6,1
12687,Sweden,8.0,480,2,2060.07,2010-08-16T12:12:00.000+03:00,12,8,2,0
16323,United Kingdom,0.0,577,1,81.36,2010-05-11T09:48:00.000+03:00,9,5,3,0
15289,United Kingdom,0.0,29,5,1261.41,2011-11-10T13:49:00.000+03:00,13,11,5,0
17910,United Kingdom,0.0,726,1,261.7,2009-12-13T16:04:00.000+03:00,16,12,1,0
17756,United Kingdom,0.0,375,3,708.59,2010-11-29T12:20:00.000+03:00,12,11,2,0
14697,United Kingdom,0.0,218,2,121.41,2011-05-05T15:39:00.000+03:00,15,5,5,0
13196,United Kingdom,0.0,11,7,3068.84,2011-11-28T13:54:00.000+03:00,13,11,2,0
15145,United Kingdom,0.0,4,4,1171.33,2011-12-05T17:21:00.000+03:00,17,12,2,0
13521,United Kingdom,0.0,1,3,1071.73,2011-12-08T13:50:00.000+03:00,13,12,5,0
12765,Netherlands,6.0,472,6,1202.98,2010-08-24T13:51:00.000+03:00,13,8,3,0
17692,United Kingdom,0.0,127,12,2697.28,2011-08-04T14:01:00.000+03:00,14,8,5,0
14224,United Kingdom,0.0,110,9,1642.15,2011-08-21T13:24:00.000+03:00,13,8,1,0
17480,United Kingdom,0.0,77,2,882.23,2011-09-23T11:39:00.000+03:00,11,9,6,1
14924,United Kingdom,0.0,245,3,920.57,2011-04-08T09:25:00.000+03:00,9,4,6,1
17137,United Kingdom,0.0,416,6,1099.81,2010-10-19T14:51:00.000+03:00,14,10,3,0
14779,United Kingdom,0.0,280,3,386.15,2011-03-04T12:42:00.000+03:00,12,3,6,1
15568,United Kingdom,0.0,2,3,758.29,2011-12-07T11:27:00.000+03:00,11,12,4,0
14422,United Kingdom,0.0,0,19,9883.16,2011-12-09T11:26:00.000+03:00,11,12,6,1
17316,United Kingdom,0.0,420,1,124.45,2010-10-15T14:35:00.000+03:00,14,10,6,1
13403,United Kingdom,0.0,17,3,184.5,2011-11-22T08:28:00.000+03:00,8,11,3,0
15608,United Kingdom,0.0,60,4,1601.66,2011-10-10T13:33:00.000+03:00,13,10,2,0
15862,United Kingdom,0.0,8,13,2435.73,2011-12-01T13:28:00.000+03:00,13,12,5,0
17224,United Kingdom,0.0,501,1,70.26,2010-07-26T13:30:00.000+03:00,13,7,2,0
12393,Australia,10.0,72,6,1911.35,2011-09-28T15:41:00.000+03:00,15,9,4,0
16930,United Kingdom,0.0,26,3,360.17,2011-11-13T16:13:00.000+03:00,16,11,1,0
13294,United Kingdom,0.0,189,3,1689.53,2011-06-03T08:54:00.000+03:00,8,6,6,1
17984,United Kingdom,0.0,145,5,1115.59,2011-07-17T15:59:00.000+03:00,15,7,1,0
15911,United Kingdom,0.0,623,8,1674.74,2010-03-26T12:06:00.000+03:00,12,3,6,1
14805,United Kingdom,0.0,15,7,1068.15,2011-11-24T16:20:00.000+03:00,16,11,5,0
16583,United Kingdom,0.0,373,2,297.95,2010-12-01T12:03:00.000+03:00,12,12,4,0
16158,United Kingdom,0.0,522,9,613.2,2010-07-05T13:55:00.000+03:00,13,7,2,0
15538,United Kingdom,0.0,599,3,1185.8,2010-04-19T12:55:00.000+03:00,12,4,2,0
17951,United Kingdom,0.0,39,4,577.98,2011-10-31T12:30:00.000+03:00,12,10,2,0
14355,United Kingdom,0.0,365,3,840.05,2010-12-09T12:16:00.000+03:00,12,12,5,0
16023,United Kingdom,0.0,46,3,719.81,2011-10-24T16:34:00.000+03:00,16,10,2,0
17175,United Kingdom,0.0,44,4,1225.53,2011-10-26T15:31:00.000+03:00,15,10,4,0
15807,United Kingdom,0.0,50,5,1686.48,2011-10-20T14:10:00.000+03:00,14,10,5,0
16537,United Kingdom,0.0,641,1,23.35,2010-03-08T13:41:00.000+03:00,13,3,2,0
16976,United Kingdom,0.0,267,1,175.2,2011-03-17T16:33:00.000+03:00,16,3,5,0
17659,United Kingdom,0.0,17,14,3486.19,2011-11-22T13:29:00.000+03:00,13,11,3,0
16529,United Kingdom,0.0,190,4,1986.8,2011-06-02T17:23:00.000+03:00,17,6,5,0
15774,United Kingdom,0.0,68,6,1257.74,2011-10-02T12:04:00.000+03:00,12,10,1,0
15532,United Kingdom,0.0,25,10,3649.41,2011-11-14T14:51:00.000+03:00,14,11,2,0
13201,United Kingdom,0.0,502,4,1054.34,2010-07-25T14:30:00.000+03:00,14,7,1,0
15711,United Kingdom,0.0,556,2,420.25,2010-06-01T12:14:00.000+03:00,12,6,3,0
15377,United Kingdom,0.0,382,4,961.55,2010-11-22T08:55:00.000+03:00,8,11,2,0
18230,United Kingdom,0.0,9,9,3501.16,2011-11-30T13:22:00.000+03:00,13,11,4,0
15060,United Kingdom,0.0,8,4,294.25,2011-12-01T13:47:00.000+03:00,13,12,5,0
17664,United Kingdom,0.0,18,4,1099.03,2011-11-21T11:29:00.000+03:00,11,11,2,0
14866,United Kingdom,0.0,10,11,1324.38,2011-11-29T11:45:00.000+03:00,11,11,3,0
13636,United Kingdom,0.0,36,5,942.28,2011-11-03T10:30:00.000+03:00,10,11,5,0
14115,United Kingdom,0.0,501,2,373.07,2010-07-26T12:36:00.000+03:00,12,7,2,0
17796,United Kingdom,0.0,40,7,1236.39,2011-10-30T15:38:00.000+03:00,15,10,1,0
16838,United Kingdom,0.0,197,4,1159.61,2011-05-26T13:13:00.000+03:00,13,5,5,0
18105,United Kingdom,0.0,37,1,113.48,2011-11-02T12:04:00.000+03:00,12,11,4,0
16102,United Kingdom,0.0,42,3,1712.54,2011-10-28T13:19:00.000+03:00,13,10,6,1
12744,Singapore,38.0,51,11,20855.56,2011-10-19T11:18:00.000+03:00,11,10,4,0
15072,United Kingdom,0.0,479,1,181.22,2010-08-17T15:46:00.000+03:00,15,8,3,0
15155,United Kingdom,0.0,383,1,383.97,2010-11-21T12:59:00.000+03:00,12,11,1,0
15838,United Kingdom,0.0,25,5,717.84,2011-11-14T12:58:00.000+03:00,12,11,2,0
17189,United Kingdom,0.0,106,5,933.47,2011-08-25T19:39:00.000+03:00,19,8,5,0
13608,United Kingdom,0.0,540,1,232.05,2010-06-17T12:28:00.000+03:00,12,6,5,0
13555,United Kingdom,0.0,73,13,6397.54,2011-09-27T12:36:00.000+03:00,12,9,3,0
18151,United Kingdom,0.0,134,6,1879.44,2011-07-28T11:35:00.000+03:00,11,7,5,0
16146,United Kingdom,0.0,203,3,769.38,2011-05-20T08:39:00.000+03:00,8,5,6,1
15406,United Kingdom,0.0,31,4,966.75,2011-11-08T13:22:00.000+03:00,13,11,3,0
12571,France,2.0,39,2,489.37,2011-10-31T10:19:00.000+03:00,10,10,2,0
15707,United Kingdom,0.0,35,4,901.86,2011-11-04T14:35:00.000+03:00,14,11,6,1
15475,United Kingdom,0.0,77,1,454.11,2011-09-23T15:20:00.000+03:00,15,9,6,1
12672,France,2.0,329,2,437.05,2011-01-14T09:20:00.000+03:00,9,1,6,1
16020,United Kingdom,0.0,16,3,749.01,2011-11-23T11:18:00.000+03:00,11,11,4,0
17058,United Kingdom,0.0,81,3,1159.09,2011-09-19T10:13:00.000+03:00,10,9,2,0
17234,United Kingdom,0.0,182,1,149.89,2011-06-10T11:20:00.000+03:00,11,6,6,1
12388,Australia,10.0,15,8,3623.45,2011-11-24T12:30:00.000+03:00,12,11,5,0
14528,United Kingdom,0.0,37,1,251.84,2011-11-02T17:09:00.000+03:00,17,11,4,0
13941,United Kingdom,0.0,21,12,3001.34,2011-11-18T09:43:00.000+03:00,9,11,6,1
15167,United Kingdom,0.0,320,5,1510.62,2011-01-23T12:41:00.000+03:00,12,1,1,0
17531,United Kingdom,0.0,190,3,1256.74,2011-06-02T19:17:00.000+03:00,19,6,5,0
12356,Portugal,5.0,22,6,3904.59,2011-11-17T08:40:00.000+03:00,8,11,5,0
15419,United Kingdom,0.0,24,1,84.74,2011-11-15T09:23:00.000+03:00,9,11,3,0
16929,United Kingdom,0.0,3,7,1227.71,2011-12-06T08:37:00.000+03:00,8,12,3,0
15894,United Kingdom,0.0,253,2,258.25,2011-03-31T13:50:00.000+03:00,13,3,5,0
17459,United Kingdom,0.0,43,2,611.94,2011-10-27T13:25:00.000+03:00,13,10,5,0
14930,Channel Islands,15.0,108,6,5195.93,2011-08-23T10:31:00.000+03:00,10,8,3,0
12431,Belgium,4.0,60,6,2709.03,2011-10-10T14:49:00.000+03:00,14,10,2,0
15582,United Kingdom,0.0,24,3,682.91,2011-11-15T09:55:00.000+03:00,9,11,3,0
12695,France,2.0,7,7,1393.08,2011-12-02T13:22:00.000+03:00,13,12,6,1
17330,United Kingdom,0.0,22,4,333.8,2011-11-17T08:56:00.000+03:00,8,11,5,0
13642,United Kingdom,0.0,215,4,472.2,2011-05-08T12:34:00.000+03:00,12,5,1,0
16998,United Kingdom,0.0,149,4,212.4,2011-07-13T09:44:00.000+03:00,9,7,4,0
18212,United Kingdom,0.0,326,2,514.37,2011-01-17T16:14:00.000+03:00,16,1,2,0
12675,Italy,9.0,553,2,957.25,2010-06-04T09:49:00.000+03:00,9,6,6,1
16405,United Kingdom,0.0,302,2,74.85,2011-02-10T15:24:00.000+03:00,15,2,5,0
17168,United Kingdom,0.0,498,1,393.9,2010-07-29T12:33:00.000+03:00,12,7,5,0
17117,United Kingdom,0.0,288,1,116.2,2011-02-24T13:54:00.000+03:00,13,2,5,0
15038,United Kingdom,0.0,58,9,1146.53,2011-10-12T11:33:00.000+03:00,11,10,4,0
13543,United Kingdom,0.0,634,2,1276.41,2010-03-15T13:34:00.000+03:00,13,3,2,0
16274,United Kingdom,0.0,373,1,351.75,2010-12-01T15:35:00.000+03:00,15,12,4,0
17537,United Kingdom,0.0,29,2,787.11,2011-11-10T10:56:00.000+03:00,10,11,5,0
16808,United Kingdom,0.0,99,2,261.22,2011-09-01T19:34:00.000+03:00,19,9,5,0
14287,United Kingdom,0.0,8,2,159.35,2011-12-01T13:25:00.000+03:00,13,12,5,0
13585,United Kingdom,0.0,530,3,375.3,2010-06-27T12:33:00.000+03:00,12,6,1,0
16513,United Kingdom,0.0,4,4,874.59,2011-12-05T10:18:00.000+03:00,10,12,2,0
14660,United Kingdom,0.0,86,2,285.74,2011-09-14T11:34:00.000+03:00,11,9,4,0
14853,United Kingdom,0.0,24,5,1289.51,2011-11-15T16:56:00.000+03:00,16,11,3,0
13407,United Kingdom,0.0,578,3,1953.34,2010-05-10T12:41:00.000+03:00,12,5,2,0
13792,United Kingdom,0.0,66,3,383.95,2011-10-04T14:31:00.000+03:00,14,10,3,0
14190,United Kingdom,0.0,666,1,79.9,2010-02-11T14:27:00.000+03:00,14,2,5,0
16595,United Kingdom,0.0,61,5,1730.87,2011-10-09T13:15:00.000+03:00,13,10,1,0
12589,France,2.0,28,8,4695.66,2011-11-11T10:19:00.000+03:00,10,11,6,1
17286,United Kingdom,0.0,21,3,291.68,2011-11-18T12:47:00.000+03:00,12,11,6,1
16810,United Kingdom,0.0,192,2,719.64,2011-05-31T15:32:00.000+03:00,15,5,3,0
15954,United Kingdom,0.0,589,1,190.75,2010-04-29T13:35:00.000+03:00,13,4,5,0
14932,Channel Islands,15.0,365,2,635.53,2010-12-09T11:48:00.000+03:00,11,12,5,0
12694,France,2.0,70,3,1456.55,2011-09-30T13:06:00.000+03:00,13,9,6,1
14019,United Kingdom,0.0,46,3,1040.41,2011-10-24T10:13:00.000+03:00,10,10,2,0
16307,United Kingdom,0.0,429,3,1106.96,2010-10-06T14:31:00.000+03:00,14,10,4,0
15634,United Kingdom,0.0,17,2,554.65,2011-11-22T16:28:00.000+03:00,16,11,3,0
15297,United Kingdom,0.0,10,3,641.94,2011-11-29T16:32:00.000+03:00,16,11,3,0
13753,United Kingdom,0.0,287,4,1851.57,2011-02-25T12:48:00.000+03:00,12,2,6,1
13887,United Kingdom,0.0,204,1,349.55,2011-05-19T17:22:00.000+03:00,17,5,5,0
17027,United Kingdom,0.0,78,9,1265.27,2011-09-22T12:24:00.000+03:00,12,9,5,0
18025,United Kingdom,0.0,379,6,1076.14,2010-11-25T12:37:00.000+03:00,12,11,5,0
12358,Austria,12.0,1,5,2635.53,2011-12-08T10:26:00.000+03:00,10,12,5,0
14928,United Kingdom,0.0,627,1,223.91,2010-03-22T09:14:00.000+03:00,9,3,2,0
16213,United Kingdom,0.0,78,1,159.0,2011-09-22T10:03:00.000+03:00,10,9,5,0
13074,United Kingdom,0.0,511,3,602.5,2010-07-16T16:53:00.000+03:00,16,7,6,1
16372,United Kingdom,0.0,33,5,1290.31,2011-11-06T13:08:00.000+03:00,13,11,1,0
16866,United Kingdom,0.0,140,3,207.74,2011-07-22T10:06:00.000+03:00,10,7,6,1
16822,United Kingdom,0.0,686,1,154.15,2010-01-22T14:22:00.000+03:00,14,1,6,1
15814,United Kingdom,0.0,16,6,1797.0,2011-11-23T08:17:00.000+03:00,8,11,4,0
17055,United Kingdom,0.0,445,1,232.85,2010-09-20T12:21:00.000+03:00,12,9,2,0
16127,United Kingdom,0.0,39,2,801.31,2011-10-31T13:58:00.000+03:00,13,10,2,0
16693,United Kingdom,0.0,68,5,1096.32,2011-10-02T11:10:00.000+03:00,11,10,1,0
14128,United Kingdom,0.0,60,3,924.21,2011-10-10T12:00:00.000+03:00,12,10,2,0
17980,United Kingdom,0.0,165,4,437.92,2011-06-27T12:01:00.000+03:00,12,6,2,0
12519,Germany,1.0,63,2,702.62,2011-10-07T09:26:00.000+03:00,9,10,6,1
17299,United Kingdom,0.0,11,6,868.87,2011-11-28T12:01:00.000+03:00,12,11,2,0
17381,United Kingdom,0.0,151,5,632.31,2011-07-11T12:17:00.000+03:00,12,7,2,0
16450,United Kingdom,0.0,149,3,1238.67,2011-07-13T11:47:00.000+03:00,11,7,4,0
15430,United Kingdom,0.0,467,2,954.75,2010-08-29T10:42:00.000+03:00,10,8,1,0
17476,United Kingdom,0.0,395,2,489.86,2010-11-09T10:21:00.000+03:00,10,11,3,0
17737,United Kingdom,0.0,9,2,137.64,2011-11-30T15:16:00.000+03:00,15,11,4,0
17751,United Kingdom,0.0,421,1,143.94,2010-10-14T13:57:00.000+03:00,13,10,5,0
15646,United Kingdom,0.0,157,5,751.21,2011-07-05T09:53:00.000+03:00,9,7,3,0
16069,United Kingdom,0.0,417,1,457.7,2010-10-18T10:32:00.000+03:00,10,10,2,0
17573,United Kingdom,0.0,29,3,336.44,2011-11-10T13:01:00.000+03:00,13,11,5,0
14419,United Kingdom,0.0,10,7,1254.64,2011-11-29T11:22:00.000+03:00,11,11,3,0
16482,United Kingdom,0.0,15,1,167.34,2011-11-24T12:33:00.000+03:00,12,11,5,0
18170,United Kingdom,0.0,33,9,2495.6,2011-11-06T14:35:00.000+03:00,14,11,1,0
15346,United Kingdom,0.0,332,3,596.12,2011-01-11T11:18:00.000+03:00,11,1,3,0
16281,United Kingdom,0.0,72,2,489.9,2011-09-28T14:57:00.000+03:00,14,9,4,0
17041,United Kingdom,0.0,26,6,1578.08,2011-11-13T11:21:00.000+03:00,11,11,1,0
12964,United Kingdom,0.0,437,1,132.24,2010-09-28T17:47:00.000+03:00,17,9,3,0
13857,United Kingdom,0.0,393,6,928.63,2010-11-11T12:54:00.000+03:00,12,11,5,0
16461,United Kingdom,0.0,177,3,1474.55,2011-06-15T12:07:00.000+03:00,12,6,4,0
16098,United Kingdom,0.0,87,14,2815.64,2011-09-13T09:59:00.000+03:00,9,9,3,0
13046,United Kingdom,0.0,30,3,949.25,2011-11-09T08:36:00.000+03:00,8,11,4,0
15969,United Kingdom,0.0,2,5,1127.05,2011-12-07T11:06:00.000+03:00,11,12,4,0
15661,United Kingdom,0.0,317,7,599.07,2011-01-26T13:56:00.000+03:00,13,1,4,0
13919,Denmark,14.0,59,4,1280.36,2011-10-11T14:24:00.000+03:00,14,10,3,0
12407,Belgium,4.0,49,5,1417.36,2011-10-21T10:11:00.000+03:00,10,10,6,1
17864,United Kingdom,0.0,12,5,824.49,2011-11-27T11:15:00.000+03:00,11,11,1,0
17284,United Kingdom,0.0,60,8,2638.42,2011-10-10T14:38:00.000+03:00,14,10,2,0
15639,United Kingdom,0.0,134,3,1065.08,2011-07-28T14:30:00.000+03:00,14,7,5,0
15928,United Kingdom,0.0,656,1,293.53,2010-02-21T15:16:00.000+03:00,15,2,1,0
17601,United Kingdom,0.0,239,2,348.52,2011-04-14T18:02:00.000+03:00,18,4,5,0
16895,United Kingdom,0.0,64,5,1102.9,2011-10-06T12:15:00.000+03:00,12,10,5,0
12489,France,2.0,336,1,334.93,2011-01-07T13:13:00.000+03:00,13,1,6,1
18093,United Kingdom,0.0,120,4,543.55,2011-08-11T14:34:00.000+03:00,14,8,5,0
16943,United Kingdom,0.0,211,5,1299.49,2011-05-12T11:57:00.000+03:00,11,5,5,0
17374,United Kingdom,0.0,218,3,727.11,2011-05-05T09:05:00.000+03:00,9,5,5,0
18276,United Kingdom,0.0,43,6,1550.14,2011-10-27T10:54:00.000+03:00,10,10,5,0
15526,United Kingdom,0.0,33,2,148.44,2011-11-06T15:04:00.000+03:00,15,11,1,0
15630,United Kingdom,0.0,45,3,1458.0,2011-10-25T15:36:00.000+03:00,15,10,3,0
17832,United Kingdom,0.0,49,1,148.53,2011-10-21T11:43:00.000+03:00,11,10,6,1
18240,United Kingdom,0.0,46,1,125.58,2011-10-24T13:06:00.000+03:00,13,10,2,0
14975,United Kingdom,0.0,57,2,231.1,2011-10-13T14:08:00.000+03:00,14,10,5,0
14715,United Kingdom,0.0,24,7,1590.75,2011-11-15T12:10:00.000+03:00,12,11,3,0
15943,United Kingdom,0.0,649,2,271.29,2010-02-28T12:49:00.000+03:00,12,2,1,0
14294,United Kingdom,0.0,407,1,375.34,2010-10-28T16:25:00.000+03:00,16,10,5,0
12604,France,2.0,79,2,254.18,2011-09-21T14:08:00.000+03:00,14,9,4,0
15708,United Kingdom,0.0,40,9,3833.39,2011-10-30T10:54:00.000+03:00,10,10,1,0
18161,United Kingdom,0.0,15,6,1734.98,2011-11-24T16:40:00.000+03:00,16,11,5,0
17859,United Kingdom,0.0,304,1,118.52,2011-02-08T10:32:00.000+03:00,10,2,3,0
17900,United Kingdom,0.0,190,2,112.2,2011-06-02T14:38:00.000+03:00,14,6,5,0
15841,United Kingdom,0.0,72,9,1483.55,2011-09-28T12:15:00.000+03:00,12,9,4,0
12848,United Kingdom,0.0,675,1,208.0,2010-02-02T12:45:00.000+03:00,12,2,3,0
14151,United Kingdom,0.0,673,2,679.45,2010-02-04T15:35:00.000+03:00,15,2,5,0
15508,United Kingdom,0.0,189,6,926.83,2011-06-03T15:43:00.000+03:00,15,6,6,1
13569,United Kingdom,0.0,17,4,726.54,2011-11-22T13:07:00.000+03:00,13,11,3,0
16654,United Kingdom,0.0,141,8,1337.07,2011-07-21T15:23:00.000+03:00,15,7,5,0
13684,United Kingdom,0.0,285,4,594.88,2011-02-27T10:13:00.000+03:00,10,2,1,0
15456,United Kingdom,0.0,283,10,1696.96,2011-03-01T13:51:00.000+03:00,13,3,3,0
15438,United Kingdom,0.0,131,1,156.58,2011-07-31T14:19:00.000+03:00,14,7,1,0
16490,United Kingdom,0.0,436,1,205.41,2010-09-29T16:30:00.000+03:00,16,9,4,0
16593,United Kingdom,0.0,50,7,970.94,2011-10-20T12:41:00.000+03:00,12,10,5,0
17679,United Kingdom,0.0,52,7,2905.67,2011-10-18T07:43:00.000+03:00,7,10,3,0
17787,United Kingdom,0.0,152,4,1776.74,2011-07-10T11:24:00.000+03:00,11,7,1,0
17098,United Kingdom,0.0,381,3,591.07,2010-11-23T12:13:00.000+03:00,12,11,3,0
17361,United Kingdom,0.0,49,5,871.79,2011-10-21T15:43:00.000+03:00,15,10,6,1
16215,United Kingdom,0.0,80,1,242.35,2011-09-20T10:18:00.000+03:00,10,9,3,0
16302,United Kingdom,0.0,126,1,233.22,2011-08-05T09:44:00.000+03:00,9,8,6,1
15891,United Kingdom,0.0,226,1,468.12,2011-04-27T12:35:00.000+03:00,12,4,4,0
17501,United Kingdom,0.0,220,2,288.6,2011-05-03T09:47:00.000+03:00,9,5,3,0
13453,United Kingdom,0.0,165,3,781.69,2011-06-27T09:34:00.000+03:00,9,6,2,0
16165,United Kingdom,0.0,505,1,79.9,2010-07-22T14:17:00.000+03:00,14,7,5,0
13149,United Kingdom,0.0,14,4,1463.18,2011-11-25T13:09:00.000+03:00,13,11,6,1
18246,United Kingdom,0.0,23,2,188.7,2011-11-16T11:49:00.000+03:00,11,11,4,0
16089,United Kingdom,0.0,386,2,263.49,2010-11-18T13:51:00.000+03:00,13,11,5,0
15425,United Kingdom,0.0,400,4,1869.12,2010-11-04T18:13:00.000+03:00,18,11,5,0
17709,United Kingdom,0.0,169,5,630.21,2011-06-23T11:55:00.000+03:00,11,6,5,0
13836,United Kingdom,0.0,399,2,606.93,2010-11-05T13:31:00.000+03:00,13,11,6,1
13768,United Kingdom,0.0,726,2,875.97,2009-12-13T10:41:00.000+03:00,10,12,1,0
18101,United Kingdom,0.0,11,5,622.01,2011-11-28T13:37:00.000+03:00,13,11,2,0
14594,United Kingdom,0.0,7,2,363.33,2011-12-02T13:28:00.000+03:00,13,12,6,1
17111,United Kingdom,0.0,47,2,369.16,2011-10-23T15:59:00.000+03:00,15,10,1,0
16406,United Kingdom,0.0,18,3,528.36,2011-11-21T11:57:00.000+03:00,11,11,2,0
16091,United Kingdom,0.0,154,2,315.06,2011-07-08T08:45:00.000+03:00,8,7,6,1
14908,United Kingdom,0.0,74,2,336.9,2011-09-26T12:56:00.000+03:00,12,9,2,0
13702,United Kingdom,0.0,445,1,135.18,2010-09-20T11:40:00.000+03:00,11,9,2,0
13683,United Kingdom,0.0,457,1,228.0,2010-09-08T10:00:00.000+03:00,10,9,4,0
17192,United Kingdom,0.0,536,1,75.28,2010-06-21T16:07:00.000+03:00,16,6,2,0
17694,United Kingdom,0.0,141,3,970.39,2011-07-21T12:00:00.000+03:00,12,7,5,0
17215,United Kingdom,0.0,464,1,96.15,2010-09-01T13:39:00.000+03:00,13,9,4,0
13892,United Kingdom,0.0,26,5,422.61,2011-11-13T11:50:00.000+03:00,11,11,1,0
15752,United Kingdom,0.0,39,9,3867.37,2011-10-31T11:37:00.000+03:00,11,10,2,0
14699,United Kingdom,0.0,214,4,702.6,2011-05-09T14:54:00.000+03:00,14,5,2,0
15141,United Kingdom,0.0,457,7,1240.51,2010-09-08T11:33:00.000+03:00,11,9,4,0
15232,United Kingdom,0.0,113,2,358.06,2011-08-18T16:27:00.000+03:00,16,8,5,0
14876,United Kingdom,0.0,521,2,256.7,2010-07-06T14:57:00.000+03:00,14,7,3,0
14136,United Kingdom,0.0,400,5,1495.03,2010-11-04T11:53:00.000+03:00,11,11,5,0
17466,United Kingdom,0.0,10,2,763.28,2011-11-29T13:15:00.000+03:00,13,11,3,0
14677,United Kingdom,0.0,592,1,184.91,2010-04-26T09:48:00.000+03:00,9,4,2,0
14679,United Kingdom,0.0,381,3,1076.08,2010-11-23T11:51:00.000+03:00,11,11,3,0
15488,United Kingdom,0.0,92,4,206.88,2011-09-08T10:11:00.000+03:00,10,9,5,0
14883,United Kingdom,0.0,18,6,727.75,2011-11-21T10:23:00.000+03:00,10,11,2,0
12805,Netherlands,6.0,381,4,1269.35,2010-11-23T12:27:00.000+03:00,12,11,3,0
16067,United Kingdom,0.0,562,3,2640.61,2010-05-26T12:33:00.000+03:00,12,5,4,0
16997,United Kingdom,0.0,288,2,117.0,2011-02-24T17:28:00.000+03:00,17,2,5,0
17484,United Kingdom,0.0,576,2,148.97,2010-05-12T15:41:00.000+03:00,15,5,4,0
12960,United Kingdom,0.0,413,4,1071.07,2010-10-22T09:31:00.000+03:00,9,10,6,1
14620,United Kingdom,0.0,205,2,384.34,2011-05-18T11:58:00.000+03:00,11,5,4,0
16604,United Kingdom,0.0,562,2,335.55,2010-05-26T09:10:00.000+03:00,9,5,4,0
17798,United Kingdom,0.0,581,1,178.07,2010-05-07T11:42:00.000+03:00,11,5,6,1
16055,United Kingdom,0.0,220,1,134.8,2011-05-03T09:26:00.000+03:00,9,5,3,0
14991,United Kingdom,0.0,430,1,299.55,2010-10-05T13:01:00.000+03:00,13,10,3,0
17199,United Kingdom,0.0,582,1,104.08,2010-05-06T13:53:00.000+03:00,13,5,5,0
16665,United Kingdom,0.0,362,1,83.2,2010-12-12T14:03:00.000+03:00,14,12,1,0
14988,United Kingdom,0.0,211,7,1954.77,2011-05-12T12:05:00.000+03:00,12,5,5,0
13545,United Kingdom,0.0,390,2,321.73,2010-11-14T11:27:00.000+03:00,11,11,1,0
17263,United Kingdom,0.0,208,1,63.44,2011-05-15T14:32:00.000+03:00,14,5,1,0
13955,United Kingdom,0.0,154,3,523.91,2011-07-08T17:19:00.000+03:00,17,7,6,1
16390,United Kingdom,0.0,536,3,467.5,2010-06-21T10:11:00.000+03:00,10,6,2,0
13083,United Kingdom,0.0,4,3,313.83,2011-12-05T15:01:00.000+03:00,15,12,2,0
18143,United Kingdom,0.0,116,2,1000.16,2011-08-15T12:07:00.000+03:00,12,8,2,0
16577,United Kingdom,0.0,666,1,380.0,2010-02-11T09:45:00.000+03:00,9,2,5,0
16424,United Kingdom,0.0,191,2,352.46,2011-06-01T13:40:00.000+03:00,13,6,4,0
16226,United Kingdom,0.0,203,5,598.25,2011-05-20T14:41:00.000+03:00,14,5,6,1
14638,United Kingdom,0.0,50,1,443.6,2011-10-20T10:10:00.000+03:00,10,10,5,0
15823,United Kingdom,0.0,372,3,3573.93,2010-12-02T15:08:00.000+03:00,15,12,5,0
12625,Germany,1.0,211,4,4552.64,2011-05-12T09:54:00.000+03:00,9,5,5,0
12434,Australia,10.0,84,3,1103.43,2011-09-16T12:38:00.000+03:00,12,9,6,1
16478,United Kingdom,0.0,25,3,300.76,2011-11-14T15:51:00.000+03:00,15,11,2,0
12462,Spain,3.0,18,2,1152.15,2011-11-21T09:11:00.000+03:00,9,11,2,0
14478,United Kingdom,0.0,382,4,855.1,2010-11-22T15:29:00.000+03:00,15,11,2,0
16515,United Kingdom,0.0,52,10,2953.38,2011-10-18T13:10:00.000+03:00,13,10,3,0
13902,Denmark,14.0,724,1,429.66,2009-12-15T10:02:00.000+03:00,10,12,3,0
13655,United Kingdom,0.0,114,6,2207.31,2011-08-17T14:25:00.000+03:00,14,8,4,0
17691,United Kingdom,0.0,358,4,637.55,2010-12-16T17:20:00.000+03:00,17,12,5,0
14065,United Kingdom,0.0,389,3,840.62,2010-11-15T16:13:00.000+03:00,16,11,2,0
17577,United Kingdom,0.0,645,2,348.75,2010-03-04T13:01:00.000+03:00,13,3,5,0
16236,United Kingdom,0.0,78,1,432.2,2011-09-22T14:10:00.000+03:00,14,9,5,0
16291,Portugal,5.0,682,1,117.72,2010-01-26T16:26:00.000+03:00,16,1,3,0
16054,United Kingdom,0.0,145,4,2062.32,2011-07-17T13:08:00.000+03:00,13,7,1,0
13744,United Kingdom,0.0,95,2,975.76,2011-09-05T15:19:00.000+03:00,15,9,2,0
17352,United Kingdom,0.0,696,1,36.25,2010-01-12T16:13:00.000+03:00,16,1,3,0
16301,United Kingdom,0.0,736,1,107.33,2009-12-03T10:20:00.000+03:00,10,12,5,0
17666,United Kingdom,0.0,3,5,453.48,2011-12-06T09:06:00.000+03:00,9,12,3,0
16927,United Kingdom,0.0,276,2,139.85,2011-03-08T13:21:00.000+03:00,13,3,3,0
13181,United Kingdom,0.0,381,1,359.69,2010-11-23T15:05:00.000+03:00,15,11,3,0
18201,United Kingdom,0.0,722,1,447.53,2009-12-17T08:55:00.000+03:00,8,12,5,0
17196,United Kingdom,0.0,427,1,327.75,2010-10-08T11:31:00.000+03:00,11,10,6,1
15813,United Kingdom,0.0,207,2,1095.11,2011-05-16T08:13:00.000+03:00,8,5,2,0
18202,United Kingdom,0.0,199,3,1396.99,2011-05-24T12:12:00.000+03:00,12,5,3,0
12631,Finland,11.0,57,6,3481.57,2011-10-13T13:53:00.000+03:00,13,10,5,0
16552,United Kingdom,0.0,242,2,351.89,2011-04-11T10:04:00.000+03:00,10,4,2,0
16189,United Kingdom,0.0,15,2,155.48,2011-11-24T11:47:00.000+03:00,11,11,5,0
17533,United Kingdom,0.0,434,1,34.8,2010-10-01T09:14:00.000+03:00,9,10,6,1
13853,United Kingdom,0.0,57,1,971.7,2011-10-13T14:18:00.000+03:00,14,10,5,0
16628,United Kingdom,0.0,29,7,2318.1,2011-11-10T12:45:00.000+03:00,12,11,5,0
15654,United Kingdom,0.0,9,2,395.91,2011-11-30T13:08:00.000+03:00,13,11,4,0
12895,United Kingdom,0.0,42,2,372.8,2011-10-28T13:51:00.000+03:00,13,10,6,1
16489,United Kingdom,0.0,380,2,303.7,2010-11-24T14:40:00.000+03:00,14,11,4,0
15577,United Kingdom,0.0,151,5,396.03,2011-07-11T17:03:00.000+03:00,17,7,2,0
14892,United Kingdom,0.0,690,1,202.35,2010-01-18T08:58:00.000+03:00,8,1,2,0
17958,United Kingdom,0.0,116,2,320.18,2011-08-15T12:19:00.000+03:00,12,8,2,0
18162,United Kingdom,0.0,732,1,348.83,2009-12-07T13:24:00.000+03:00,13,12,2,0
17879,United Kingdom,0.0,173,1,178.52,2011-06-19T12:36:00.000+03:00,12,6,1,0
15143,United Kingdom,0.0,225,2,563.63,2011-04-28T12:03:00.000+03:00,12,4,5,0
14297,United Kingdom,0.0,17,4,1182.45,2011-11-22T09:06:00.000+03:00,9,11,3,0
16603,United Kingdom,0.0,74,2,478.47,2011-09-26T10:06:00.000+03:00,10,9,2,0
14700,United Kingdom,0.0,32,5,2430.94,2011-11-07T14:40:00.000+03:00,14,11,2,0
14441,United Kingdom,0.0,0,11,4530.09,2011-12-09T09:07:00.000+03:00,9,12,6,1
17228,United Kingdom,0.0,15,13,2752.29,2011-11-24T10:24:00.000+03:00,10,11,5,0
15490,United Kingdom,0.0,430,1,210.85,2010-10-05T13:11:00.000+03:00,13,10,3,0
14839,United Kingdom,0.0,418,3,768.28,2010-10-17T13:01:00.000+03:00,13,10,1,0
17481,United Kingdom,0.0,3,4,1172.31,2011-12-06T12:28:00.000+03:00,12,12,3,0
16231,United Kingdom,0.0,379,4,1060.55,2010-11-25T15:00:00.000+03:00,15,11,5,0
14813,United Kingdom,0.0,369,4,888.91,2010-12-05T11:57:00.000+03:00,11,12,1,0
13978,United Kingdom,0.0,14,2,132.53,2011-11-25T11:36:00.000+03:00,11,11,6,1
15575,United Kingdom,0.0,619,1,30.1,2010-03-30T12:50:00.000+03:00,12,3,3,0
12925,United Kingdom,0.0,4,3,705.33,2011-12-05T11:11:00.000+03:00,11,12,2,0
17890,United Kingdom,0.0,322,2,571.77,2011-01-21T11:19:00.000+03:00,11,1,6,1
17337,United Kingdom,0.0,151,4,1957.66,2011-07-11T14:55:00.000+03:00,14,7,2,0
18287,United Kingdom,0.0,42,7,2378.25,2011-10-28T09:29:00.000+03:00,9,10,6,1
15065,United Kingdom,0.0,37,5,3288.34,2011-11-02T09:45:00.000+03:00,9,11,4,0
14119,United Kingdom,0.0,375,2,146.89,2010-11-29T10:33:00.000+03:00,10,11,2,0
17902,United Kingdom,0.0,546,1,108.04,2010-06-11T12:25:00.000+03:00,12,6,6,1
17250,United Kingdom,0.0,3,2,381.97,2011-12-06T12:15:00.000+03:00,12,12,3,0
13866,United Kingdom,0.0,74,1,145.67,2011-09-26T14:54:00.000+03:00,14,9,2,0
12440,Austria,12.0,462,2,859.2,2010-09-03T13:11:00.000+03:00,13,9,6,1
14742,United Kingdom,0.0,435,1,539.05,2010-09-30T14:07:00.000+03:00,14,9,5,0
18155,United Kingdom,0.0,75,3,351.46,2011-09-25T13:32:00.000+03:00,13,9,1,0
12870,United Kingdom,0.0,375,3,1530.19,2010-11-29T13:42:00.000+03:00,13,11,2,0
14155,United Kingdom,0.0,266,1,118.75,2011-03-18T14:13:00.000+03:00,14,3,6,1
12400,Australia,10.0,414,1,205.25,2010-10-21T13:45:00.000+03:00,13,10,5,0
16972,United Kingdom,0.0,382,2,749.0,2010-11-22T10:59:00.000+03:00,10,11,2,0
15258,United Kingdom,0.0,168,2,623.16,2011-06-24T12:30:00.000+03:00,12,6,6,1
18191,United Kingdom,0.0,261,2,426.8,2011-03-23T12:08:00.000+03:00,12,3,4,0
17417,United Kingdom,0.0,548,1,164.18,2010-06-09T10:00:00.000+03:00,10,6,4,0
16403,United Kingdom,0.0,312,1,177.5,2011-01-31T13:39:00.000+03:00,13,1,2,0
14754,United Kingdom,0.0,44,6,1547.93,2011-10-26T12:01:00.000+03:00,12,10,4,0
15822,United Kingdom,0.0,3,6,1610.26,2011-12-06T14:50:00.000+03:00,14,12,3,0
16314,United Kingdom,0.0,389,3,1402.6,2010-11-15T12:06:00.000+03:00,12,11,2,0
16567,United Kingdom,0.0,194,2,593.2,2011-05-29T13:57:00.000+03:00,13,5,1,0
14542,United Kingdom,0.0,185,1,103.25,2011-06-07T08:19:00.000+03:00,8,6,3,0
17542,United Kingdom,0.0,269,3,340.85,2011-03-15T11:45:00.000+03:00,11,3,3,0
12627,Germany,1.0,10,7,4306.05,2011-11-29T12:07:00.000+03:00,12,11,3,0
15777,United Kingdom,0.0,241,6,1028.21,2011-04-12T16:43:00.000+03:00,16,4,3,0
12526,Germany,1.0,0,3,1316.66,2011-12-09T12:09:00.000+03:00,12,12,6,1
16211,United Kingdom,0.0,88,2,790.59,2011-09-12T12:11:00.000+03:00,12,9,2,0
13387,United Kingdom,0.0,417,1,186.94,2010-10-18T14:07:00.000+03:00,14,10,2,0
17273,United Kingdom,0.0,424,1,141.12,2010-10-11T15:57:00.000+03:00,15,10,2,0
17131,United Kingdom,0.0,5,5,2381.57,2011-12-04T12:52:00.000+03:00,12,12,1,0
18182,United Kingdom,0.0,463,1,277.45,2010-09-02T14:25:00.000+03:00,14,9,5,0
15865,United Kingdom,0.0,40,5,2197.86,2011-10-30T12:43:00.000+03:00,12,10,1,0
15253,United Kingdom,0.0,16,8,1964.43,2011-11-23T16:22:00.000+03:00,16,11,4,0
12512,Israel,24.0,66,2,132.18,2011-10-04T14:55:00.000+03:00,14,10,3,0
14247,United Kingdom,0.0,278,5,723.32,2011-03-06T15:21:00.000+03:00,15,3,1,0
15629,United Kingdom,0.0,450,4,1423.1,2010-09-15T13:46:00.000+03:00,13,9,4,0
14996,United Kingdom,0.0,481,2,366.33,2010-08-15T13:44:00.000+03:00,13,8,1,0
14850,United Kingdom,0.0,311,6,1550.06,2011-02-01T11:21:00.000+03:00,11,2,3,0
14491,United Kingdom,0.0,175,2,340.93,2011-06-17T15:22:00.000+03:00,15,6,6,1
14416,United Kingdom,0.0,22,2,189.5,2011-11-17T15:22:00.000+03:00,15,11,5,0
17082,United Kingdom,0.0,33,6,4520.03,2011-11-06T15:17:00.000+03:00,15,11,1,0
16427,United Kingdom,0.0,263,2,166.06,2011-03-21T17:10:00.000+03:00,17,3,2,0
12386,Australia,10.0,366,1,215.7,2010-12-08T09:53:00.000+03:00,9,12,4,0
13052,United Kingdom,0.0,212,7,3006.23,2011-05-11T14:12:00.000+03:00,14,5,4,0
16147,United Kingdom,0.0,133,5,2371.07,2011-07-29T09:57:00.000+03:00,9,7,6,1
17340,United Kingdom,0.0,29,18,16679.15,2011-11-10T10:45:00.000+03:00,10,11,5,0
18274,United Kingdom,0.0,30,1,175.92,2011-11-09T17:03:00.000+03:00,17,11,4,0
12503,Spain,3.0,584,1,230.0,2010-05-04T13:59:00.000+03:00,13,5,3,0
15759,United Kingdom,0.0,218,7,735.89,2011-05-05T15:13:00.000+03:00,15,5,5,0
14353,United Kingdom,0.0,215,3,376.5,2011-05-08T16:06:00.000+03:00,16,5,1,0
12851,United Kingdom,0.0,96,2,280.76,2011-09-04T12:41:00.000+03:00,12,9,1,0
14848,United Kingdom,0.0,404,1,166.32,2010-10-31T12:22:00.000+03:00,12,10,1,0
12742,United Arab Emirates,25.0,625,1,1080.56,2010-03-24T12:43:00.000+03:00,12,3,4,0
15524,United Kingdom,0.0,24,2,591.4,2011-11-15T12:09:00.000+03:00,12,11,3,0
16288,United Kingdom,0.0,470,1,129.85,2010-08-26T14:45:00.000+03:00,14,8,5,0
16370,United Kingdom,0.0,82,4,1301.91,2011-09-18T15:55:00.000+03:00,15,9,1,0
15597,United Kingdom,0.0,35,2,563.37,2011-11-04T13:26:00.000+03:00,13,11,6,1
15077,United Kingdom,0.0,494,2,1240.08,2010-08-02T11:13:00.000+03:00,11,8,2,0
18136,United Kingdom,0.0,63,5,1631.36,2011-10-07T15:40:00.000+03:00,15,10,6,1
14036,United Kingdom,0.0,284,1,626.65,2011-02-28T09:26:00.000+03:00,9,2,2,0
17734,United Kingdom,0.0,53,6,1428.4,2011-10-17T12:33:00.000+03:00,12,10,2,0
14749,United Kingdom,0.0,479,1,181.75,2010-08-17T12:36:00.000+03:00,12,8,3,0
12815,Poland,19.0,147,2,1037.96,2011-07-15T10:21:00.000+03:00,10,7,6,1
17464,United Kingdom,0.0,158,3,741.48,2011-07-04T13:19:00.000+03:00,13,7,2,0
15166,United Kingdom,0.0,467,1,167.16,2010-08-29T12:31:00.000+03:00,12,8,1,0
14423,United Kingdom,0.0,218,2,162.05,2011-05-05T15:12:00.000+03:00,15,5,5,0
17376,United Kingdom,0.0,70,4,453.64,2011-09-30T12:36:00.000+03:00,12,9,6,1
14223,United Kingdom,0.0,92,3,982.01,2011-09-08T13:38:00.000+03:00,13,9,5,0
17121,United Kingdom,0.0,402,1,314.74,2010-11-02T11:47:00.000+03:00,11,11,3,0
18160,United Kingdom,0.0,57,3,983.08,2011-10-13T15:50:00.000+03:00,15,10,5,0
14067,United Kingdom,0.0,63,2,326.94,2011-10-07T10:21:00.000+03:00,10,10,6,1
17319,United Kingdom,0.0,669,1,29.1,2010-02-08T15:47:00.000+03:00,15,2,2,0
17640,United Kingdom,0.0,86,6,1395.74,2011-09-14T09:13:00.000+03:00,9,9,4,0
15506,United Kingdom,0.0,22,6,1834.25,2011-11-17T12:11:00.000+03:00,12,11,5,0
15120,United Kingdom,0.0,133,1,340.1,2011-07-29T09:48:00.000+03:00,9,7,6,1
13505,Switzerland,7.0,72,4,4276.46,2011-09-28T11:56:00.000+03:00,11,9,4,0
12355,Bahrain,26.0,214,2,721.41,2011-05-09T13:49:00.000+03:00,13,5,2,0
18285,United Kingdom,0.0,660,1,223.0,2010-02-17T10:24:00.000+03:00,10,2,4,0
13961,United Kingdom,0.0,392,1,432.2,2010-11-12T14:40:00.000+03:00,14,11,6,1
13832,United Kingdom,0.0,19,2,414.11,2011-11-20T15:36:00.000+03:00,15,11,1,0
18068,United Kingdom,0.0,289,1,101.7,2011-02-23T14:50:00.000+03:00,14,2,4,0
14910,United Kingdom,0.0,2,4,434.35,2011-12-07T10:06:00.000+03:00,10,12,4,0
16381,United Kingdom,0.0,395,2,247.85,2010-11-09T09:56:00.000+03:00,9,11,3,0
14371,United Kingdom,0.0,295,1,100.5,2011-02-17T16:35:00.000+03:00,16,2,5,0
13578,United Kingdom,0.0,409,1,76.14,2010-10-26T13:44:00.000+03:00,13,10,3,0
16173,United Kingdom,0.0,15,6,1418.32,2011-11-24T10:53:00.000+03:00,10,11,5,0
18220,United Kingdom,0.0,445,4,487.36,2010-09-20T15:48:00.000+03:00,15,9,2,0
14995,United Kingdom,0.0,38,2,231.98,2011-11-01T11:39:00.000+03:00,11,11,3,0
12435,Denmark,14.0,267,4,3841.58,2011-03-17T07:40:00.000+03:00,7,3,5,0
15276,United Kingdom,0.0,66,4,619.8,2011-10-04T16:39:00.000+03:00,16,10,3,0
17906,United Kingdom,0.0,247,1,72.9,2011-04-06T17:25:00.000+03:00,17,4,4,0
12890,United Kingdom,0.0,24,2,668.58,2011-11-15T17:26:00.000+03:00,17,11,3,0
18185,United Kingdom,0.0,249,1,304.25,2011-04-04T13:42:00.000+03:00,13,4,2,0
13913,United Kingdom,0.0,506,1,42.22,2010-07-21T10:11:00.000+03:00,10,7,4,0
14954,United Kingdom,0.0,12,2,448.68,2011-11-27T14:30:00.000+03:00,14,11,1,0
13063,United Kingdom,0.0,480,1,188.4,2010-08-16T12:27:00.000+03:00,12,8,2,0
16021,United Kingdom,0.0,395,2,487.03,2010-11-09T14:48:00.000+03:00,14,11,3,0
18154,United Kingdom,0.0,3,5,734.24,2011-12-06T16:41:00.000+03:00,16,12,3,0
16590,United Kingdom,0.0,400,2,605.9,2010-11-04T09:06:00.000+03:00,9,11,5,0
13788,United Kingdom,0.0,505,1,3.75,2010-07-22T15:50:00.000+03:00,15,7,5,0
13389,United Kingdom,0.0,11,3,797.96,2011-11-28T14:01:00.000+03:00,14,11,2,0
18163,United Kingdom,0.0,584,1,649.6,2010-05-04T14:51:00.000+03:00,14,5,3,0
17711,United Kingdom,0.0,10,2,385.1,2011-11-29T11:40:00.000+03:00,11,11,3,0
16448,United Kingdom,0.0,198,2,361.12,2011-05-25T16:28:00.000+03:00,16,5,4,0
13169,United Kingdom,0.0,63,3,788.3,2011-10-07T12:11:00.000+03:00,12,10,6,1
15627,United Kingdom,0.0,457,2,485.78,2010-09-08T14:14:00.000+03:00,14,9,4,0
14226,United Kingdom,0.0,28,6,2130.69,2011-11-11T11:34:00.000+03:00,11,11,6,1
14635,United Kingdom,0.0,453,1,208.92,2010-09-12T10:47:00.000+03:00,10,9,1,0
15800,United Kingdom,0.0,107,7,1207.57,2011-08-24T14:23:00.000+03:00,14,8,4,0
17990,United Kingdom,0.0,236,6,1482.61,2011-04-17T11:44:00.000+03:00,11,4,1,0
14773,United Kingdom,0.0,592,1,140.55,2010-04-26T10:29:00.000+03:00,10,4,2,0
13796,United Kingdom,0.0,499,1,289.7,2010-07-28T14:45:00.000+03:00,14,7,4,0
12854,United Kingdom,0.0,78,7,2790.27,2011-09-22T12:15:00.000+03:00,12,9,5,0
13550,United Kingdom,0.0,383,1,321.55,2010-11-21T15:24:00.000+03:00,15,11,1,0
16068,United Kingdom,0.0,593,1,115.73,2010-04-25T11:52:00.000+03:00,11,4,1,0
12513,France,2.0,112,1,612.29,2011-08-19T10:51:00.000+03:00,10,8,6,1
17608,United Kingdom,0.0,33,4,488.06,2011-11-06T13:06:00.000+03:00,13,11,1,0
17599,United Kingdom,0.0,477,1,52.05,2010-08-19T12:50:00.000+03:00,12,8,5,0
17122,United Kingdom,0.0,119,4,570.5,2011-08-12T14:33:00.000+03:00,14,8,6,1
17952,United Kingdom,0.0,378,4,538.86,2010-11-26T13:54:00.000+03:00,13,11,6,1
15274,United Kingdom,0.0,4,2,681.77,2011-12-05T16:57:00.000+03:00,16,12,2,0
13972,United Kingdom,0.0,70,2,190.25,2011-09-30T11:54:00.000+03:00,11,9,6,1
17489,United Kingdom,0.0,58,2,361.52,2011-10-12T08:56:00.000+03:00,8,10,4,0
15048,United Kingdom,0.0,65,4,381.0,2011-10-05T14:55:00.000+03:00,14,10,4,0
13863,United Kingdom,0.0,247,4,1239.55,2011-04-06T10:20:00.000+03:00,10,4,4,0
15956,United Kingdom,0.0,551,1,291.2,2010-06-06T13:06:00.000+03:00,13,6,1,0
14306,United Kingdom,0.0,51,3,1339.04,2011-10-19T13:23:00.000+03:00,13,10,4,0
12861,United Kingdom,0.0,619,1,68.25,2010-03-30T11:39:00.000+03:00,11,3,3,0
15193,United Kingdom,0.0,60,1,485.4,2011-10-10T08:23:00.000+03:00,8,10,2,0
15104,United Kingdom,0.0,196,2,972.54,2011-05-27T12:29:00.000+03:00,12,5,6,1
14267,United Kingdom,0.0,162,3,1516.24,2011-06-30T10:09:00.000+03:00,10,6,5,0
14248,United Kingdom,0.0,318,3,957.11,2011-01-25T14:45:00.000+03:00,14,1,3,0
17061,United Kingdom,0.0,73,9,3138.05,2011-09-27T11:24:00.000+03:00,11,9,3,0
12432,Norway,13.0,42,5,3721.28,2011-10-28T11:43:00.000+03:00,11,10,6,1
14563,United Kingdom,0.0,509,2,574.66,2010-07-18T12:01:00.000+03:00,12,7,1,0
12965,United Kingdom,0.0,89,1,769.81,2011-09-11T15:31:00.000+03:00,15,9,1,0
14228,United Kingdom,0.0,437,3,745.5,2010-09-28T09:45:00.000+03:00,9,9,3,0
17212,United Kingdom,0.0,253,3,447.79,2011-03-31T19:42:00.000+03:00,19,3,5,0
13029,United Kingdom,0.0,30,4,1544.8,2011-11-09T09:13:00.000+03:00,9,11,4,0
17536,United Kingdom,0.0,177,3,244.83,2011-06-15T13:23:00.000+03:00,13,6,4,0
15804,United Kingdom,0.0,0,13,4136.43,2011-12-09T12:31:00.000+03:00,12,12,6,1
15700,United Kingdom,0.0,172,2,655.88,2011-06-20T16:53:00.000+03:00,16,6,2,0
13992,United Kingdom,0.0,30,3,219.5,2011-11-09T15:23:00.000+03:00,15,11,4,0
13065,United Kingdom,0.0,373,5,1055.05,2010-12-01T16:52:00.000+03:00,16,12,4,0
13981,United Kingdom,0.0,415,1,308.34,2010-10-20T10:03:00.000+03:00,10,10,4,0
16823,United Kingdom,0.0,227,7,2235.53,2011-04-26T15:00:00.000+03:00,15,4,3,0
13962,United Kingdom,0.0,21,3,362.8,2011-11-18T08:47:00.000+03:00,8,11,6,1
14969,United Kingdom,0.0,703,1,503.35,2010-01-05T12:43:00.000+03:00,12,1,3,0
16419,United Kingdom,0.0,112,8,1221.1,2011-08-19T12:33:00.000+03:00,12,8,6,1
15098,United Kingdom,0.0,182,1,649.5,2011-06-10T15:33:00.000+03:00,15,6,6,1
18273,United Kingdom,0.0,2,2,102.0,2011-12-07T13:16:00.000+03:00,13,12,4,0
14206,United Kingdom,0.0,239,3,1137.91,2011-04-14T16:38:00.000+03:00,16,4,5,0
15471,United Kingdom,0.0,2,3,884.01,2011-12-07T14:12:00.000+03:00,14,12,4,0
14303,United Kingdom,0.0,407,2,277.94,2010-10-28T15:37:00.000+03:00,15,10,5,0
17060,United Kingdom,0.0,266,1,50.4,2011-03-18T13:27:00.000+03:00,13,3,6,1
16536,United Kingdom,0.0,110,1,548.12,2011-08-21T15:54:00.000+03:00,15,8,1,0
15123,United Kingdom,0.0,7,5,3789.99,2011-12-02T13:12:00.000+03:00,13,12,6,1
17957,United Kingdom,0.0,66,1,96.25,2011-10-04T14:58:00.000+03:00,14,10,3,0
17042,United Kingdom,0.0,2,5,1001.18,2011-12-07T12:26:00.000+03:00,12,12,4,0
15971,United Kingdom,0.0,52,8,332.45,2011-10-18T10:52:00.000+03:00,10,10,3,0
17375,United Kingdom,0.0,199,4,647.11,2011-05-24T15:45:00.000+03:00,15,5,3,0
14777,United Kingdom,0.0,403,1,300.0,2010-11-01T12:50:00.000+03:00,12,11,2,0
16752,United Kingdom,0.0,372,1,207.5,2010-12-02T12:18:00.000+03:00,12,12,5,0
17995,United Kingdom,0.0,281,3,442.98,2011-03-03T12:30:00.000+03:00,12,3,5,0
17532,United Kingdom,0.0,385,1,65.34,2010-11-19T08:13:00.000+03:00,8,11,6,1
15723,United Kingdom,0.0,364,4,811.36,2010-12-10T11:12:00.000+03:00,11,12,6,1
15016,United Kingdom,0.0,172,5,620.89,2011-06-20T12:06:00.000+03:00,12,6,2,0
17266,United Kingdom,0.0,2,5,501.72,2011-12-07T14:12:00.000+03:00,14,12,4,0
15579,United Kingdom,0.0,68,5,1144.43,2011-10-02T12:45:00.000+03:00,12,10,1,0
13698,United Kingdom,0.0,596,2,444.17,2010-04-22T11:52:00.000+03:00,11,4,5,0
13584,United Kingdom,0.0,306,3,343.7,2011-02-06T12:49:00.000+03:00,12,2,1,0
16152,United Kingdom,0.0,268,1,1206.36,2011-03-16T09:47:00.000+03:00,9,3,4,0
15446,United Kingdom,0.0,376,3,399.75,2010-11-28T11:59:00.000+03:00,11,11,1,0
16852,United Kingdom,0.0,10,2,144.91,2011-11-29T13:22:00.000+03:00,13,11,3,0
18123,United Kingdom,0.0,24,3,466.36,2011-11-15T14:23:00.000+03:00,14,11,3,0
12504,Germany,1.0,18,4,647.05,2011-11-21T16:02:00.000+03:00,16,11,2,0
15553,United Kingdom,0.0,60,1,428.93,2011-10-10T14:02:00.000+03:00,14,10,2,0
13732,United Kingdom,0.0,28,1,491.86,2011-11-11T15:49:00.000+03:00,15,11,6,1
14809,United Kingdom,0.0,621,2,648.6,2010-03-28T15:44:00.000+03:00,15,3,1,0
14685,United Kingdom,0.0,576,7,3450.52,2010-05-12T13:08:00.000+03:00,13,5,4,0
17261,United Kingdom,0.0,509,1,221.59,2010-07-18T11:49:00.000+03:00,11,7,1,0
15174,United Kingdom,0.0,322,2,451.22,2011-01-21T09:06:00.000+03:00,9,1,6,1
14501,United Kingdom,0.0,183,2,251.21,2011-06-09T12:02:00.000+03:00,12,6,5,0
16898,United Kingdom,0.0,26,5,847.77,2011-11-13T15:44:00.000+03:00,15,11,1,0
14187,United Kingdom,0.0,473,1,123.5,2010-08-23T12:06:00.000+03:00,12,8,2,0
14949,United Kingdom,0.0,469,4,515.0,2010-08-27T15:38:00.000+03:00,15,8,6,1
12869,United Kingdom,0.0,681,1,256.07,2010-01-27T12:10:00.000+03:00,12,1,4,0
18139,United Kingdom,0.0,17,6,3112.86,2011-11-22T10:44:00.000+03:00,10,11,3,0
13197,United Kingdom,0.0,609,1,373.01,2010-04-09T09:14:00.000+03:00,9,4,6,1
17383,United Kingdom,0.0,4,2,304.09,2011-12-05T17:36:00.000+03:00,17,12,2,0
12478,Greece,22.0,3,1,680.99,2011-12-06T09:56:00.000+03:00,9,12,3,0
13262,United Kingdom,0.0,263,3,573.45,2011-03-21T15:06:00.000+03:00,15,3,2,0
13343,United Kingdom,0.0,177,1,353.43,2011-06-15T12:24:00.000+03:00,12,6,4,0
14561,United Kingdom,0.0,75,3,1003.72,2011-09-25T12:39:00.000+03:00,12,9,1,0
12904,United Kingdom,0.0,18,2,465.31,2011-11-21T14:34:00.000+03:00,14,11,2,0
15669,United Kingdom,0.0,40,4,512.5,2011-10-30T16:03:00.000+03:00,16,10,1,0
14782,United Kingdom,0.0,319,1,110.1,2011-01-24T11:12:00.000+03:00,11,1,2,0
12832,United Kingdom,0.0,32,2,383.03,2011-11-07T13:30:00.000+03:00,13,11,2,0
17169,United Kingdom,0.0,57,3,1141.61,2011-10-13T10:25:00.000+03:00,10,10,5,0
18027,United Kingdom,0.0,98,1,115.31,2011-09-02T10:38:00.000+03:00,10,9,6,1
13116,United Kingdom,0.0,138,1,501.14,2011-07-24T14:33:00.000+03:00,14,7,1,0
12379,Belgium,4.0,81,4,1579.42,2011-09-19T10:09:00.000+03:00,10,9,2,0
12846,United Kingdom,0.0,682,1,15.58,2010-01-26T16:29:00.000+03:00,16,1,3,0
13153,United Kingdom,0.0,5,1,140.46,2011-12-04T12:14:00.000+03:00,12,12,1,0
16039,United Kingdom,0.0,423,2,456.4,2010-10-12T10:44:00.000+03:00,10,10,3,0
15952,United Kingdom,0.0,33,4,763.19,2011-11-06T11:18:00.000+03:00,11,11,1,0
14573,United Kingdom,0.0,179,12,2143.11,2011-06-13T11:15:00.000+03:00,11,6,2,0
12992,United Kingdom,0.0,725,1,93.35,2009-12-14T16:46:00.000+03:00,16,12,2,0
17605,United Kingdom,0.0,590,1,160.75,2010-04-28T14:45:00.000+03:00,14,4,4,0
17026,United Kingdom,0.0,369,2,54.15,2010-12-05T12:47:00.000+03:00,12,12,1,0
15539,United Kingdom,0.0,7,1,478.46,2011-12-02T13:36:00.000+03:00,13,12,6,1
17084,United Kingdom,0.0,35,3,4336.83,2011-11-04T14:54:00.000+03:00,14,11,6,1
13830,United Kingdom,0.0,581,1,156.85,2010-05-07T12:24:00.000+03:00,12,5,6,1
14811,United Kingdom,0.0,387,1,170.5,2010-11-17T13:09:00.000+03:00,13,11,4,0
13551,United Kingdom,0.0,319,2,244.2,2011-01-24T14:46:00.000+03:00,14,1,2,0
18127,United Kingdom,0.0,19,4,549.29,2011-11-20T14:05:00.000+03:00,14,11,1,0
15663,United Kingdom,0.0,106,1,124.1,2011-08-25T15:50:00.000+03:00,15,8,5,0
15766,United Kingdom,0.0,64,3,831.06,2011-10-06T17:03:00.000+03:00,17,10,5,0
18071,United Kingdom,0.0,257,6,1124.68,2011-03-27T11:59:00.000+03:00,11,3,1,0
16363,United Kingdom,0.0,53,1,109.36,2011-10-17T14:14:00.000+03:00,14,10,2,0
13583,United Kingdom,0.0,155,2,1374.95,2011-07-07T10:40:00.000+03:00,10,7,5,0
15370,United Kingdom,0.0,40,8,3739.01,2011-10-30T10:58:00.000+03:00,10,10,1,0
16646,United Kingdom,0.0,449,1,406.8,2010-09-16T13:28:00.000+03:00,13,9,5,0
15160,United Kingdom,0.0,357,4,483.07,2010-12-17T14:15:00.000+03:00,14,12,6,1
17767,United Kingdom,0.0,15,2,413.05,2011-11-24T14:42:00.000+03:00,14,11,5,0
15080,United Kingdom,0.0,427,2,546.25,2010-10-08T11:52:00.000+03:00,11,10,6,1
16271,United Kingdom,0.0,2,10,3239.66,2011-12-07T12:45:00.000+03:00,12,12,4,0
15198,United Kingdom,0.0,92,5,479.55,2011-09-08T14:42:00.000+03:00,14,9,5,0
13581,United Kingdom,0.0,309,2,280.53,2011-02-03T14:41:00.000+03:00,14,2,5,0
14379,United Kingdom,0.0,44,4,1265.16,2011-10-26T16:43:00.000+03:00,16,10,4,0
17545,United Kingdom,0.0,43,6,1349.38,2011-10-27T14:04:00.000+03:00,14,10,5,0
14157,United Kingdom,0.0,19,5,958.53,2011-11-20T11:32:00.000+03:00,11,11,1,0
17509,United Kingdom,0.0,57,8,6083.64,2011-10-13T10:26:00.000+03:00,10,10,5,0
16830,United Kingdom,0.0,38,4,1197.06,2011-11-01T11:35:00.000+03:00,11,11,3,0
15927,United Kingdom,0.0,647,1,93.1,2010-03-02T13:25:00.000+03:00,13,3,3,0
15449,United Kingdom,0.0,26,3,923.16,2011-11-13T15:02:00.000+03:00,15,11,1,0
16749,United Kingdom,0.0,591,2,1534.04,2010-04-27T13:06:00.000+03:00,13,4,3,0
15177,United Kingdom,0.0,425,1,653.25,2010-10-10T12:48:00.000+03:00,12,10,1,0
16002,United Kingdom,0.0,625,1,169.21,2010-03-24T13:08:00.000+03:00,13,3,4,0
16294,United Kingdom,0.0,476,1,126.05,2010-08-20T12:01:00.000+03:00,12,8,6,1
13095,United Kingdom,0.0,70,1,60.48,2011-09-30T12:03:00.000+03:00,12,9,6,1
16079,United Kingdom,0.0,16,3,159.14,2011-11-23T12:48:00.000+03:00,12,11,4,0
15403,United Kingdom,0.0,491,1,20.4,2010-08-05T12:21:00.000+03:00,12,8,5,0
15216,United Kingdom,0.0,87,2,486.09,2011-09-13T11:41:00.000+03:00,11,9,3,0
14999,United Kingdom,0.0,592,1,129.48,2010-04-26T10:47:00.000+03:00,10,4,2,0
14665,United Kingdom,0.0,60,6,2464.05,2011-10-10T09:14:00.000+03:00,9,10,2,0
17530,United Kingdom,0.0,1,12,2745.61,2011-12-08T18:42:00.000+03:00,18,12,5,0
15192,United Kingdom,0.0,119,5,1431.91,2011-08-12T11:41:00.000+03:00,11,8,6,1
15578,United Kingdom,0.0,162,1,127.1,2011-06-30T13:03:00.000+03:00,13,6,5,0
17607,United Kingdom,0.0,376,1,333.81,2010-11-28T13:11:00.000+03:00,13,11,1,0
13675,United Kingdom,0.0,151,2,473.38,2011-07-11T12:57:00.000+03:00,12,7,2,0
14045,United Kingdom,0.0,540,1,34.0,2010-06-17T11:21:00.000+03:00,11,6,5,0
14645,United Kingdom,0.0,156,3,858.17,2011-07-06T09:15:00.000+03:00,9,7,4,0
13673,United Kingdom,0.0,18,2,387.44,2011-11-21T12:11:00.000+03:00,12,11,2,0
18081,United Kingdom,0.0,36,3,328.33,2011-11-03T16:30:00.000+03:00,16,11,5,0
12729,France,2.0,113,1,453.01,2011-08-18T11:40:00.000+03:00,11,8,5,0
13464,United Kingdom,0.0,58,6,3097.64,2011-10-12T15:01:00.000+03:00,15,10,4,0
13532,United Kingdom,0.0,33,1,210.31,2011-11-06T12:25:00.000+03:00,12,11,1,0
12894,United Kingdom,0.0,575,1,157.35,2010-05-13T14:47:00.000+03:00,14,5,5,0
13589,United Kingdom,0.0,14,5,1032.24,2011-11-25T12:10:00.000+03:00,12,11,6,1
15432,United Kingdom,0.0,23,2,320.76,2011-11-16T16:30:00.000+03:00,16,11,4,0
17524,United Kingdom,0.0,361,3,508.9,2010-12-13T14:32:00.000+03:00,14,12,2,0
14338,United Kingdom,0.0,161,3,844.1,2011-07-01T14:08:00.000+03:00,14,7,6,1
12570,Spain,3.0,682,1,77.52,2010-01-26T17:28:00.000+03:00,17,1,3,0
17499,United Kingdom,0.0,289,2,1225.71,2011-02-23T09:14:00.000+03:00,9,2,4,0
12541,Spain,3.0,29,3,950.58,2011-11-10T10:40:00.000+03:00,10,11,5,0
13369,United Kingdom,0.0,365,1,268.28,2010-12-09T11:30:00.000+03:00,11,12,5,0
16290,United Kingdom,0.0,464,4,1688.9,2010-09-01T11:52:00.000+03:00,11,9,4,0
14242,United Kingdom,0.0,234,2,280.55,2011-04-19T11:46:00.000+03:00,11,4,3,0
14352,United Kingdom,0.0,157,4,1055.56,2011-07-05T15:41:00.000+03:00,15,7,3,0
17294,United Kingdom,0.0,669,2,308.91,2010-02-08T16:12:00.000+03:00,16,2,2,0
18243,United Kingdom,0.0,414,1,515.78,2010-10-21T14:29:00.000+03:00,14,10,5,0
18262,United Kingdom,0.0,140,3,549.7,2011-07-22T16:04:00.000+03:00,16,7,6,1
14973,United Kingdom,0.0,107,3,1314.45,2011-08-24T15:51:00.000+03:00,15,8,4,0
18237,United Kingdom,0.0,2,5,926.62,2011-12-07T12:49:00.000+03:00,12,12,4,0
13060,United Kingdom,0.0,253,1,307.53,2011-03-31T11:37:00.000+03:00,11,3,5,0
12889,United Kingdom,0.0,381,4,385.46,2010-11-23T16:08:00.000+03:00,16,11,3,0
18267,United Kingdom,0.0,672,1,269.37,2010-02-05T08:43:00.000+03:00,8,2,6,1
15921,United Kingdom,0.0,172,4,694.14,2011-06-20T11:03:00.000+03:00,11,6,2,0
14877,United Kingdom,0.0,418,2,425.85,2010-10-17T13:09:00.000+03:00,13,10,1,0
18117,United Kingdom,0.0,25,1,220.67,2011-11-14T12:47:00.000+03:00,12,11,2,0
16378,United Kingdom,0.0,247,3,362.95,2011-04-06T15:07:00.000+03:00,15,4,4,0
13654,United Kingdom,0.0,43,11,5528.38,2011-10-27T16:24:00.000+03:00,16,10,5,0
17029,United Kingdom,0.0,436,2,325.3,2010-09-29T11:59:00.000+03:00,11,9,4,0
13470,United Kingdom,0.0,99,2,165.0,2011-09-01T14:57:00.000+03:00,14,9,5,0
12638,Sweden,8.0,33,2,908.05,2011-11-06T13:11:00.000+03:00,13,11,1,0
14986,United Kingdom,0.0,376,2,563.1,2010-11-28T15:25:00.000+03:00,15,11,1,0
18000,United Kingdom,0.0,564,1,37.25,2010-05-24T17:34:00.000+03:00,17,5,2,0
14967,United Kingdom,0.0,49,5,570.01,2011-10-21T11:06:00.000+03:00,11,10,6,1
12538,Spain,3.0,29,2,588.25,2011-11-10T17:16:00.000+03:00,17,11,5,0
15340,United Kingdom,0.0,561,1,105.5,2010-05-27T10:27:00.000+03:00,10,5,5,0
14377,United Kingdom,0.0,191,2,422.05,2011-06-01T13:32:00.000+03:00,13,6,4,0
17497,United Kingdom,0.0,390,2,287.25,2010-11-14T14:17:00.000+03:00,14,11,1,0
14216,United Kingdom,0.0,3,5,1945.6,2011-12-06T14:56:00.000+03:00,14,12,3,0
14360,United Kingdom,0.0,31,4,2118.03,2011-11-08T09:12:00.000+03:00,9,11,3,0
15400,United Kingdom,0.0,128,5,483.0,2011-08-03T15:34:00.000+03:00,15,8,4,0
14710,United Kingdom,0.0,14,13,1876.39,2011-11-25T14:53:00.000+03:00,14,11,6,1
16157,United Kingdom,0.0,15,3,417.05,2011-11-24T11:41:00.000+03:00,11,11,5,0
16331,United Kingdom,0.0,432,5,851.5,2010-10-03T13:47:00.000+03:00,13,10,1,0
16545,United Kingdom,0.0,164,2,218.7,2011-06-28T10:37:00.000+03:00,10,6,3,0
14610,United Kingdom,0.0,395,2,24.35,2010-11-09T10:58:00.000+03:00,10,11,3,0
15484,United Kingdom,0.0,1,6,3601.8,2011-12-08T15:03:00.000+03:00,15,12,5,0
14919,United Kingdom,0.0,539,1,359.35,2010-06-18T13:06:00.000+03:00,13,6,6,1
15117,United Kingdom,0.0,14,8,1915.53,2011-11-25T08:12:00.000+03:00,8,11,6,1
16517,United Kingdom,0.0,277,1,162.7,2011-03-07T13:50:00.000+03:00,13,3,2,0
13171,United Kingdom,0.0,21,3,468.41,2011-11-18T10:27:00.000+03:00,10,11,6,1
13631,United Kingdom,0.0,99,6,492.5,2011-09-01T09:57:00.000+03:00,9,9,5,0
17362,United Kingdom,0.0,239,7,1024.04,2011-04-14T14:43:00.000+03:00,14,4,5,0
16834,United Kingdom,0.0,227,2,817.36,2011-04-26T09:37:00.000+03:00,9,4,3,0
17712,United Kingdom,0.0,44,1,522.91,2011-10-26T12:28:00.000+03:00,12,10,4,0
16312,United Kingdom,0.0,432,1,171.15,2010-10-03T14:15:00.000+03:00,14,10,1,0
12458,Switzerland,7.0,71,4,1653.47,2011-09-29T15:25:00.000+03:00,15,9,5,0
15900,United Kingdom,0.0,23,4,734.41,2011-11-16T12:19:00.000+03:00,12,11,4,0
14024,United Kingdom,0.0,121,3,645.74,2011-08-10T11:30:00.000+03:00,11,8,4,0
15018,United Kingdom,0.0,38,3,496.21,2011-11-01T12:47:00.000+03:00,12,11,3,0
14184,United Kingdom,0.0,66,1,452.89,2011-10-04T12:43:00.000+03:00,12,10,3,0
12450,Spain,3.0,156,5,622.2,2011-07-06T14:41:00.000+03:00,14,7,4,0
17764,United Kingdom,0.0,50,5,1513.57,2011-10-20T11:03:00.000+03:00,11,10,5,0
13028,United Kingdom,0.0,22,2,613.44,2011-11-17T11:10:00.000+03:00,11,11,5,0
16874,United Kingdom,0.0,379,1,209.89,2010-11-25T13:08:00.000+03:00,13,11,5,0
17236,United Kingdom,0.0,12,12,1577.26,2011-11-27T12:00:00.000+03:00,12,11,1,0
16163,United Kingdom,0.0,365,5,1430.48,2010-12-09T16:28:00.000+03:00,16,12,5,0
13504,United Kingdom,0.0,64,1,295.93,2011-10-06T13:20:00.000+03:00,13,10,5,0
12761,Netherlands,6.0,457,2,782.95,2010-09-08T12:17:00.000+03:00,12,9,4,0
12834,United Kingdom,0.0,282,1,312.38,2011-03-02T09:49:00.000+03:00,9,3,4,0
16988,United Kingdom,0.0,5,2,382.67,2011-12-04T16:02:00.000+03:00,16,12,1,0
12610,Italy,9.0,22,5,2099.54,2011-11-17T09:34:00.000+03:00,9,11,5,0
16926,United Kingdom,0.0,371,5,1169.61,2010-12-03T13:42:00.000+03:00,13,12,6,1
15525,United Kingdom,0.0,2,4,890.22,2011-12-07T14:43:00.000+03:00,14,12,4,0
16714,United Kingdom,0.0,218,4,1497.33,2011-05-05T11:09:00.000+03:00,11,5,5,0
13837,United Kingdom,0.0,211,2,221.59,2011-05-12T12:10:00.000+03:00,12,5,5,0
16851,United Kingdom,0.0,4,3,322.29,2011-12-05T13:32:00.000+03:00,13,12,2,0
16446,United Kingdom,0.0,205,1,2.9,2011-05-18T09:52:00.000+03:00,9,5,4,0
12914,United Kingdom,0.0,400,1,81.06,2010-11-04T12:28:00.000+03:00,12,11,5,0
17035,United Kingdom,0.0,245,4,533.39,2011-04-08T11:23:00.000+03:00,11,4,6,1
16414,United Kingdom,0.0,21,5,551.21,2011-11-18T09:42:00.000+03:00,9,11,6,1
17745,United Kingdom,0.0,477,2,600.34,2010-08-19T12:30:00.000+03:00,12,8,5,0
12952,United Kingdom,0.0,5,4,1327.31,2011-12-04T10:35:00.000+03:00,10,12,1,0
18134,United Kingdom,0.0,598,2,445.0,2010-04-20T14:02:00.000+03:00,14,4,3,0
14250,United Kingdom,0.0,7,3,1890.13,2011-12-02T14:30:00.000+03:00,14,12,6,1
15562,United Kingdom,0.0,424,2,321.06,2010-10-11T10:33:00.000+03:00,10,10,2,0
16439,United Kingdom,0.0,722,1,310.7,2009-12-17T14:22:00.000+03:00,14,12,5,0
13986,United Kingdom,0.0,17,1,186.06,2011-11-22T15:00:00.000+03:00,15,11,3,0
13821,United Kingdom,0.0,144,6,1379.08,2011-07-18T09:49:00.000+03:00,9,7,2,0
14094,United Kingdom,0.0,439,1,259.27,2010-09-26T11:58:00.000+03:00,11,9,1,0
17942,United Kingdom,0.0,7,1,1.9,2011-12-02T10:45:00.000+03:00,10,12,6,1
13064,United Kingdom,0.0,12,6,1631.92,2011-11-27T12:31:00.000+03:00,12,11,1,0
16589,United Kingdom,0.0,71,4,612.36,2011-09-29T14:50:00.000+03:00,14,9,5,0
15036,United Kingdom,0.0,72,3,406.16,2011-09-28T15:42:00.000+03:00,15,9,4,0
14346,United Kingdom,0.0,120,5,2122.55,2011-08-11T09:47:00.000+03:00,9,8,5,0
16389,United Kingdom,0.0,53,4,1095.51,2011-10-17T14:41:00.000+03:00,14,10,2,0
17889,United Kingdom,0.0,212,7,746.42,2011-05-11T16:26:00.000+03:00,16,5,4,0
14363,United Kingdom,0.0,402,2,227.47,2010-11-02T17:01:00.000+03:00,17,11,3,0
17081,United Kingdom,0.0,25,6,949.39,2011-11-14T12:56:00.000+03:00,12,11,2,0
13825,United Kingdom,0.0,621,2,230.39,2010-03-28T11:02:00.000+03:00,11,3,1,0
17405,United Kingdom,0.0,1,3,1031.41,2011-12-08T17:12:00.000+03:00,17,12,5,0
15966,United Kingdom,0.0,450,1,426.53,2010-09-15T10:44:00.000+03:00,10,9,4,0
16785,United Kingdom,0.0,409,1,527.48,2010-10-26T10:36:00.000+03:00,10,10,3,0
16477,United Kingdom,0.0,63,11,4020.69,2011-10-07T09:44:00.000+03:00,9,10,6,1
14487,United Kingdom,0.0,26,7,1266.27,2011-11-13T12:17:00.000+03:00,12,11,1,0
16224,United Kingdom,0.0,57,5,1494.3,2011-10-13T17:51:00.000+03:00,17,10,5,0
17143,United Kingdom,0.0,417,2,880.97,2010-10-18T15:27:00.000+03:00,15,10,2,0
15843,United Kingdom,0.0,303,1,118.95,2011-02-09T10:19:00.000+03:00,10,2,4,0
17507,United Kingdom,0.0,261,2,605.58,2011-03-23T11:48:00.000+03:00,11,3,4,0
12460,Belgium,4.0,456,1,326.65,2010-09-09T13:51:00.000+03:00,13,9,5,0
15354,United Kingdom,0.0,603,3,284.4,2010-04-15T16:24:00.000+03:00,16,4,5,0
12783,Portugal,5.0,2,6,2211.99,2011-12-07T15:56:00.000+03:00,15,12,4,0
12457,Switzerland,7.0,85,5,2128.73,2011-09-15T14:25:00.000+03:00,14,9,5,0
17116,United Kingdom,0.0,648,1,348.74,2010-03-01T16:29:00.000+03:00,16,3,2,0
13567,United Kingdom,0.0,428,4,1055.49,2010-10-07T12:51:00.000+03:00,12,10,5,0
13180,United Kingdom,0.0,607,1,86.1,2010-04-11T13:37:00.000+03:00,13,4,1,0
16306,United Kingdom,0.0,213,7,1077.62,2011-05-10T12:12:00.000+03:00,12,5,3,0
17600,United Kingdom,0.0,17,1,147.63,2011-11-22T09:43:00.000+03:00,9,11,3,0
15457,United Kingdom,0.0,262,1,237.07,2011-03-22T15:31:00.000+03:00,15,3,3,0
13158,United Kingdom,0.0,94,5,1500.62,2011-09-06T11:58:00.000+03:00,11,9,3,0
13121,United Kingdom,0.0,269,1,268.61,2011-03-15T16:47:00.000+03:00,16,3,3,0
14347,United Kingdom,0.0,736,1,82.6,2009-12-03T10:49:00.000+03:00,10,12,5,0
15092,United Kingdom,0.0,215,3,776.46,2011-05-08T14:10:00.000+03:00,14,5,1,0
16107,United Kingdom,0.0,28,6,892.9,2011-11-11T12:41:00.000+03:00,12,11,6,1
13512,United Kingdom,0.0,260,4,668.39,2011-03-24T10:03:00.000+03:00,10,3,5,0
15183,United Kingdom,0.0,547,3,639.93,2010-06-10T10:43:00.000+03:00,10,6,5,0
14604,United Kingdom,0.0,633,1,143.86,2010-03-16T13:00:00.000+03:00,13,3,3,0
12746,United Kingdom,0.0,540,1,254.55,2010-06-17T10:41:00.000+03:00,10,6,5,0
13218,United Kingdom,0.0,127,1,56.76,2011-08-04T16:59:00.000+03:00,16,8,5,0
15450,United Kingdom,0.0,30,1,429.84,2011-11-09T17:11:00.000+03:00,17,11,4,0
14785,United Kingdom,0.0,15,1,39.48,2011-11-24T13:40:00.000+03:00,13,11,5,0
17028,United Kingdom,0.0,581,3,1573.67,2010-05-07T15:33:00.000+03:00,15,5,6,1
17209,United Kingdom,0.0,649,2,265.7,2010-02-28T16:01:00.000+03:00,16,2,1,0
18200,United Kingdom,0.0,106,1,150.35,2011-08-25T18:45:00.000+03:00,18,8,5,0
13637,United Kingdom,0.0,52,3,804.3,2011-10-18T13:32:00.000+03:00,13,10,3,0
12899,United Kingdom,0.0,413,1,366.4,2010-10-22T09:53:00.000+03:00,9,10,6,1
18141,United Kingdom,0.0,401,2,809.11,2010-11-03T11:44:00.000+03:00,11,11,4,0
13253,United Kingdom,0.0,156,4,1471.91,2011-07-06T10:09:00.000+03:00,10,7,4,0
14244,United Kingdom,0.0,660,1,245.46,2010-02-17T11:40:00.000+03:00,11,2,4,0
14245,United Kingdom,0.0,219,2,1693.45,2011-05-04T08:40:00.000+03:00,8,5,4,0
15882,United Kingdom,0.0,198,8,958.46,2011-05-25T11:35:00.000+03:00,11,5,4,0
16195,United Kingdom,0.0,723,1,323.25,2009-12-16T14:09:00.000+03:00,14,12,4,0
17015,United Kingdom,0.0,28,3,1788.69,2011-11-11T10:45:00.000+03:00,10,11,6,1
16001,United Kingdom,0.0,381,1,583.39,2010-11-23T17:10:00.000+03:00,17,11,3,0
12349,Italy,9.0,18,4,4297.89,2011-11-21T09:51:00.000+03:00,9,11,2,0
15869,United Kingdom,0.0,277,3,290.87,2011-03-07T17:23:00.000+03:00,17,3,2,0
16239,United Kingdom,0.0,56,5,805.0,2011-10-14T08:29:00.000+03:00,8,10,6,1
13021,United Kingdom,0.0,4,17,4548.0,2011-12-05T16:37:00.000+03:00,16,12,2,0
17747,United Kingdom,0.0,112,1,71.4,2011-08-19T08:13:00.000+03:00,8,8,6,1
15665,United Kingdom,0.0,168,5,3616.51,2011-06-24T14:57:00.000+03:00,14,6,6,1
17897,United Kingdom,0.0,172,9,1734.4,2011-06-20T11:23:00.000+03:00,11,6,2,0
16872,United Kingdom,0.0,77,4,212.95,2011-09-23T16:05:00.000+03:00,16,9,6,1
15557,United Kingdom,0.0,28,1,378.91,2011-11-11T12:46:00.000+03:00,12,11,6,1
16452,United Kingdom,0.0,630,2,332.17,2010-03-19T12:39:00.000+03:00,12,3,6,1
14145,United Kingdom,0.0,537,1,12.75,2010-06-20T13:28:00.000+03:00,13,6,1,0
12691,France,2.0,28,7,952.6,2011-11-11T16:49:00.000+03:00,16,11,6,1
13457,United Kingdom,0.0,688,2,148.22,2010-01-20T08:48:00.000+03:00,8,1,4,0
18266,United Kingdom,0.0,434,1,251.1,2010-10-01T15:33:00.000+03:00,15,10,6,1
13416,United Kingdom,0.0,43,3,940.8,2011-10-27T08:56:00.000+03:00,8,10,5,0
17934,United Kingdom,0.0,58,2,682.03,2011-10-12T10:50:00.000+03:00,10,10,4,0
12844,United Kingdom,0.0,29,4,648.6,2011-11-10T13:31:00.000+03:00,13,11,5,0
16193,United Kingdom,0.0,236,2,616.51,2011-04-17T11:45:00.000+03:00,11,4,1,0
15007,United Kingdom,0.0,159,1,156.91,2011-07-03T16:00:00.000+03:00,16,7,1,0
15054,United Kingdom,0.0,12,2,302.1,2011-11-27T15:02:00.000+03:00,15,11,1,0
15803,United Kingdom,0.0,51,4,1476.34,2011-10-19T14:56:00.000+03:00,14,10,4,0
15472,United Kingdom,0.0,113,1,371.56,2011-08-18T15:17:00.000+03:00,15,8,5,0
13134,United Kingdom,0.0,85,6,2326.19,2011-09-15T10:35:00.000+03:00,10,9,5,0
13165,United Kingdom,0.0,46,3,400.64,2011-10-24T15:05:00.000+03:00,15,10,2,0
18157,United Kingdom,0.0,571,1,193.74,2010-05-17T14:09:00.000+03:00,14,5,2,0
13600,United Kingdom,0.0,312,2,354.62,2011-01-31T15:27:00.000+03:00,15,1,2,0
13365,United Kingdom,0.0,33,2,2225.37,2011-11-06T12:36:00.000+03:00,12,11,1,0
13987,United Kingdom,0.0,379,2,682.54,2010-11-25T10:20:00.000+03:00,10,11,5,0
12553,France,2.0,8,12,4399.17,2011-12-01T16:38:00.000+03:00,16,12,5,0
16214,United Kingdom,0.0,170,4,1858.85,2011-06-22T11:30:00.000+03:00,11,6,4,0
13394,United Kingdom,0.0,1,19,5790.74,2011-12-08T11:36:00.000+03:00,11,12,5,0
17112,United Kingdom,0.0,502,1,197.57,2010-07-25T11:14:00.000+03:00,11,7,1,0
12427,Germany,1.0,21,3,765.32,2011-11-18T08:56:00.000+03:00,8,11,6,1
16416,United Kingdom,0.0,26,9,2210.52,2011-11-13T12:50:00.000+03:00,12,11,1,0
14976,United Kingdom,0.0,57,7,790.86,2011-10-13T16:37:00.000+03:00,16,10,5,0
17937,United Kingdom,0.0,8,5,1473.6,2011-12-01T11:45:00.000+03:00,11,12,5,0
15083,United Kingdom,0.0,256,1,88.2,2011-03-28T12:18:00.000+03:00,12,3,2,0
14182,United Kingdom,0.0,443,4,678.77,2010-09-22T11:45:00.000+03:00,11,9,4,0
16543,United Kingdom,0.0,591,1,258.07,2010-04-27T11:38:00.000+03:00,11,4,3,0
14321,United Kingdom,0.0,10,7,1920.76,2011-11-29T09:47:00.000+03:00,9,11,3,0
15469,United Kingdom,0.0,50,3,874.25,2011-10-20T16:21:00.000+03:00,16,10,5,0
12780,Netherlands,6.0,598,1,297.08,2010-04-20T09:40:00.000+03:00,9,4,3,0
12535,France,2.0,91,2,716.35,2011-09-09T08:48:00.000+03:00,8,9,6,1
14054,United Kingdom,0.0,65,1,92.46,2011-10-05T15:49:00.000+03:00,15,10,4,0
15265,United Kingdom,0.0,151,4,3345.64,2011-07-11T14:46:00.000+03:00,14,7,2,0
17214,United Kingdom,0.0,60,6,1059.12,2011-10-10T13:17:00.000+03:00,13,10,2,0
14043,United Kingdom,0.0,491,2,302.6,2010-08-05T18:18:00.000+03:00,18,8,5,0
14510,United Kingdom,0.0,375,3,842.09,2010-11-29T12:46:00.000+03:00,12,11,2,0
16454,United Kingdom,0.0,44,4,30.95,2011-10-26T11:40:00.000+03:00,11,10,4,0
15411,United Kingdom,0.0,26,4,1319.05,2011-11-13T15:19:00.000+03:00,15,11,1,0
14066,United Kingdom,0.0,266,1,152.55,2011-03-18T12:21:00.000+03:00,12,3,6,1
13151,United Kingdom,0.0,295,3,2434.61,2011-02-17T12:29:00.000+03:00,12,2,5,0
13235,United Kingdom,0.0,212,1,955.47,2011-05-11T17:13:00.000+03:00,17,5,4,0
12639,Sweden,8.0,238,3,1288.97,2011-04-15T12:48:00.000+03:00,12,4,6,1
17977,United Kingdom,0.0,29,2,984.47,2011-11-10T13:28:00.000+03:00,13,11,5,0
14504,United Kingdom,0.0,47,4,673.26,2011-10-23T16:00:00.000+03:00,16,10,1,0
14730,United Kingdom,0.0,1,8,1897.57,2011-12-08T14:39:00.000+03:00,14,12,5,0
15268,United Kingdom,0.0,478,2,520.9,2010-08-18T10:33:00.000+03:00,10,8,4,0
12768,Korea,28.0,450,1,150.45,2010-09-15T12:08:00.000+03:00,12,9,4,0
17830,United Kingdom,0.0,1,3,398.7,2011-12-08T12:28:00.000+03:00,12,12,5,0
14053,United Kingdom,0.0,159,3,110.0,2011-07-03T12:21:00.000+03:00,12,7,1,0
15576,United Kingdom,0.0,37,1,682.33,2011-11-02T12:03:00.000+03:00,12,11,4,0
14650,United Kingdom,0.0,589,1,62.5,2010-04-29T20:27:00.000+03:00,20,4,5,0
13951,United Kingdom,0.0,176,3,613.49,2011-06-16T16:43:00.000+03:00,16,6,5,0
13644,United Kingdom,0.0,16,4,2365.54,2011-11-23T14:07:00.000+03:00,14,11,4,0
16969,United Kingdom,0.0,39,3,594.85,2011-10-31T13:12:00.000+03:00,13,10,2,0
14351,United Kingdom,0.0,164,1,51.0,2011-06-28T11:56:00.000+03:00,11,6,3,0
17728,United Kingdom,0.0,3,5,4204.68,2011-12-06T08:52:00.000+03:00,8,12,3,0
13885,United Kingdom,0.0,189,2,506.8,2011-06-03T15:07:00.000+03:00,15,6,6,1
16857,United Kingdom,0.0,442,1,271.2,2010-09-23T10:49:00.000+03:00,10,9,5,0
16198,United Kingdom,0.0,75,2,1030.04,2011-09-25T14:58:00.000+03:00,14,9,1,0
17335,United Kingdom,0.0,383,2,398.04,2010-11-21T10:17:00.000+03:00,10,11,1,0
14383,United Kingdom,0.0,38,3,1089.77,2011-11-01T15:53:00.000+03:00,15,11,3,0
12560,Germany,1.0,5,3,2093.21,2011-12-04T13:54:00.000+03:00,13,12,1,0
12527,Germany,1.0,81,5,615.51,2011-09-19T11:55:00.000+03:00,11,9,2,0
12730,Germany,1.0,521,1,829.25,2010-07-06T12:19:00.000+03:00,12,7,3,0
14574,United Kingdom,0.0,732,1,143.7,2009-12-07T12:42:00.000+03:00,12,12,2,0
15964,United Kingdom,0.0,663,1,269.21,2010-02-14T15:30:00.000+03:00,15,2,1,0
14664,United Kingdom,0.0,19,2,636.24,2011-11-20T10:59:00.000+03:00,10,11,1,0
13741,United Kingdom,0.0,71,3,668.43,2011-09-29T09:19:00.000+03:00,9,9,5,0
17723,United Kingdom,0.0,172,2,163.9,2011-06-20T10:25:00.000+03:00,10,6,2,0
13370,United Kingdom,0.0,371,1,740.95,2010-12-03T10:26:00.000+03:00,10,12,6,1
12438,Norway,13.0,14,2,2866.17,2011-11-25T13:28:00.000+03:00,13,11,6,1
15673,United Kingdom,0.0,88,9,5847.68,2011-09-12T16:12:00.000+03:00,16,9,2,0
16629,United Kingdom,0.0,73,2,368.75,2011-09-27T10:34:00.000+03:00,10,9,3,0
12529,France,2.0,528,1,316.48,2010-06-29T13:10:00.000+03:00,13,6,3,0
16344,United Kingdom,0.0,158,4,842.42,2011-07-04T15:50:00.000+03:00,15,7,2,0
15372,United Kingdom,0.0,455,5,1074.36,2010-09-10T11:56:00.000+03:00,11,9,6,1
13635,United Kingdom,0.0,67,4,2857.56,2011-10-03T10:55:00.000+03:00,10,10,2,0
12537,Sweden,8.0,408,1,732.94,2010-10-27T08:36:00.000+03:00,8,10,4,0
12377,Switzerland,7.0,315,4,3197.24,2011-01-28T15:45:00.000+03:00,15,1,6,1
14791,United Kingdom,0.0,606,1,303.63,2010-04-12T10:24:00.000+03:00,10,4,2,0
16167,United Kingdom,0.0,414,5,1178.28,2010-10-21T15:33:00.000+03:00,15,10,5,0
14063,United Kingdom,0.0,438,5,14517.2,2010-09-27T16:18:00.000+03:00,16,9,2,0
14691,United Kingdom,0.0,30,5,1992.29,2011-11-09T12:30:00.000+03:00,12,11,4,0
17025,United Kingdom,0.0,60,5,735.47,2011-10-10T09:06:00.000+03:00,9,10,2,0
16185,United Kingdom,0.0,16,3,644.72,2011-11-23T09:41:00.000+03:00,9,11,4,0
15907,United Kingdom,0.0,3,3,882.72,2011-12-06T12:21:00.000+03:00,12,12,3,0
14913,United Kingdom,0.0,35,8,3608.59,2011-11-04T08:29:00.000+03:00,8,11,6,1
16899,United Kingdom,0.0,7,8,1567.85,2011-12-02T12:03:00.000+03:00,12,12,6,1
17247,United Kingdom,0.0,15,1,280.09,2011-11-24T15:21:00.000+03:00,15,11,5,0
17219,United Kingdom,0.0,31,2,259.13,2011-11-08T11:25:00.000+03:00,11,11,3,0
13372,United Kingdom,0.0,89,1,378.64,2011-09-11T12:46:00.000+03:00,12,9,1,0
17153,United Kingdom,0.0,24,1,213.78,2011-11-15T13:42:00.000+03:00,13,11,3,0
13606,United Kingdom,0.0,29,2,176.13,2011-11-10T17:46:00.000+03:00,17,11,5,0
16465,United Kingdom,0.0,420,2,739.94,2010-10-15T09:27:00.000+03:00,9,10,6,1
16538,United Kingdom,0.0,541,3,315.87,2010-06-16T16:59:00.000+03:00,16,6,4,0
16720,United Kingdom,0.0,26,3,721.42,2011-11-13T16:22:00.000+03:00,16,11,1,0
15986,United Kingdom,0.0,30,2,312.42,2011-11-09T15:17:00.000+03:00,15,11,4,0
17000,United Kingdom,0.0,396,2,312.7,2010-11-08T13:35:00.000+03:00,13,11,2,0
13513,United Kingdom,0.0,126,3,764.59,2011-08-05T11:50:00.000+03:00,11,8,6,1
13010,United Kingdom,0.0,374,2,242.4,2010-11-30T15:09:00.000+03:00,15,11,3,0
16418,United Kingdom,0.0,44,5,1007.74,2011-10-26T12:39:00.000+03:00,12,10,4,0
14420,United Kingdom,0.0,99,4,1537.65,2011-09-01T18:07:00.000+03:00,18,9,5,0
16935,United Kingdom,0.0,381,3,530.86,2010-11-23T09:16:00.000+03:00,9,11,3,0
14647,United Kingdom,0.0,201,2,506.04,2011-05-22T13:40:00.000+03:00,13,5,1,0
14974,United Kingdom,0.0,37,1,89.94,2011-11-02T13:01:00.000+03:00,13,11,4,0
12518,Germany,1.0,0,5,2056.89,2011-12-09T10:13:00.000+03:00,10,12,6,1
13546,United Kingdom,0.0,12,5,1086.24,2011-11-27T14:50:00.000+03:00,14,11,1,0
12346,United Kingdom,0.0,529,11,372.86,2010-06-28T13:53:00.000+03:00,13,6,2,0
16666,United Kingdom,0.0,19,2,207.63,2011-11-20T14:01:00.000+03:00,14,11,1,0
18271,United Kingdom,0.0,609,2,473.8,2010-04-09T09:26:00.000+03:00,9,4,6,1
12628,Germany,1.0,4,3,736.46,2011-12-05T13:15:00.000+03:00,13,12,2,0
15794,United Kingdom,0.0,737,1,450.0,2009-12-02T15:10:00.000+03:00,15,12,4,0
14069,United Kingdom,0.0,514,2,225.81,2010-07-13T12:12:00.000+03:00,12,7,3,0
13386,United Kingdom,0.0,414,2,595.46,2010-10-21T12:52:00.000+03:00,12,10,5,0
13920,United Kingdom,0.0,431,4,1172.8,2010-10-04T12:37:00.000+03:00,12,10,2,0
15949,United Kingdom,0.0,16,2,349.6,2011-11-23T09:09:00.000+03:00,9,11,4,0
16702,United Kingdom,0.0,415,4,1063.79,2010-10-20T14:10:00.000+03:00,14,10,4,0
13775,United Kingdom,0.0,590,1,1049.66,2010-04-28T12:15:00.000+03:00,12,4,4,0
15009,United Kingdom,0.0,12,3,1259.43,2011-11-27T13:35:00.000+03:00,13,11,1,0
16184,United Kingdom,0.0,64,6,960.63,2011-10-06T17:43:00.000+03:00,17,10,5,0
14220,United Kingdom,0.0,247,4,1393.32,2011-04-06T13:23:00.000+03:00,13,4,4,0
16451,United Kingdom,0.0,87,3,1013.15,2011-09-13T09:17:00.000+03:00,9,9,3,0
14197,United Kingdom,0.0,410,1,390.05,2010-10-25T10:01:00.000+03:00,10,10,2,0
15146,United Kingdom,0.0,164,2,1191.92,2011-06-28T12:09:00.000+03:00,12,6,3,0
14272,United Kingdom,0.0,73,4,834.37,2011-09-27T10:08:00.000+03:00,10,9,3,0
15405,United Kingdom,0.0,189,2,558.08,2011-06-03T14:44:00.000+03:00,14,6,6,1
17233,United Kingdom,0.0,35,3,534.3,2011-11-04T14:06:00.000+03:00,14,11,6,1
14257,United Kingdom,0.0,64,9,5041.13,2011-10-06T16:54:00.000+03:00,16,10,5,0
14465,United Kingdom,0.0,246,11,2640.29,2011-04-07T12:38:00.000+03:00,12,4,5,0
15828,United Kingdom,0.0,375,1,1108.82,2010-11-29T16:41:00.000+03:00,16,11,2,0
17713,United Kingdom,0.0,382,4,1177.29,2010-11-22T16:50:00.000+03:00,16,11,2,0
16144,United Kingdom,0.0,246,1,175.2,2011-04-07T10:09:00.000+03:00,10,4,5,0
14743,United Kingdom,0.0,592,1,50.48,2010-04-26T10:26:00.000+03:00,10,4,2,0
17868,United Kingdom,0.0,386,1,227.15,2010-11-18T18:55:00.000+03:00,18,11,5,0
12941,United Kingdom,0.0,724,1,304.77,2009-12-15T13:12:00.000+03:00,13,12,3,0
15448,United Kingdom,0.0,312,2,774.89,2011-01-31T10:42:00.000+03:00,10,1,2,0
15416,United Kingdom,0.0,64,7,4337.78,2011-10-06T09:38:00.000+03:00,9,10,5,0
17305,United Kingdom,0.0,648,1,63.5,2010-03-01T12:47:00.000+03:00,12,3,2,0
16893,United Kingdom,0.0,366,2,249.89,2010-12-08T12:06:00.000+03:00,12,12,4,0
17708,United Kingdom,0.0,187,4,884.18,2011-06-05T10:12:00.000+03:00,10,6,1,0
14826,United Kingdom,0.0,581,2,385.2,2010-05-07T09:00:00.000+03:00,9,5,6,1
12378,Switzerland,7.0,129,2,5185.56,2011-08-02T10:34:00.000+03:00,10,8,3,0
17960,United Kingdom,0.0,171,3,135.08,2011-06-21T14:15:00.000+03:00,14,6,3,0
12911,United Kingdom,0.0,551,1,1618.24,2010-06-06T12:13:00.000+03:00,12,6,1,0
17495,United Kingdom,0.0,7,3,806.72,2011-12-02T12:08:00.000+03:00,12,12,6,1
16038,United Kingdom,0.0,7,3,471.78,2011-12-02T12:40:00.000+03:00,12,12,6,1
12845,United Kingdom,0.0,268,2,71.79,2011-03-16T11:02:00.000+03:00,11,3,4,0
15404,United Kingdom,0.0,375,1,223.58,2010-11-29T11:03:00.000+03:00,11,11,2,0
12762,Portugal,5.0,7,2,1423.8,2011-12-02T10:23:00.000+03:00,10,12,6,1
16035,United Kingdom,0.0,560,1,217.73,2010-05-28T15:09:00.000+03:00,15,5,6,1
15842,United Kingdom,0.0,393,2,472.48,2010-11-11T14:08:00.000+03:00,14,11,5,0
14208,United Kingdom,0.0,94,2,498.89,2011-09-06T12:48:00.000+03:00,12,9,3,0
14668,United Kingdom,0.0,445,1,111.63,2010-09-20T15:03:00.000+03:00,15,9,2,0
14162,United Kingdom,0.0,173,2,248.56,2011-06-19T11:36:00.000+03:00,11,6,1,0
18137,United Kingdom,0.0,551,2,145.99,2010-06-06T14:18:00.000+03:00,14,6,1,0
12590,Germany,1.0,211,2,1675.66,2011-05-12T14:52:00.000+03:00,14,5,5,0
12578,Italy,9.0,21,4,4206.85,2011-11-18T13:30:00.000+03:00,13,11,6,1
13429,United Kingdom,0.0,10,4,829.44,2011-11-29T09:10:00.000+03:00,9,11,3,0
15361,United Kingdom,0.0,361,4,409.95,2010-12-13T09:52:00.000+03:00,9,12,2,0
13861,United Kingdom,0.0,429,2,273.26,2010-10-06T14:20:00.000+03:00,14,10,4,0
13123,United Kingdom,0.0,472,2,506.75,2010-08-24T10:18:00.000+03:00,10,8,3,0
14526,United Kingdom,0.0,389,1,258.65,2010-11-15T13:32:00.000+03:00,13,11,2,0
12532,France,2.0,30,1,349.83,2011-11-09T13:47:00.000+03:00,13,11,4,0
12763,Japan,16.0,369,1,320.08,2010-12-05T15:46:00.000+03:00,15,12,1,0
18057,United Kingdom,0.0,393,3,1042.82,2010-11-11T16:55:00.000+03:00,16,11,5,0
12586,Italy,9.0,17,4,2062.67,2011-11-22T16:24:00.000+03:00,16,11,3,0
14295,United Kingdom,0.0,40,5,2129.51,2011-10-30T15:50:00.000+03:00,15,10,1,0
18159,United Kingdom,0.0,301,1,530.15,2011-02-11T14:26:00.000+03:00,14,2,6,1
15170,United Kingdom,0.0,406,1,81.15,2010-10-29T10:34:00.000+03:00,10,10,6,1
15075,United Kingdom,0.0,77,1,620.63,2011-09-23T12:27:00.000+03:00,12,9,6,1
16005,United Kingdom,0.0,12,10,2365.49,2011-11-27T13:47:00.000+03:00,13,11,1,0
17665,United Kingdom,0.0,493,1,260.7,2010-08-03T13:12:00.000+03:00,13,8,3,0
14336,United Kingdom,0.0,16,4,1320.91,2011-11-23T11:40:00.000+03:00,11,11,4,0
16608,United Kingdom,0.0,453,2,1166.4,2010-09-12T11:44:00.000+03:00,11,9,1,0
16267,United Kingdom,0.0,591,1,87.9,2010-04-27T14:10:00.000+03:00,14,4,3,0
14246,United Kingdom,0.0,110,3,1405.3,2011-08-21T11:50:00.000+03:00,11,8,1,0
12732,France,2.0,179,1,196.26,2011-06-13T11:33:00.000+03:00,11,6,2,0
12734,France,2.0,352,3,354.95,2010-12-22T12:47:00.000+03:00,12,12,4,0
15169,United Kingdom,0.0,382,2,528.42,2010-11-22T13:04:00.000+03:00,13,11,2,0
17776,United Kingdom,0.0,386,2,317.96,2010-11-18T12:14:00.000+03:00,12,11,5,0
13185,United Kingdom,0.0,267,1,71.4,2011-03-17T11:56:00.000+03:00,11,3,5,0
15868,United Kingdom,0.0,583,1,94.53,2010-05-05T14:11:00.000+03:00,14,5,4,0
15742,United Kingdom,0.0,619,1,156.87,2010-03-30T15:25:00.000+03:00,15,3,3,0
17825,United Kingdom,0.0,598,4,449.36,2010-04-20T12:01:00.000+03:00,12,4,3,0
12743,Unspecified,20.0,134,2,540.13,2011-07-28T16:21:00.000+03:00,16,7,5,0
15323,United Kingdom,0.0,562,3,434.6,2010-05-26T10:01:00.000+03:00,10,5,4,0
18148,United Kingdom,0.0,646,1,112.85,2010-03-03T11:40:00.000+03:00,11,3,4,0
13896,United Kingdom,0.0,625,1,388.55,2010-03-24T08:55:00.000+03:00,8,3,4,0
15112,United Kingdom,0.0,611,1,150.0,2010-04-07T14:17:00.000+03:00,14,4,4,0
18250,United Kingdom,0.0,310,1,325.87,2011-02-02T13:16:00.000+03:00,13,2,4,0
17281,United Kingdom,0.0,374,1,70.8,2010-11-30T18:05:00.000+03:00,18,11,3,0
13926,United Kingdom,0.0,23,1,223.85,2011-11-16T13:16:00.000+03:00,13,11,4,0
14632,United Kingdom,0.0,262,1,95.84,2011-03-22T08:49:00.000+03:00,8,3,3,0
15806,United Kingdom,0.0,46,3,671.22,2011-10-24T14:35:00.000+03:00,14,10,2,0
15407,United Kingdom,0.0,33,4,1015.54,2011-11-06T11:55:00.000+03:00,11,11,1,0
15337,United Kingdom,0.0,411,1,373.02,2010-10-24T15:29:00.000+03:00,15,10,1,0
14815,United Kingdom,0.0,36,2,737.22,2011-11-03T11:36:00.000+03:00,11,11,5,0
15787,United Kingdom,0.0,26,3,933.26,2011-11-13T14:55:00.000+03:00,14,11,1,0
16819,United Kingdom,0.0,465,2,137.95,2010-08-31T17:37:00.000+03:00,17,8,3,0
13373,United Kingdom,0.0,60,6,7070.65,2011-10-10T10:51:00.000+03:00,10,10,2,0
17518,United Kingdom,0.0,425,2,308.9,2010-10-10T12:40:00.000+03:00,12,10,1,0
13847,United Kingdom,0.0,719,1,310.72,2009-12-20T10:41:00.000+03:00,10,12,1,0
14681,United Kingdom,0.0,71,6,535.15,2011-09-29T15:52:00.000+03:00,15,9,5,0
14812,United Kingdom,0.0,598,1,178.85,2010-04-20T12:13:00.000+03:00,12,4,3,0
16252,United Kingdom,0.0,382,1,295.09,2010-11-22T11:57:00.000+03:00,11,11,2,0
18252,United Kingdom,0.0,50,7,1343.37,2011-10-20T12:43:00.000+03:00,12,10,5,0
14402,United Kingdom,0.0,652,1,105.6,2010-02-25T13:20:00.000+03:00,13,2,5,0
17182,United Kingdom,0.0,422,2,321.3,2010-10-13T10:09:00.000+03:00,10,10,4,0
16967,United Kingdom,0.0,189,1,305.1,2011-06-03T14:24:00.000+03:00,14,6,6,1
14369,United Kingdom,0.0,642,2,469.13,2010-03-07T15:47:00.000+03:00,15,3,1,0
15429,United Kingdom,0.0,26,2,360.03,2011-11-13T12:28:00.000+03:00,12,11,1,0
15116,United Kingdom,0.0,17,4,1147.43,2011-11-22T12:25:00.000+03:00,12,11,3,0
15688,United Kingdom,0.0,418,1,190.57,2010-10-17T12:06:00.000+03:00,12,10,1,0
14021,United Kingdom,0.0,155,7,1631.62,2011-07-07T15:46:00.000+03:00,15,7,5,0
14444,United Kingdom,0.0,456,1,78.96,2010-09-09T18:56:00.000+03:00,18,9,5,0
12403,Denmark,14.0,49,2,232.4,2011-10-21T10:51:00.000+03:00,10,10,6,1
14372,United Kingdom,0.0,443,2,860.08,2010-09-22T16:17:00.000+03:00,16,9,4,0
18066,United Kingdom,0.0,75,3,1440.4,2011-09-25T15:30:00.000+03:00,15,9,1,0
16315,United Kingdom,0.0,330,2,402.71,2011-01-13T11:57:00.000+03:00,11,1,5,0
18022,United Kingdom,0.0,35,5,1418.27,2011-11-04T12:45:00.000+03:00,12,11,6,1
15085,United Kingdom,0.0,729,1,347.54,2009-12-10T11:47:00.000+03:00,11,12,5,0
15295,United Kingdom,0.0,654,1,207.04,2010-02-23T13:03:00.000+03:00,13,2,3,0
18067,United Kingdom,0.0,40,1,396.33,2011-10-30T15:58:00.000+03:00,15,10,1,0
13484,United Kingdom,0.0,241,3,790.72,2011-04-12T16:30:00.000+03:00,16,4,3,0
17223,United Kingdom,0.0,310,3,558.04,2011-02-02T15:57:00.000+03:00,15,2,4,0
13935,United Kingdom,0.0,596,3,3104.32,2010-04-22T11:21:00.000+03:00,11,4,5,0
18179,United Kingdom,0.0,9,6,1762.87,2011-11-30T16:23:00.000+03:00,16,11,4,0
18026,United Kingdom,0.0,500,2,127.95,2010-07-27T10:37:00.000+03:00,10,7,3,0
16924,United Kingdom,0.0,21,3,829.89,2011-11-18T12:53:00.000+03:00,12,11,6,1
14862,United Kingdom,0.0,25,2,783.92,2011-11-14T10:01:00.000+03:00,10,11,2,0
12556,Spain,3.0,50,2,599.56,2011-10-20T13:06:00.000+03:00,13,10,5,0
16380,United Kingdom,0.0,61,1,142.79,2011-10-09T15:40:00.000+03:00,15,10,1,0
17298,United Kingdom,0.0,101,5,568.9,2011-08-30T16:43:00.000+03:00,16,8,3,0
15739,United Kingdom,0.0,66,1,77.6,2011-10-04T13:42:00.000+03:00,13,10,3,0
13929,United Kingdom,0.0,169,11,2067.7,2011-06-23T15:26:00.000+03:00,15,6,5,0
13314,United Kingdom,0.0,1,3,775.94,2011-12-08T12:29:00.000+03:00,12,12,5,0
12545,Spain,3.0,75,2,986.35,2011-09-25T13:39:00.000+03:00,13,9,1,0
15318,United Kingdom,0.0,3,1,284.9,2011-12-06T11:30:00.000+03:00,11,12,3,0
17793,United Kingdom,0.0,25,1,242.02,2011-11-14T14:24:00.000+03:00,14,11,2,0
15655,United Kingdom,0.0,243,1,560.67,2011-04-10T15:25:00.000+03:00,15,4,1,0
17216,United Kingdom,0.0,554,1,63.6,2010-06-03T13:03:00.000+03:00,13,6,5,0
13710,United Kingdom,0.0,31,3,356.4,2011-11-08T08:16:00.000+03:00,8,11,3,0
16528,United Kingdom,0.0,3,1,230.37,2011-12-06T12:45:00.000+03:00,12,12,3,0
15940,United Kingdom,0.0,311,1,35.8,2011-02-01T16:18:00.000+03:00,16,2,3,0
16795,United Kingdom,0.0,365,3,2062.41,2010-12-09T14:08:00.000+03:00,14,12,5,0
14153,United Kingdom,0.0,483,1,233.4,2010-08-13T14:35:00.000+03:00,14,8,6,1
13781,United Kingdom,0.0,250,3,778.83,2011-04-03T12:08:00.000+03:00,12,4,1,0
14575,United Kingdom,0.0,488,1,420.22,2010-08-08T14:51:00.000+03:00,14,8,1,0
17022,United Kingdom,0.0,31,2,260.0,2011-11-08T17:09:00.000+03:00,17,11,3,0
13763,United Kingdom,0.0,63,3,953.1,2011-10-07T15:13:00.000+03:00,15,10,6,1
14219,United Kingdom,0.0,4,3,633.83,2011-12-05T16:23:00.000+03:00,16,12,2,0
18104,United Kingdom,0.0,37,1,754.64,2011-11-02T14:07:00.000+03:00,14,11,4,0
13061,United Kingdom,0.0,72,1,248.61,2011-09-28T16:04:00.000+03:00,16,9,4,0
15292,United Kingdom,0.0,201,1,178.39,2011-05-22T15:00:00.000+03:00,15,5,1,0
17440,United Kingdom,0.0,247,2,22.62,2011-04-06T12:08:00.000+03:00,12,4,4,0
16028,United Kingdom,0.0,595,1,82.2,2010-04-23T11:45:00.000+03:00,11,4,6,1
16060,United Kingdom,0.0,400,3,541.95,2010-11-04T12:10:00.000+03:00,12,11,5,0
12922,United Kingdom,0.0,161,1,377.3,2011-07-01T15:35:00.000+03:00,15,7,6,1
14318,United Kingdom,0.0,460,1,144.1,2010-09-05T15:32:00.000+03:00,15,9,1,0
12692,France,2.0,637,1,110.95,2010-03-12T14:02:00.000+03:00,14,3,6,1
15084,United Kingdom,0.0,379,2,719.2,2010-11-25T11:58:00.000+03:00,11,11,5,0
16840,United Kingdom,0.0,603,2,139.85,2010-04-15T15:48:00.000+03:00,15,4,5,0
15074,United Kingdom,0.0,105,3,1286.97,2011-08-26T14:45:00.000+03:00,14,8,6,1
12564,France,2.0,261,1,456.9,2011-03-23T14:55:00.000+03:00,14,3,4,0
15209,United Kingdom,0.0,730,1,178.98,2009-12-09T17:26:00.000+03:00,17,12,4,0
14148,United Kingdom,0.0,233,2,466.29,2011-04-20T12:02:00.000+03:00,12,4,4,0
17056,United Kingdom,0.0,738,1,128.6,2009-12-01T12:55:00.000+03:00,12,12,3,0
12847,United Kingdom,0.0,22,2,1104.78,2011-11-17T13:16:00.000+03:00,13,11,5,0
12546,Spain,3.0,46,2,1149.98,2011-10-24T12:09:00.000+03:00,12,10,2,0
16892,United Kingdom,0.0,1,7,747.19,2011-12-08T13:18:00.000+03:00,13,12,5,0
14634,United Kingdom,0.0,437,3,1745.14,2010-09-28T10:40:00.000+03:00,10,9,3,0
15154,United Kingdom,0.0,75,3,1343.72,2011-09-25T16:05:00.000+03:00,16,9,1,0
13049,United Kingdom,0.0,64,4,841.84,2011-10-06T15:31:00.000+03:00,15,10,5,0
12686,France,2.0,371,1,89.14,2010-12-03T09:51:00.000+03:00,9,12,6,1
16860,United Kingdom,0.0,452,3,939.82,2010-09-13T10:05:00.000+03:00,10,9,2,0
14480,United Kingdom,0.0,11,4,1293.22,2011-11-28T16:35:00.000+03:00,16,11,2,0
13300,United Kingdom,0.0,169,3,1285.51,2011-06-23T13:09:00.000+03:00,13,6,5,0
15206,United Kingdom,0.0,10,4,420.3,2011-11-29T13:41:00.000+03:00,13,11,3,0
12795,Portugal,5.0,18,1,430.48,2011-11-21T10:27:00.000+03:00,10,11,2,0
17773,United Kingdom,0.0,514,2,575.37,2010-07-13T14:07:00.000+03:00,14,7,3,0
12561,Germany,1.0,302,1,238.85,2011-02-10T11:39:00.000+03:00,11,2,5,0
14089,United Kingdom,0.0,56,1,127.55,2011-10-14T10:38:00.000+03:00,10,10,6,1
17303,United Kingdom,0.0,361,1,250.04,2010-12-13T13:32:00.000+03:00,13,12,2,0
14674,United Kingdom,0.0,509,1,173.66,2010-07-18T14:25:00.000+03:00,14,7,1,0
13522,United Kingdom,0.0,30,1,125.8,2011-11-09T15:11:00.000+03:00,15,11,4,0
16090,United Kingdom,0.0,624,1,180.56,2010-03-25T13:05:00.000+03:00,13,3,5,0
17658,United Kingdom,0.0,25,2,268.22,2011-11-14T12:07:00.000+03:00,12,11,2,0
12372,Denmark,14.0,71,3,1119.84,2011-09-29T12:12:00.000+03:00,12,9,5,0
16459,United Kingdom,0.0,729,1,61.35,2009-12-10T12:42:00.000+03:00,12,12,5,0
15821,United Kingdom,0.0,44,2,570.96,2011-10-26T15:48:00.000+03:00,15,10,4,0
13810,Germany,1.0,28,3,1499.01,2011-11-11T08:33:00.000+03:00,8,11,6,1
17472,United Kingdom,0.0,191,4,922.35,2011-06-01T14:57:00.000+03:00,14,6,4,0
12549,USA,18.0,575,5,944.72,2010-05-13T12:05:00.000+03:00,12,5,5,0
17945,United Kingdom,0.0,696,3,360.35,2010-01-12T11:40:00.000+03:00,11,1,3,0
13466,United Kingdom,0.0,184,5,948.55,2011-06-08T16:39:00.000+03:00,16,6,4,0
18269,United Kingdom,0.0,366,1,168.6,2010-12-08T13:53:00.000+03:00,13,12,4,0
15362,United Kingdom,0.0,448,2,576.06,2010-09-17T10:37:00.000+03:00,10,9,6,1
14396,United Kingdom,0.0,65,7,1942.18,2011-10-05T16:09:00.000+03:00,16,10,4,0
15718,United Kingdom,0.0,540,1,293.79,2010-06-17T16:20:00.000+03:00,16,6,5,0
13997,United Kingdom,0.0,519,3,376.46,2010-07-08T18:06:00.000+03:00,18,7,5,0
15395,United Kingdom,0.0,325,1,107.45,2011-01-18T12:40:00.000+03:00,12,1,3,0
16445,United Kingdom,0.0,33,4,583.16,2011-11-06T12:32:00.000+03:00,12,11,1,0
13790,United Kingdom,0.0,4,1,236.84,2011-12-05T15:48:00.000+03:00,15,12,2,0
14488,United Kingdom,0.0,67,1,781.08,2011-10-03T09:30:00.000+03:00,9,10,2,0
14929,United Kingdom,0.0,32,2,749.33,2011-11-07T17:21:00.000+03:00,17,11,2,0
13367,United Kingdom,0.0,431,1,409.4,2010-10-04T10:00:00.000+03:00,10,10,2,0
14624,United Kingdom,0.0,57,6,785.03,2011-10-13T13:44:00.000+03:00,13,10,5,0
15682,United Kingdom,0.0,599,2,318.24,2010-04-19T15:30:00.000+03:00,15,4,2,0
17285,United Kingdom,0.0,628,2,407.94,2010-03-21T13:38:00.000+03:00,13,3,1,0
15769,United Kingdom,0.0,235,2,152.64,2011-04-18T14:00:00.000+03:00,14,4,2,0
14348,United Kingdom,0.0,260,1,409.57,2011-03-24T16:23:00.000+03:00,16,3,5,0
17439,United Kingdom,0.0,655,1,218.7,2010-02-22T12:48:00.000+03:00,12,2,2,0
12991,United Kingdom,0.0,23,3,722.32,2011-11-16T15:34:00.000+03:00,15,11,4,0
17956,United Kingdom,0.0,249,1,12.75,2011-04-04T13:47:00.000+03:00,13,4,2,0
15923,United Kingdom,0.0,372,1,96.2,2010-12-02T12:16:00.000+03:00,12,12,5,0
18063,United Kingdom,0.0,390,2,186.6,2010-11-14T10:46:00.000+03:00,10,11,1,0
14921,United Kingdom,0.0,30,2,1255.23,2011-11-09T13:17:00.000+03:00,13,11,4,0
13974,United Kingdom,0.0,49,2,677.72,2011-10-21T14:41:00.000+03:00,14,10,6,1
17292,United Kingdom,0.0,472,2,195.43,2010-08-24T17:14:00.000+03:00,17,8,3,0
14343,United Kingdom,0.0,421,4,1079.66,2010-10-14T13:05:00.000+03:00,13,10,5,0
16704,United Kingdom,0.0,618,2,664.16,2010-03-31T14:02:00.000+03:00,14,3,4,0
14477,United Kingdom,0.0,50,1,83.2,2011-10-20T12:21:00.000+03:00,12,10,5,0
15972,United Kingdom,0.0,456,5,1724.33,2010-09-09T13:20:00.000+03:00,13,9,5,0
17993,United Kingdom,0.0,617,1,225.99,2010-04-01T14:23:00.000+03:00,14,4,5,0
13346,United Kingdom,0.0,462,3,149.4,2010-09-03T11:41:00.000+03:00,11,9,6,1
15190,United Kingdom,0.0,434,1,735.68,2010-10-01T13:09:00.000+03:00,13,10,6,1
16778,United Kingdom,0.0,74,2,245.94,2011-09-26T13:48:00.000+03:00,13,9,2,0
18125,United Kingdom,0.0,29,4,1069.47,2011-11-10T12:29:00.000+03:00,12,11,5,0
16760,United Kingdom,0.0,430,1,228.0,2010-10-05T15:55:00.000+03:00,15,10,3,0
12719,France,2.0,5,2,644.95,2011-12-04T13:45:00.000+03:00,13,12,1,0
13609,United Kingdom,0.0,593,1,167.35,2010-04-25T13:26:00.000+03:00,13,4,1,0
17680,United Kingdom,0.0,23,3,497.45,2011-11-16T12:42:00.000+03:00,12,11,4,0
12653,Israel,24.0,148,3,2975.99,2011-07-14T10:41:00.000+03:00,10,7,5,0
13677,United Kingdom,0.0,404,2,551.24,2010-10-31T11:32:00.000+03:00,11,10,1,0
12430,Norway,13.0,43,1,256.4,2011-10-27T15:09:00.000+03:00,15,10,5,0
16968,United Kingdom,0.0,4,2,439.43,2011-12-05T15:02:00.000+03:00,15,12,2,0
17878,United Kingdom,0.0,43,3,1223.89,2011-10-27T11:24:00.000+03:00,11,10,5,0
17561,United Kingdom,0.0,19,4,687.9,2011-11-20T12:53:00.000+03:00,12,11,1,0
13774,United Kingdom,0.0,81,1,345.0,2011-09-19T12:06:00.000+03:00,12,9,2,0
15178,United Kingdom,0.0,260,1,40.5,2011-03-24T15:12:00.000+03:00,15,3,5,0
13103,United Kingdom,0.0,39,3,709.64,2011-10-31T09:38:00.000+03:00,9,10,2,0
15982,United Kingdom,0.0,605,1,324.51,2010-04-13T15:47:00.000+03:00,15,4,3,0
12959,United Kingdom,0.0,484,1,79.55,2010-08-12T17:20:00.000+03:00,17,8,5,0
16435,United Kingdom,0.0,512,3,943.67,2010-07-15T18:22:00.000+03:00,18,7,5,0
12998,United Kingdom,0.0,492,3,707.12,2010-08-04T08:05:00.000+03:00,8,8,4,0
14366,United Kingdom,0.0,525,1,136.0,2010-07-02T17:23:00.000+03:00,17,7,6,1
13762,United Kingdom,0.0,218,3,364.8,2011-05-05T09:15:00.000+03:00,9,5,5,0
17093,United Kingdom,0.0,592,1,235.88,2010-04-26T10:22:00.000+03:00,10,4,2,0
13688,United Kingdom,0.0,635,1,190.5,2010-03-14T14:11:00.000+03:00,14,3,1,0
13514,United Kingdom,0.0,73,4,695.3,2011-09-27T09:39:00.000+03:00,9,9,3,0
14387,United Kingdom,0.0,32,3,1727.6,2011-11-07T12:29:00.000+03:00,12,11,2,0
15942,United Kingdom,0.0,133,1,292.44,2011-07-29T09:01:00.000+03:00,9,7,6,1
15239,United Kingdom,0.0,10,2,766.67,2011-11-29T14:14:00.000+03:00,14,11,3,0
13076,United Kingdom,0.0,457,1,135.4,2010-09-08T10:27:00.000+03:00,10,9,4,0
13503,United Kingdom,0.0,71,6,1859.24,2011-09-29T13:23:00.000+03:00,13,9,5,0
15478,United Kingdom,0.0,40,3,1556.5,2011-10-30T14:19:00.000+03:00,14,10,1,0
18083,United Kingdom,0.0,397,1,414.69,2010-11-07T11:44:00.000+03:00,11,11,1,0
15278,United Kingdom,0.0,561,4,404.36,2010-05-27T10:03:00.000+03:00,10,5,5,0
13674,United Kingdom,0.0,432,1,240.68,2010-10-03T10:41:00.000+03:00,10,10,1,0
13325,United Kingdom,0.0,81,1,471.3,2011-09-19T10:36:00.000+03:00,10,9,2,0
17543,United Kingdom,0.0,549,1,120.05,2010-06-08T12:41:00.000+03:00,12,6,3,0
16417,United Kingdom,0.0,492,1,35.7,2010-08-04T09:08:00.000+03:00,9,8,4,0
16402,United Kingdom,0.0,264,2,241.25,2011-03-20T12:25:00.000+03:00,12,3,1,0
12881,United Kingdom,0.0,275,1,298.0,2011-03-09T11:44:00.000+03:00,11,3,4,0
12666,Israel,24.0,394,1,909.92,2010-11-10T16:40:00.000+03:00,16,11,4,0
13011,United Kingdom,0.0,372,1,50.55,2010-12-02T17:22:00.000+03:00,17,12,5,0
14582,United Kingdom,0.0,40,1,114.11,2011-10-30T11:56:00.000+03:00,11,10,1,0
13730,United Kingdom,0.0,135,2,729.2,2011-07-27T08:35:00.000+03:00,8,7,4,0
15081,United Kingdom,0.0,22,12,1854.57,2011-11-17T17:08:00.000+03:00,17,11,5,0
15881,United Kingdom,0.0,312,4,234.09,2011-01-31T16:59:00.000+03:00,16,1,2,0
17940,United Kingdom,0.0,245,2,1917.21,2011-04-08T14:27:00.000+03:00,14,4,6,1
12496,Spain,3.0,620,2,45.34,2010-03-29T14:06:00.000+03:00,14,3,2,0
14237,United Kingdom,0.0,373,2,452.9,2010-12-01T13:20:00.000+03:00,13,12,4,0
16522,United Kingdom,0.0,435,2,406.0,2010-09-30T10:54:00.000+03:00,10,9,5,0
15703,United Kingdom,0.0,264,1,211.5,2011-03-20T10:51:00.000+03:00,10,3,1,0
17158,United Kingdom,0.0,32,5,1890.0,2011-11-07T15:15:00.000+03:00,15,11,2,0
18186,United Kingdom,0.0,722,1,210.3,2009-12-17T10:22:00.000+03:00,10,12,5,0
12391,Cyprus,17.0,21,5,2567.76,2011-11-18T12:07:00.000+03:00,12,11,6,1
13501,Switzerland,7.0,288,3,2528.17,2011-02-24T18:59:00.000+03:00,18,2,5,0
14670,United Kingdom,0.0,280,3,583.33,2011-03-04T14:13:00.000+03:00,14,3,6,1
14222,United Kingdom,0.0,177,1,586.45,2011-06-15T16:42:00.000+03:00,16,6,4,0
12587,Finland,11.0,7,1,144.0,2011-12-02T12:47:00.000+03:00,12,12,6,1
15933,United Kingdom,0.0,21,3,1060.9,2011-11-18T13:14:00.000+03:00,13,11,6,1
15017,United Kingdom,0.0,33,1,125.58,2011-11-06T10:33:00.000+03:00,10,11,1,0
15591,United Kingdom,0.0,582,3,217.9,2010-05-06T09:23:00.000+03:00,9,5,5,0
15131,United Kingdom,0.0,394,1,69.84,2010-11-10T12:07:00.000+03:00,12,11,4,0
16887,United Kingdom,0.0,35,3,658.17,2011-11-04T14:07:00.000+03:00,14,11,6,1
13695,United Kingdom,0.0,31,14,1780.93,2011-11-08T14:26:00.000+03:00,14,11,3,0
15355,United Kingdom,0.0,29,2,277.05,2011-11-10T13:44:00.000+03:00,13,11,5,0
13164,United Kingdom,0.0,569,2,291.4,2010-05-19T13:52:00.000+03:00,13,5,4,0
17885,United Kingdom,0.0,12,1,156.34,2011-11-27T14:40:00.000+03:00,14,11,1,0
14256,United Kingdom,0.0,260,5,2460.79,2011-03-24T13:17:00.000+03:00,13,3,5,0
15848,United Kingdom,0.0,621,1,137.99,2010-03-28T10:54:00.000+03:00,10,3,1,0
12696,Finland,11.0,434,2,851.91,2010-10-01T10:43:00.000+03:00,10,10,6,1
14775,United Kingdom,0.0,58,3,879.42,2011-10-12T15:27:00.000+03:00,15,10,4,0
17245,United Kingdom,0.0,204,2,292.79,2011-05-19T10:43:00.000+03:00,10,5,5,0
12582,Finland,11.0,238,4,1901.44,2011-04-15T08:45:00.000+03:00,8,4,6,1
15724,United Kingdom,0.0,201,3,310.85,2011-05-22T14:40:00.000+03:00,14,5,1,0
16516,United Kingdom,0.0,30,1,101.7,2011-11-09T14:59:00.000+03:00,14,11,4,0
17005,United Kingdom,0.0,470,2,242.2,2010-08-26T10:57:00.000+03:00,10,8,5,0
14357,United Kingdom,0.0,43,1,225.12,2011-10-27T16:23:00.000+03:00,16,10,5,0
13146,United Kingdom,0.0,26,1,228.91,2011-11-13T15:29:00.000+03:00,15,11,1,0
16763,United Kingdom,0.0,198,2,941.3,2011-05-25T11:52:00.000+03:00,11,5,4,0
13399,United Kingdom,0.0,464,3,275.4,2010-09-01T13:59:00.000+03:00,13,9,4,0
18138,United Kingdom,0.0,295,1,152.65,2011-02-17T14:51:00.000+03:00,14,2,5,0
15004,United Kingdom,0.0,147,1,1183.45,2011-07-15T14:05:00.000+03:00,14,7,6,1
18103,United Kingdom,0.0,549,1,105.8,2010-06-08T13:36:00.000+03:00,13,6,3,0
14469,United Kingdom,0.0,416,4,1823.5,2010-10-19T14:30:00.000+03:00,14,10,3,0
14230,United Kingdom,0.0,435,3,979.8,2010-09-30T09:07:00.000+03:00,9,9,5,0
14406,United Kingdom,0.0,119,1,126.15,2011-08-12T16:54:00.000+03:00,16,8,6,1
13480,United Kingdom,0.0,416,2,613.9,2010-10-19T11:53:00.000+03:00,11,10,3,0
17908,United Kingdom,0.0,373,5,1129.03,2010-12-01T11:45:00.000+03:00,11,12,4,0
13127,United Kingdom,0.0,77,1,259.17,2011-09-23T10:26:00.000+03:00,10,9,6,1
14271,United Kingdom,0.0,225,2,214.18,2011-04-28T12:47:00.000+03:00,12,4,5,0
13420,United Kingdom,0.0,149,2,159.85,2011-07-13T08:48:00.000+03:00,8,7,4,0
17482,United Kingdom,0.0,487,2,775.64,2010-08-09T15:33:00.000+03:00,15,8,2,0
14022,United Kingdom,0.0,225,2,748.95,2011-04-28T14:39:00.000+03:00,14,4,5,0
15130,United Kingdom,0.0,169,1,330.11,2011-06-23T10:15:00.000+03:00,10,6,5,0
18244,United Kingdom,0.0,430,1,265.84,2010-10-05T11:15:00.000+03:00,11,10,3,0
17866,United Kingdom,0.0,142,3,667.45,2011-07-20T11:07:00.000+03:00,11,7,4,0
18115,United Kingdom,0.0,697,1,9.7,2010-01-11T11:57:00.000+03:00,11,1,2,0
16974,United Kingdom,0.0,522,2,365.5,2010-07-05T10:18:00.000+03:00,10,7,2,0
15994,United Kingdom,0.0,54,3,1130.68,2011-10-16T12:28:00.000+03:00,12,10,1,0
16207,United Kingdom,0.0,25,1,394.38,2011-11-14T13:51:00.000+03:00,13,11,2,0
15786,United Kingdom,0.0,46,5,8236.3,2011-10-24T14:13:00.000+03:00,14,10,2,0
13376,United Kingdom,0.0,99,3,1019.76,2011-09-01T16:16:00.000+03:00,16,9,5,0
16890,United Kingdom,0.0,582,1,108.29,2010-05-06T16:27:00.000+03:00,16,5,5,0
15798,United Kingdom,0.0,492,3,1535.37,2010-08-04T09:13:00.000+03:00,9,8,4,0
18218,United Kingdom,0.0,211,4,575.96,2011-05-12T12:53:00.000+03:00,12,5,5,0
15935,United Kingdom,0.0,239,2,416.86,2011-04-14T13:27:00.000+03:00,13,4,5,0
16374,United Kingdom,0.0,66,5,1723.4,2011-10-04T15:21:00.000+03:00,15,10,3,0
15959,United Kingdom,0.0,682,3,521.89,2010-01-26T16:38:00.000+03:00,16,1,3,0
13706,United Kingdom,0.0,302,2,631.17,2011-02-10T09:21:00.000+03:00,9,2,5,0
13307,United Kingdom,0.0,120,2,242.74,2011-08-11T17:14:00.000+03:00,17,8,5,0
16908,United Kingdom,0.0,722,1,252.59,2009-12-17T13:35:00.000+03:00,13,12,5,0
15512,United Kingdom,0.0,155,3,261.38,2011-07-07T10:20:00.000+03:00,10,7,5,0
13795,United Kingdom,0.0,388,4,330.6,2010-11-16T17:25:00.000+03:00,17,11,3,0
14101,United Kingdom,0.0,294,5,538.81,2011-02-18T12:31:00.000+03:00,12,2,6,1
18265,United Kingdom,0.0,72,2,801.51,2011-09-28T14:10:00.000+03:00,14,9,4,0
12756,Japan,16.0,86,1,50.88,2011-09-14T09:31:00.000+03:00,9,9,4,0
16074,United Kingdom,0.0,390,1,252.5,2010-11-14T13:19:00.000+03:00,13,11,1,0
13258,United Kingdom,0.0,11,5,706.63,2011-11-28T09:31:00.000+03:00,9,11,2,0
16464,United Kingdom,0.0,19,3,1240.7,2011-11-20T12:11:00.000+03:00,12,11,1,0
16947,United Kingdom,0.0,235,4,855.61,2011-04-18T09:38:00.000+03:00,9,4,2,0
15809,United Kingdom,0.0,36,7,1152.04,2011-11-03T16:40:00.000+03:00,16,11,5,0
14027,United Kingdom,0.0,60,1,104.82,2011-10-10T09:01:00.000+03:00,9,10,2,0
14799,United Kingdom,0.0,51,2,288.47,2011-10-19T16:16:00.000+03:00,16,10,4,0
17037,United Kingdom,0.0,87,1,1267.32,2011-09-13T12:49:00.000+03:00,12,9,3,0
15684,United Kingdom,0.0,547,3,173.95,2010-06-10T18:51:00.000+03:00,18,6,5,0
14583,United Kingdom,0.0,5,8,1627.23,2011-12-04T12:32:00.000+03:00,12,12,1,0
13034,United Kingdom,0.0,54,3,756.82,2011-10-16T12:21:00.000+03:00,12,10,1,0
12650,France,2.0,3,1,314.44,2011-12-06T16:34:00.000+03:00,16,12,3,0
15468,United Kingdom,0.0,51,3,1288.04,2011-10-19T13:49:00.000+03:00,13,10,4,0
17208,United Kingdom,0.0,395,1,111.15,2010-11-09T12:50:00.000+03:00,12,11,3,0
15436,United Kingdom,0.0,12,3,1067.75,2011-11-27T16:05:00.000+03:00,16,11,1,0
12505,Italy,9.0,408,1,955.2,2010-10-27T09:18:00.000+03:00,9,10,4,0
14945,United Kingdom,0.0,413,1,179.4,2010-10-22T11:26:00.000+03:00,11,10,6,1
16442,United Kingdom,0.0,1,5,870.98,2011-12-08T11:43:00.000+03:00,11,12,5,0
16382,United Kingdom,0.0,408,2,332.1,2010-10-27T16:23:00.000+03:00,16,10,4,0
15567,United Kingdom,0.0,18,1,74.65,2011-11-21T10:48:00.000+03:00,10,11,2,0
18251,United Kingdom,0.0,717,1,90.0,2009-12-22T12:01:00.000+03:00,12,12,3,0
14082,United Kingdom,0.0,364,2,366.56,2010-12-10T11:02:00.000+03:00,11,12,6,1
15308,United Kingdom,0.0,274,1,296.55,2011-03-10T13:08:00.000+03:00,13,3,5,0
13224,United Kingdom,0.0,60,2,1892.92,2011-10-10T14:55:00.000+03:00,14,10,2,0
13721,United Kingdom,0.0,36,2,741.54,2011-11-03T14:05:00.000+03:00,14,11,5,0
17283,United Kingdom,0.0,378,1,156.96,2010-11-26T11:53:00.000+03:00,11,11,6,1
15440,United Kingdom,0.0,54,3,383.68,2011-10-16T12:16:00.000+03:00,12,10,1,0
13876,United Kingdom,0.0,63,1,122.7,2011-10-07T10:22:00.000+03:00,10,10,6,1
16579,United Kingdom,0.0,425,1,295.05,2010-10-10T11:58:00.000+03:00,11,10,1,0
15840,United Kingdom,0.0,58,2,334.8,2011-10-12T09:08:00.000+03:00,9,10,4,0
13109,United Kingdom,0.0,59,3,1117.11,2011-10-11T10:16:00.000+03:00,10,10,3,0
17328,United Kingdom,0.0,673,1,29.7,2010-02-04T17:11:00.000+03:00,17,2,5,0
14695,United Kingdom,0.0,519,3,1277.14,2010-07-08T14:18:00.000+03:00,14,7,5,0
12831,United Kingdom,0.0,262,3,366.15,2011-03-22T13:02:00.000+03:00,13,3,3,0
16392,United Kingdom,0.0,269,3,756.7,2011-03-15T12:11:00.000+03:00,12,3,3,0
14169,United Kingdom,0.0,430,2,621.51,2010-10-05T08:45:00.000+03:00,8,10,3,0
16780,United Kingdom,0.0,100,3,596.4,2011-08-31T16:09:00.000+03:00,16,8,4,0
15924,United Kingdom,0.0,731,1,87.7,2009-12-08T15:00:00.000+03:00,15,12,3,0
17985,United Kingdom,0.0,22,1,622.35,2011-11-17T14:24:00.000+03:00,14,11,5,0
16159,United Kingdom,0.0,281,4,1165.74,2011-03-03T12:27:00.000+03:00,12,3,5,0
16957,United Kingdom,0.0,239,2,416.64,2011-04-14T13:56:00.000+03:00,13,4,5,0
17647,United Kingdom,0.0,65,3,331.66,2011-10-05T15:38:00.000+03:00,15,10,4,0
13912,United Kingdom,0.0,423,1,124.95,2010-10-12T08:43:00.000+03:00,8,10,3,0
16134,United Kingdom,0.0,21,5,2053.18,2011-11-18T10:05:00.000+03:00,10,11,6,1
12996,United Kingdom,0.0,375,1,355.5,2010-11-29T09:27:00.000+03:00,9,11,2,0
15728,United Kingdom,0.0,379,2,544.6,2010-11-25T10:39:00.000+03:00,10,11,5,0
13322,United Kingdom,0.0,17,1,199.48,2011-11-22T14:21:00.000+03:00,14,11,3,0
15995,United Kingdom,0.0,414,1,628.54,2010-10-21T13:57:00.000+03:00,13,10,5,0
17575,United Kingdom,0.0,667,1,141.1,2010-02-10T13:48:00.000+03:00,13,2,4,0
15698,United Kingdom,0.0,624,1,15.0,2010-03-25T17:38:00.000+03:00,17,3,5,0
17527,United Kingdom,0.0,53,4,939.37,2011-10-17T12:32:00.000+03:00,12,10,2,0
16540,United Kingdom,0.0,414,1,205.75,2010-10-21T17:22:00.000+03:00,17,10,5,0
15851,United Kingdom,0.0,526,1,109.73,2010-07-01T12:34:00.000+03:00,12,7,5,0
17835,United Kingdom,0.0,2,3,295.44,2011-12-07T11:48:00.000+03:00,11,12,4,0
17808,United Kingdom,0.0,548,3,249.2,2010-06-09T10:44:00.000+03:00,10,6,4,0
17096,United Kingdom,0.0,15,11,3498.14,2011-11-24T15:01:00.000+03:00,15,11,5,0
16476,United Kingdom,0.0,431,1,350.35,2010-10-04T10:29:00.000+03:00,10,10,2,0
15540,United Kingdom,0.0,11,2,425.04,2011-11-28T13:51:00.000+03:00,13,11,2,0
14951,United Kingdom,0.0,79,1,297.77,2011-09-21T15:15:00.000+03:00,15,9,4,0
15937,United Kingdom,0.0,64,1,145.35,2011-10-06T15:48:00.000+03:00,15,10,5,0
12593,France,2.0,108,3,418.1,2011-08-23T12:43:00.000+03:00,12,8,3,0
17475,United Kingdom,0.0,79,1,194.37,2011-09-21T14:55:00.000+03:00,14,9,4,0
16758,United Kingdom,0.0,65,1,270.16,2011-10-05T14:47:00.000+03:00,14,10,4,0
15773,United Kingdom,0.0,5,2,267.64,2011-12-04T12:48:00.000+03:00,12,12,1,0
17408,United Kingdom,0.0,163,3,146.65,2011-06-29T12:53:00.000+03:00,12,6,4,0
14537,United Kingdom,0.0,57,2,641.4,2011-10-13T10:54:00.000+03:00,10,10,5,0
12809,Portugal,5.0,177,3,1755.94,2011-06-15T10:51:00.000+03:00,10,6,4,0
15102,United Kingdom,0.0,530,2,513.71,2010-06-27T12:16:00.000+03:00,12,6,1,0
15500,United Kingdom,0.0,8,4,1096.28,2011-12-01T13:47:00.000+03:00,13,12,5,0
12902,United Kingdom,0.0,264,1,138.68,2011-03-20T12:06:00.000+03:00,12,3,1,0
16850,United Kingdom,0.0,333,1,317.29,2011-01-10T11:09:00.000+03:00,11,1,2,0
13339,United Kingdom,0.0,200,1,860.12,2011-05-23T08:31:00.000+03:00,8,5,2,0
16640,United Kingdom,0.0,397,1,179.4,2010-11-07T10:48:00.000+03:00,10,11,1,0
15231,United Kingdom,0.0,621,1,230.1,2010-03-28T15:12:00.000+03:00,15,3,1,0
15223,United Kingdom,0.0,225,5,1417.95,2011-04-28T11:31:00.000+03:00,11,4,5,0
13142,United Kingdom,0.0,19,1,245.77,2011-11-20T16:07:00.000+03:00,16,11,1,0
17915,United Kingdom,0.0,551,1,190.5,2010-06-06T13:22:00.000+03:00,13,6,1,0
13223,United Kingdom,0.0,200,2,77.4,2011-05-23T13:03:00.000+03:00,13,5,2,0
13670,United Kingdom,0.0,75,1,349.7,2011-09-25T15:25:00.000+03:00,15,9,1,0
15676,United Kingdom,0.0,18,3,3337.72,2011-11-21T12:40:00.000+03:00,12,11,2,0
17947,United Kingdom,0.0,37,1,136.68,2011-11-02T13:05:00.000+03:00,13,11,4,0
12445,Spain,3.0,22,2,434.98,2011-11-17T18:43:00.000+03:00,18,11,5,0
18149,United Kingdom,0.0,50,7,1216.18,2011-10-20T12:04:00.000+03:00,12,10,5,0
18048,United Kingdom,0.0,203,3,318.61,2011-05-20T14:58:00.000+03:00,14,5,6,1
14137,United Kingdom,0.0,695,1,120.6,2010-01-13T12:30:00.000+03:00,12,1,4,0
13467,United Kingdom,0.0,10,2,1071.91,2011-11-29T10:01:00.000+03:00,10,11,3,0
16970,United Kingdom,0.0,626,1,71.4,2010-03-23T13:50:00.000+03:00,13,3,3,0
17779,United Kingdom,0.0,21,3,642.76,2011-11-18T14:15:00.000+03:00,14,11,6,1
14489,United Kingdom,0.0,207,4,1545.05,2011-05-16T14:51:00.000+03:00,14,5,2,0
13996,United Kingdom,0.0,386,2,788.48,2010-11-18T16:27:00.000+03:00,16,11,5,0
18216,United Kingdom,0.0,31,1,481.75,2011-11-08T16:55:00.000+03:00,16,11,3,0
17302,United Kingdom,0.0,14,5,1135.63,2011-11-25T09:36:00.000+03:00,9,11,6,1
12883,United Kingdom,0.0,24,4,703.47,2011-11-15T09:32:00.000+03:00,9,11,3,0
15175,United Kingdom,0.0,71,1,212.5,2011-09-29T11:31:00.000+03:00,11,9,5,0
13375,United Kingdom,0.0,88,2,1185.03,2011-09-12T10:19:00.000+03:00,10,9,2,0
17479,United Kingdom,0.0,632,1,389.26,2010-03-17T09:26:00.000+03:00,9,3,4,0
14196,United Kingdom,0.0,106,1,90.72,2011-08-25T10:25:00.000+03:00,10,8,5,0
18053,United Kingdom,0.0,70,3,571.07,2011-09-30T09:05:00.000+03:00,9,9,6,1
14011,United Kingdom,0.0,480,2,365.66,2010-08-16T15:31:00.000+03:00,15,8,2,0
14830,United Kingdom,0.0,53,1,188.88,2011-10-17T14:29:00.000+03:00,14,10,2,0
16922,United Kingdom,0.0,572,1,611.08,2010-05-16T11:24:00.000+03:00,11,5,1,0
12452,Switzerland,7.0,16,2,430.57,2011-11-23T10:28:00.000+03:00,10,11,4,0
15793,United Kingdom,0.0,14,7,341.97,2011-11-25T09:31:00.000+03:00,9,11,6,1
12411,Australia,10.0,409,1,346.9,2010-10-26T09:25:00.000+03:00,9,10,3,0
12918,United Kingdom,0.0,626,1,10953.5,2010-03-23T15:22:00.000+03:00,15,3,3,0
13860,United Kingdom,0.0,1,5,1236.78,2011-12-08T12:57:00.000+03:00,12,12,5,0
17904,United Kingdom,0.0,21,1,181.07,2011-11-18T12:57:00.000+03:00,12,11,6,1
15463,United Kingdom,0.0,29,1,119.3,2011-11-10T12:57:00.000+03:00,12,11,5,0
16399,United Kingdom,0.0,19,3,596.14,2011-11-20T16:12:00.000+03:00,16,11,1,0
16413,United Kingdom,0.0,56,2,522.03,2011-10-14T12:08:00.000+03:00,12,10,6,1
15335,United Kingdom,0.0,53,1,170.22,2011-10-17T12:50:00.000+03:00,12,10,2,0
15135,United Kingdom,0.0,239,2,305.68,2011-04-14T19:16:00.000+03:00,19,4,5,0
16299,United Kingdom,0.0,477,1,193.65,2010-08-19T17:46:00.000+03:00,17,8,5,0
14288,United Kingdom,0.0,213,1,357.0,2011-05-10T13:22:00.000+03:00,13,5,3,0
18196,United Kingdom,0.0,95,4,1450.89,2011-09-05T16:22:00.000+03:00,16,9,2,0
15788,United Kingdom,0.0,508,1,221.83,2010-07-19T12:48:00.000+03:00,12,7,2,0
14818,United Kingdom,0.0,73,6,1003.56,2011-09-27T11:01:00.000+03:00,11,9,3,0
14765,United Kingdom,0.0,29,3,233.11,2011-11-10T19:53:00.000+03:00,19,11,5,0
15225,United Kingdom,0.0,234,1,409.4,2011-04-19T14:51:00.000+03:00,14,4,3,0
13927,United Kingdom,0.0,74,2,667.94,2011-09-26T12:00:00.000+03:00,12,9,2,0
15560,United Kingdom,0.0,397,2,153.52,2010-11-07T10:15:00.000+03:00,10,11,1,0
15635,United Kingdom,0.0,395,1,100.35,2010-11-09T08:58:00.000+03:00,8,11,3,0
17788,United Kingdom,0.0,129,1,16.7,2011-08-02T10:38:00.000+03:00,10,8,3,0
14140,United Kingdom,0.0,3,2,925.93,2011-12-06T09:05:00.000+03:00,9,12,3,0
18192,United Kingdom,0.0,71,1,855.97,2011-09-29T09:53:00.000+03:00,9,9,5,0
12542,Spain,3.0,484,2,441.56,2010-08-12T19:12:00.000+03:00,19,8,5,0
16036,United Kingdom,0.0,87,4,2413.56,2011-09-13T14:53:00.000+03:00,14,9,3,0
18004,United Kingdom,0.0,362,1,157.92,2010-12-12T13:47:00.000+03:00,13,12,1,0
15636,United Kingdom,0.0,89,4,1444.58,2011-09-11T11:17:00.000+03:00,11,9,1,0
14042,United Kingdom,0.0,725,1,431.98,2009-12-14T15:07:00.000+03:00,15,12,2,0
15720,United Kingdom,0.0,24,2,727.52,2011-11-15T14:48:00.000+03:00,14,11,3,0
12797,Portugal,5.0,365,2,552.08,2010-12-09T10:55:00.000+03:00,10,12,5,0
17918,United Kingdom,0.0,500,3,274.23,2010-07-27T11:51:00.000+03:00,11,7,3,0
12423,Denmark,14.0,465,1,298.8,2010-08-31T09:31:00.000+03:00,9,8,3,0
12833,United Kingdom,0.0,145,1,417.38,2011-07-17T13:46:00.000+03:00,13,7,1,0
15908,United Kingdom,0.0,490,2,748.54,2010-08-06T11:56:00.000+03:00,11,8,6,1
17570,United Kingdom,0.0,381,1,100.0,2010-11-23T11:56:00.000+03:00,11,11,3,0
16842,United Kingdom,0.0,100,3,1264.19,2011-08-31T10:42:00.000+03:00,10,8,4,0
13475,United Kingdom,0.0,191,4,1355.46,2011-06-01T13:52:00.000+03:00,13,6,4,0
12814,Poland,19.0,101,1,40.0,2011-08-30T12:11:00.000+03:00,12,8,3,0
14126,United Kingdom,0.0,10,2,656.28,2011-11-29T12:21:00.000+03:00,12,11,3,0
16355,United Kingdom,0.0,375,1,349.15,2010-11-29T14:21:00.000+03:00,14,11,2,0
14455,United Kingdom,0.0,432,4,525.08,2010-10-03T15:48:00.000+03:00,15,10,1,0
13719,United Kingdom,0.0,15,11,2657.44,2011-11-24T15:26:00.000+03:00,15,11,5,0
13221,United Kingdom,0.0,240,2,847.41,2011-04-13T16:58:00.000+03:00,16,4,4,0
16903,United Kingdom,0.0,29,3,1041.75,2011-11-10T15:32:00.000+03:00,15,11,5,0
13646,United Kingdom,0.0,399,2,326.25,2010-11-05T12:13:00.000+03:00,12,11,6,1
17727,United Kingdom,0.0,15,1,1060.25,2011-11-24T17:06:00.000+03:00,17,11,5,0
12419,Spain,3.0,385,2,503.01,2010-11-19T10:04:00.000+03:00,10,11,6,1
12620,France,2.0,14,3,1185.89,2011-11-25T10:20:00.000+03:00,10,11,6,1
14170,United Kingdom,0.0,375,3,570.18,2010-11-29T13:10:00.000+03:00,13,11,2,0
13234,United Kingdom,0.0,672,2,346.5,2010-02-05T11:41:00.000+03:00,11,2,6,1
15056,United Kingdom,0.0,520,1,113.65,2010-07-07T15:58:00.000+03:00,15,7,4,0
14948,United Kingdom,0.0,23,6,1075.41,2011-11-16T17:16:00.000+03:00,17,11,4,0
16130,United Kingdom,0.0,422,4,987.48,2010-10-13T15:14:00.000+03:00,15,10,4,0
15772,United Kingdom,0.0,418,1,280.88,2010-10-17T13:33:00.000+03:00,13,10,1,0
14438,United Kingdom,0.0,306,1,131.9,2011-02-06T14:56:00.000+03:00,14,2,1,0
14378,United Kingdom,0.0,621,1,131.25,2010-03-28T12:22:00.000+03:00,12,3,1,0
17094,United Kingdom,0.0,322,2,402.2,2011-01-21T13:09:00.000+03:00,13,1,6,1
15888,United Kingdom,0.0,80,3,429.16,2011-09-20T12:30:00.000+03:00,12,9,3,0
15989,United Kingdom,0.0,375,2,368.31,2010-11-29T12:03:00.000+03:00,12,11,2,0
13712,United Kingdom,0.0,246,2,353.74,2011-04-07T12:33:00.000+03:00,12,4,5,0
16627,United Kingdom,0.0,79,1,304.08,2011-09-21T14:38:00.000+03:00,14,9,4,0
17194,United Kingdom,0.0,273,3,642.1,2011-03-11T12:05:00.000+03:00,12,3,6,1
13928,United Kingdom,0.0,10,4,464.57,2011-11-29T10:33:00.000+03:00,10,11,3,0
16578,United Kingdom,0.0,626,1,156.6,2010-03-23T15:11:00.000+03:00,15,3,3,0
13321,United Kingdom,0.0,86,1,259.04,2011-09-14T15:18:00.000+03:00,15,9,4,0
13229,United Kingdom,0.0,225,1,160.95,2011-04-28T12:07:00.000+03:00,12,4,5,0
17354,United Kingdom,0.0,50,3,463.91,2011-10-20T10:34:00.000+03:00,10,10,5,0
12887,United Kingdom,0.0,383,1,222.4,2010-11-21T11:18:00.000+03:00,11,11,1,0
13472,United Kingdom,0.0,463,2,592.24,2010-09-02T09:41:00.000+03:00,9,9,5,0
14261,United Kingdom,0.0,50,2,1055.29,2011-10-20T10:04:00.000+03:00,10,10,5,0
16317,United Kingdom,0.0,119,5,2102.39,2011-08-12T12:46:00.000+03:00,12,8,6,1
16025,United Kingdom,0.0,29,1,439.66,2011-11-10T11:45:00.000+03:00,11,11,5,0
14382,United Kingdom,0.0,26,2,1027.55,2011-11-13T16:18:00.000+03:00,16,11,1,0
12858,United Kingdom,0.0,383,1,147.27,2010-11-21T12:55:00.000+03:00,12,11,1,0
12750,Poland,19.0,128,1,275.88,2011-08-03T09:13:00.000+03:00,9,8,4,0
16675,United Kingdom,0.0,441,2,364.06,2010-09-24T12:15:00.000+03:00,12,9,6,1
17232,United Kingdom,0.0,2,2,417.77,2011-12-07T12:21:00.000+03:00,12,12,4,0
13872,United Kingdom,0.0,527,3,919.57,2010-06-30T15:35:00.000+03:00,15,6,4,0
16408,United Kingdom,0.0,591,1,231.93,2010-04-27T14:08:00.000+03:00,14,4,3,0
16753,United Kingdom,0.0,58,1,223.92,2011-10-12T13:14:00.000+03:00,13,10,4,0
13349,United Kingdom,0.0,10,1,247.32,2011-11-29T08:07:00.000+03:00,8,11,3,0
13723,United Kingdom,0.0,217,6,1043.72,2011-05-06T17:04:00.000+03:00,17,5,6,1
17461,United Kingdom,0.0,22,3,692.56,2011-11-17T10:21:00.000+03:00,10,11,5,0
14200,United Kingdom,0.0,617,1,379.2,2010-04-01T13:01:00.000+03:00,13,4,5,0
13639,United Kingdom,0.0,74,2,959.27,2011-09-26T13:36:00.000+03:00,13,9,2,0
13714,United Kingdom,0.0,465,1,161.35,2010-08-31T13:57:00.000+03:00,13,8,3,0
15076,United Kingdom,0.0,172,3,1447.74,2011-06-20T08:23:00.000+03:00,8,6,2,0
15963,United Kingdom,0.0,19,2,470.76,2011-11-20T11:33:00.000+03:00,11,11,1,0
13746,United Kingdom,0.0,413,1,176.69,2010-10-22T11:55:00.000+03:00,11,10,6,1
13641,United Kingdom,0.0,640,5,745.87,2010-03-09T07:37:00.000+03:00,7,3,3,0
16297,United Kingdom,0.0,268,1,294.34,2011-03-16T08:29:00.000+03:00,8,3,4,0
16680,United Kingdom,0.0,43,2,533.95,2011-10-27T17:35:00.000+03:00,17,10,5,0
14476,United Kingdom,0.0,257,1,193.0,2011-03-27T15:39:00.000+03:00,15,3,1,0
13511,United Kingdom,0.0,676,1,282.76,2010-02-01T12:10:00.000+03:00,12,2,2,0
14468,United Kingdom,0.0,733,1,142.8,2009-12-06T12:21:00.000+03:00,12,12,1,0
12825,United Kingdom,0.0,521,2,518.63,2010-07-06T13:56:00.000+03:00,13,7,3,0
17312,United Kingdom,0.0,155,2,104.3,2011-07-07T20:07:00.000+03:00,20,7,5,0
16692,United Kingdom,0.0,256,2,158.5,2011-03-28T14:46:00.000+03:00,14,3,2,0
17853,United Kingdom,0.0,407,3,1596.29,2010-10-28T15:29:00.000+03:00,15,10,5,0
13452,United Kingdom,0.0,259,3,729.8,2011-03-25T14:19:00.000+03:00,14,3,6,1
13596,United Kingdom,0.0,5,2,664.11,2011-12-04T12:01:00.000+03:00,12,12,1,0
17053,United Kingdom,0.0,130,1,498.48,2011-08-01T10:23:00.000+03:00,10,8,2,0
15765,United Kingdom,0.0,666,1,370.63,2010-02-11T10:25:00.000+03:00,10,2,5,0
17079,United Kingdom,0.0,78,1,118.8,2011-09-22T15:34:00.000+03:00,15,9,5,0
16884,United Kingdom,0.0,37,4,1041.09,2011-11-02T11:52:00.000+03:00,11,11,4,0
13493,Switzerland,7.0,275,2,160.35,2011-03-09T15:35:00.000+03:00,15,3,4,0
14142,United Kingdom,0.0,373,2,651.18,2010-12-01T16:33:00.000+03:00,16,12,4,0
17568,United Kingdom,0.0,633,1,374.45,2010-03-16T16:45:00.000+03:00,16,3,3,0
15096,United Kingdom,0.0,42,1,219.39,2011-10-28T10:27:00.000+03:00,10,10,6,1
17355,United Kingdom,0.0,386,1,172.99,2010-11-18T13:18:00.000+03:00,13,11,5,0
14571,United Kingdom,0.0,425,1,160.0,2010-10-10T15:06:00.000+03:00,15,10,1,0
15533,United Kingdom,0.0,19,3,728.37,2011-11-20T15:35:00.000+03:00,15,11,1,0
14252,United Kingdom,0.0,381,1,350.99,2010-11-23T13:36:00.000+03:00,13,11,3,0
16132,United Kingdom,0.0,544,2,337.8,2010-06-13T13:49:00.000+03:00,13,6,1,0
16262,United Kingdom,0.0,378,1,755.15,2010-11-26T13:22:00.000+03:00,13,11,6,1
15880,United Kingdom,0.0,369,1,329.03,2010-12-05T13:00:00.000+03:00,13,12,1,0
16661,United Kingdom,0.0,540,4,784.86,2010-06-17T15:24:00.000+03:00,15,6,5,0
13893,United Kingdom,0.0,297,1,372.3,2011-02-15T11:30:00.000+03:00,11,2,3,0
18072,United Kingdom,0.0,185,1,247.44,2011-06-07T10:44:00.000+03:00,10,6,3,0
14717,United Kingdom,0.0,733,1,81.3,2009-12-06T13:05:00.000+03:00,13,12,1,0
14598,United Kingdom,0.0,44,2,384.04,2011-10-26T13:19:00.000+03:00,13,10,4,0
16848,United Kingdom,0.0,52,4,1411.62,2011-10-18T08:42:00.000+03:00,8,10,3,0
13660,United Kingdom,0.0,400,1,306.64,2010-11-04T16:10:00.000+03:00,16,11,5,0
14070,United Kingdom,0.0,684,1,321.6,2010-01-24T12:27:00.000+03:00,12,1,1,0
16058,United Kingdom,0.0,406,1,62.7,2010-10-29T16:48:00.000+03:00,16,10,6,1
15338,United Kingdom,0.0,677,1,277.93,2010-01-31T14:25:00.000+03:00,14,1,1,0
17856,United Kingdom,0.0,1,3,158.75,2011-12-08T09:40:00.000+03:00,9,12,5,0
14158,United Kingdom,0.0,40,1,471.18,2011-10-30T15:08:00.000+03:00,15,10,1,0
13945,United Kingdom,0.0,394,2,854.15,2010-11-10T10:00:00.000+03:00,10,11,4,0
18227,United Kingdom,0.0,217,2,388.75,2011-05-06T12:23:00.000+03:00,12,5,6,1
16527,United Kingdom,0.0,81,2,1181.34,2011-09-19T16:21:00.000+03:00,16,9,2,0
16731,United Kingdom,0.0,648,1,170.3,2010-03-01T15:05:00.000+03:00,15,3,2,0
14445,United Kingdom,0.0,455,1,221.65,2010-09-10T11:09:00.000+03:00,11,9,6,1
15212,United Kingdom,0.0,241,2,208.28,2011-04-12T13:45:00.000+03:00,13,4,3,0
16598,United Kingdom,0.0,285,1,145.05,2011-02-27T11:42:00.000+03:00,11,2,1,0
13404,United Kingdom,0.0,1,2,252.49,2011-12-08T15:37:00.000+03:00,15,12,5,0
17271,United Kingdom,0.0,736,1,204.3,2009-12-03T13:49:00.000+03:00,13,12,5,0
16803,United Kingdom,0.0,65,1,332.3,2011-10-05T14:28:00.000+03:00,14,10,4,0
13843,United Kingdom,0.0,381,1,319.75,2010-11-23T17:48:00.000+03:00,17,11,3,0
16685,United Kingdom,0.0,61,2,310.32,2011-10-09T13:58:00.000+03:00,13,10,1,0
15977,United Kingdom,0.0,17,2,768.17,2011-11-22T13:29:00.000+03:00,13,11,3,0
13622,United Kingdom,0.0,696,1,589.11,2010-01-12T13:22:00.000+03:00,13,1,3,0
17427,United Kingdom,0.0,71,1,100.8,2011-09-29T11:29:00.000+03:00,11,9,5,0
16009,United Kingdom,0.0,22,4,972.11,2011-11-17T16:51:00.000+03:00,16,11,5,0
12864,United Kingdom,0.0,138,2,11.15,2011-07-24T13:03:00.000+03:00,13,7,1,0
18233,United Kingdom,0.0,325,1,440.0,2011-01-18T08:44:00.000+03:00,8,1,3,0
13299,United Kingdom,0.0,268,3,1218.7,2011-03-16T12:55:00.000+03:00,12,3,4,0
16379,United Kingdom,0.0,4,4,2057.68,2011-12-05T15:38:00.000+03:00,15,12,2,0
17136,United Kingdom,0.0,662,1,176.0,2010-02-15T13:13:00.000+03:00,13,2,2,0
16632,United Kingdom,0.0,485,2,406.4,2010-08-11T11:39:00.000+03:00,11,8,4,0
15094,United Kingdom,0.0,463,2,83.0,2010-09-02T16:55:00.000+03:00,16,9,5,0
14483,United Kingdom,0.0,281,2,257.1,2011-03-03T10:26:00.000+03:00,10,3,5,0
15001,United Kingdom,0.0,394,2,199.11,2010-11-10T13:51:00.000+03:00,13,11,4,0
17184,United Kingdom,0.0,569,2,198.41,2010-05-19T14:24:00.000+03:00,14,5,4,0
14093,United Kingdom,0.0,12,1,411.9,2011-11-27T16:27:00.000+03:00,16,11,1,0
14203,United Kingdom,0.0,397,1,339.34,2010-11-07T13:35:00.000+03:00,13,11,1,0
13486,United Kingdom,0.0,78,3,1114.85,2011-09-22T13:13:00.000+03:00,13,9,5,0
15099,United Kingdom,0.0,84,1,238.7,2011-09-16T13:13:00.000+03:00,13,9,6,1
13685,United Kingdom,0.0,3,4,20.92,2011-12-06T13:45:00.000+03:00,13,12,3,0
13351,United Kingdom,0.0,66,1,373.94,2011-10-04T12:55:00.000+03:00,12,10,3,0
13442,United Kingdom,0.0,667,3,413.57,2010-02-10T14:03:00.000+03:00,14,2,4,0
13175,United Kingdom,0.0,582,2,831.45,2010-05-06T13:13:00.000+03:00,13,5,5,0
18197,United Kingdom,0.0,575,1,203.1,2010-05-13T10:46:00.000+03:00,10,5,5,0
17559,United Kingdom,0.0,512,1,117.22,2010-07-15T12:02:00.000+03:00,12,7,5,0
15879,United Kingdom,0.0,404,4,1107.56,2010-10-31T16:21:00.000+03:00,16,10,1,0
15345,United Kingdom,0.0,45,1,393.54,2011-10-25T11:28:00.000+03:00,11,10,3,0
15063,United Kingdom,0.0,213,1,370.8,2011-05-10T13:25:00.000+03:00,13,5,3,0
13586,United Kingdom,0.0,541,1,127.28,2010-06-16T13:47:00.000+03:00,13,6,4,0
15415,United Kingdom,0.0,313,1,482.09,2011-01-30T14:13:00.000+03:00,14,1,1,0
15871,United Kingdom,0.0,437,1,33.1,2010-09-28T14:16:00.000+03:00,14,9,3,0
15904,United Kingdom,0.0,8,1,164.68,2011-12-01T14:50:00.000+03:00,14,12,5,0
14010,United Kingdom,0.0,565,2,382.15,2010-05-23T13:00:00.000+03:00,13,5,1,0
16110,United Kingdom,0.0,45,4,1781.59,2011-10-25T14:35:00.000+03:00,14,10,3,0
16318,United Kingdom,0.0,35,1,304.75,2011-11-04T13:05:00.000+03:00,13,11,6,1
12663,Germany,1.0,624,2,160.2,2010-03-25T09:40:00.000+03:00,9,3,5,0
15830,United Kingdom,0.0,37,1,576.0,2011-11-02T10:40:00.000+03:00,10,11,4,0
16534,United Kingdom,0.0,642,1,635.9,2010-03-07T15:47:00.000+03:00,15,3,1,0
13347,United Kingdom,0.0,70,1,198.8,2011-09-30T13:28:00.000+03:00,13,9,6,1
16959,United Kingdom,0.0,87,1,117.35,2011-09-13T15:03:00.000+03:00,15,9,3,0
17982,United Kingdom,0.0,680,1,127.74,2010-01-28T09:38:00.000+03:00,9,1,5,0
18253,United Kingdom,0.0,642,1,144.72,2010-03-07T12:38:00.000+03:00,12,3,1,0
12398,Switzerland,7.0,45,1,1597.14,2011-10-25T10:27:00.000+03:00,10,10,3,0
16965,United Kingdom,0.0,226,1,141.25,2011-04-27T12:08:00.000+03:00,12,4,4,0
16030,United Kingdom,0.0,309,1,320.8,2011-02-03T11:28:00.000+03:00,11,2,5,0
13899,United Kingdom,0.0,16,2,388.52,2011-11-23T13:40:00.000+03:00,13,11,4,0
18074,United Kingdom,0.0,373,2,828.24,2010-12-01T09:53:00.000+03:00,9,12,4,0
16056,United Kingdom,0.0,45,1,609.95,2011-10-25T15:19:00.000+03:00,15,10,3,0
15360,United Kingdom,0.0,39,1,427.93,2011-10-31T09:35:00.000+03:00,9,10,2,0
17750,United Kingdom,0.0,5,9,1109.66,2011-12-04T14:09:00.000+03:00,14,12,1,0
14807,United Kingdom,0.0,390,2,504.14,2010-11-14T12:47:00.000+03:00,12,11,1,0
16064,United Kingdom,0.0,725,1,109.31,2009-12-14T16:11:00.000+03:00,16,12,2,0
12794,Portugal,5.0,53,2,815.41,2011-10-17T14:54:00.000+03:00,14,10,2,0
13966,United Kingdom,0.0,435,1,263.3,2010-09-30T13:08:00.000+03:00,13,9,5,0
15025,United Kingdom,0.0,33,2,979.79,2011-11-06T15:20:00.000+03:00,15,11,1,0
12508,France,2.0,26,2,397.88,2011-11-13T15:37:00.000+03:00,15,11,1,0
16492,United Kingdom,0.0,540,1,385.56,2010-06-17T08:20:00.000+03:00,8,6,5,0
13903,United Kingdom,0.0,400,1,165.45,2010-11-04T17:44:00.000+03:00,17,11,5,0
13651,United Kingdom,0.0,35,3,226.85,2011-11-04T14:59:00.000+03:00,14,11,6,1
13754,United Kingdom,0.0,151,3,337.85,2011-07-11T11:51:00.000+03:00,11,7,2,0
14413,United Kingdom,0.0,362,4,764.52,2010-12-12T13:37:00.000+03:00,13,12,1,0
12640,France,2.0,23,3,1174.58,2011-11-16T11:52:00.000+03:00,11,11,4,0
14726,United Kingdom,0.0,654,1,116.5,2010-02-23T12:35:00.000+03:00,12,2,3,0
13568,United Kingdom,0.0,173,1,187.05,2011-06-19T14:42:00.000+03:00,14,6,1,0
16855,United Kingdom,0.0,23,2,328.4,2011-11-16T12:03:00.000+03:00,12,11,4,0
14795,United Kingdom,0.0,166,1,131.45,2011-06-26T13:04:00.000+03:00,13,6,1,0
15408,United Kingdom,0.0,264,1,267.18,2011-03-20T15:02:00.000+03:00,15,3,1,0
15011,United Kingdom,0.0,395,2,375.8,2010-11-09T11:10:00.000+03:00,11,11,3,0
16773,United Kingdom,0.0,57,3,374.44,2011-10-13T14:37:00.000+03:00,14,10,5,0
17030,United Kingdom,0.0,63,1,132.95,2011-10-07T08:49:00.000+03:00,8,10,6,1
16149,United Kingdom,0.0,4,3,356.46,2011-12-05T11:29:00.000+03:00,11,12,2,0
18082,United Kingdom,0.0,25,1,633.08,2011-11-14T12:45:00.000+03:00,12,11,2,0
15480,Malta,29.0,116,5,6014.76,2011-08-15T14:32:00.000+03:00,14,8,2,0
17274,United Kingdom,0.0,35,2,546.66,2011-11-04T13:16:00.000+03:00,13,11,6,1
15257,United Kingdom,0.0,283,2,685.9,2011-03-01T12:58:00.000+03:00,12,3,3,0
14300,United Kingdom,0.0,18,1,43.2,2011-11-21T08:57:00.000+03:00,8,11,2,0
15413,United Kingdom,0.0,691,2,279.3,2010-01-17T11:33:00.000+03:00,11,1,1,0
12806,Netherlands,6.0,435,4,1020.26,2010-09-30T13:34:00.000+03:00,13,9,5,0
14183,United Kingdom,0.0,411,2,278.34,2010-10-24T14:45:00.000+03:00,14,10,1,0
15238,United Kingdom,0.0,29,3,904.03,2011-11-10T14:28:00.000+03:00,14,11,5,0
15052,United Kingdom,0.0,319,1,207.73,2011-01-24T15:52:00.000+03:00,15,1,2,0
14301,United Kingdom,0.0,117,4,787.44,2011-08-14T15:33:00.000+03:00,15,8,1,0
17650,United Kingdom,0.0,21,1,166.08,2011-11-18T14:52:00.000+03:00,14,11,6,1
15913,United Kingdom,0.0,534,1,6.3,2010-06-23T16:31:00.000+03:00,16,6,4,0
17020,United Kingdom,0.0,542,2,912.22,2010-06-15T13:06:00.000+03:00,13,6,3,0
17011,United Kingdom,0.0,30,2,408.3,2011-11-09T13:30:00.000+03:00,13,11,4,0
13833,United Kingdom,0.0,159,2,700.41,2011-07-03T13:27:00.000+03:00,13,7,1,0
16026,United Kingdom,0.0,43,1,236.09,2011-10-27T13:53:00.000+03:00,13,10,5,0
15322,United Kingdom,0.0,85,2,1308.18,2011-09-15T09:34:00.000+03:00,9,9,5,0
15459,United Kingdom,0.0,417,2,133.23,2010-10-18T15:25:00.000+03:00,15,10,2,0
16504,United Kingdom,0.0,25,1,451.84,2011-11-14T15:18:00.000+03:00,15,11,2,0
14759,United Kingdom,0.0,4,3,1625.97,2011-12-05T12:03:00.000+03:00,12,12,2,0
13154,United Kingdom,0.0,399,3,1562.44,2010-11-05T16:00:00.000+03:00,16,11,6,1
14350,United Kingdom,0.0,274,3,951.87,2011-03-10T14:14:00.000+03:00,14,3,5,0
14386,United Kingdom,0.0,296,1,142.4,2011-02-16T09:45:00.000+03:00,9,2,4,0
15234,United Kingdom,0.0,276,1,187.88,2011-03-08T08:53:00.000+03:00,8,3,3,0
12350,Norway,13.0,310,1,334.4,2011-02-02T16:01:00.000+03:00,16,2,4,0
17777,United Kingdom,0.0,24,3,647.56,2011-11-15T12:02:00.000+03:00,12,11,3,0
13318,United Kingdom,0.0,1,3,531.44,2011-12-08T18:51:00.000+03:00,18,12,5,0
16971,United Kingdom,0.0,38,1,357.21,2011-11-01T15:06:00.000+03:00,15,11,3,0
14296,United Kingdom,0.0,421,2,456.4,2010-10-14T14:14:00.000+03:00,14,10,5,0
13264,United Kingdom,0.0,442,1,722.56,2010-09-23T12:42:00.000+03:00,12,9,5,0
14008,United Kingdom,0.0,432,1,509.04,2010-10-03T13:09:00.000+03:00,13,10,1,0
14280,United Kingdom,0.0,196,1,134.04,2011-05-27T10:37:00.000+03:00,10,5,6,1
14166,United Kingdom,0.0,505,2,251.15,2010-07-22T19:42:00.000+03:00,19,7,5,0
12962,United Kingdom,0.0,7,2,266.39,2011-12-02T15:55:00.000+03:00,15,12,6,1
12713,Germany,1.0,0,1,848.55,2011-12-09T12:16:00.000+03:00,12,12,6,1
16564,United Kingdom,0.0,569,1,87.8,2010-05-19T14:41:00.000+03:00,14,5,4,0
13111,United Kingdom,0.0,718,1,311.8,2009-12-21T09:00:00.000+03:00,9,12,2,0
14326,United Kingdom,0.0,242,3,840.66,2011-04-11T15:04:00.000+03:00,15,4,2,0
12799,Japan,16.0,529,1,219.35,2010-06-28T15:57:00.000+03:00,15,6,2,0
16635,United Kingdom,0.0,406,1,473.0,2010-10-29T09:41:00.000+03:00,9,10,6,1
14046,United Kingdom,0.0,284,1,47.71,2011-02-28T14:48:00.000+03:00,14,2,2,0
14279,United Kingdom,0.0,520,2,191.86,2010-07-07T08:42:00.000+03:00,8,7,4,0
14987,United Kingdom,0.0,381,3,20.65,2010-11-23T13:01:00.000+03:00,13,11,3,0
15649,United Kingdom,0.0,387,1,538.35,2010-11-17T16:22:00.000+03:00,16,11,4,0
14529,United Kingdom,0.0,60,3,578.61,2011-10-10T15:27:00.000+03:00,15,10,2,0
18035,United Kingdom,0.0,35,3,272.83,2011-11-04T12:39:00.000+03:00,12,11,6,1
17620,United Kingdom,0.0,59,1,81.44,2011-10-11T12:08:00.000+03:00,12,10,3,0
16730,United Kingdom,0.0,52,3,627.87,2011-10-18T14:11:00.000+03:00,14,10,3,0
16689,United Kingdom,0.0,75,2,352.52,2011-09-25T11:39:00.000+03:00,11,9,1,0
13281,United Kingdom,0.0,439,1,344.55,2010-09-26T16:03:00.000+03:00,16,9,1,0
15285,United Kingdom,0.0,407,1,79.8,2010-10-28T09:46:00.000+03:00,9,10,5,0
14391,United Kingdom,0.0,576,1,135.6,2010-05-12T09:42:00.000+03:00,9,5,4,0
14666,United Kingdom,0.0,24,1,195.25,2011-11-15T12:57:00.000+03:00,12,11,3,0
17171,United Kingdom,0.0,289,2,384.59,2011-02-23T16:37:00.000+03:00,16,2,4,0
18046,United Kingdom,0.0,649,1,189.63,2010-02-28T11:36:00.000+03:00,11,2,1,0
13840,United Kingdom,0.0,416,1,651.4,2010-10-19T13:34:00.000+03:00,13,10,3,0
18183,United Kingdom,0.0,227,2,590.47,2011-04-26T15:26:00.000+03:00,15,4,3,0
18121,United Kingdom,0.0,149,2,615.8,2011-07-13T12:53:00.000+03:00,12,7,4,0
16460,United Kingdom,0.0,28,3,803.55,2011-11-11T13:46:00.000+03:00,13,11,6,1
16734,United Kingdom,0.0,52,3,596.76,2011-10-18T13:44:00.000+03:00,13,10,3,0
13490,United Kingdom,0.0,654,1,154.25,2010-02-23T14:48:00.000+03:00,14,2,3,0
15748,United Kingdom,0.0,40,3,212.91,2011-10-30T12:51:00.000+03:00,12,10,1,0
14518,United Kingdom,0.0,64,1,137.89,2011-10-06T14:43:00.000+03:00,14,10,5,0
18047,United Kingdom,0.0,381,2,326.09,2010-11-23T13:11:00.000+03:00,13,11,3,0
17587,United Kingdom,0.0,628,1,176.71,2010-03-21T14:16:00.000+03:00,14,3,1,0
12912,United Kingdom,0.0,8,4,834.66,2011-12-01T13:03:00.000+03:00,13,12,5,0
12781,Czech Republic,31.0,63,2,634.54,2011-10-07T10:37:00.000+03:00,10,10,6,1
12499,Germany,1.0,560,1,350.16,2010-05-28T15:12:00.000+03:00,15,5,6,1
17944,United Kingdom,0.0,423,1,74.99,2010-10-12T16:25:00.000+03:00,16,10,3,0
17264,United Kingdom,0.0,424,1,268.28,2010-10-11T12:52:00.000+03:00,12,10,2,0
17626,United Kingdom,0.0,602,1,254.0,2010-04-16T12:15:00.000+03:00,12,4,6,1
15757,United Kingdom,0.0,65,6,2911.32,2011-10-05T12:14:00.000+03:00,12,10,4,0
18056,United Kingdom,0.0,288,2,554.6,2011-02-24T14:27:00.000+03:00,14,2,5,0
15825,United Kingdom,0.0,172,1,474.94,2011-06-20T13:27:00.000+03:00,13,6,2,0
12956,United Kingdom,0.0,306,4,507.97,2011-02-06T16:08:00.000+03:00,16,2,1,0
17349,United Kingdom,0.0,179,4,444.43,2011-06-13T14:29:00.000+03:00,14,6,2,0
13217,United Kingdom,0.0,122,1,52.02,2011-08-09T15:32:00.000+03:00,15,8,3,0
15616,United Kingdom,0.0,438,1,317.11,2010-09-27T13:10:00.000+03:00,13,9,2,0
15782,United Kingdom,0.0,9,4,2216.98,2011-11-30T10:49:00.000+03:00,10,11,4,0
12984,United Kingdom,0.0,18,1,97.5,2011-11-21T12:37:00.000+03:00,12,11,2,0
15086,United Kingdom,0.0,564,2,218.53,2010-05-24T12:27:00.000+03:00,12,5,2,0
12929,United Kingdom,0.0,311,1,117.85,2011-02-01T12:08:00.000+03:00,12,2,3,0
17265,United Kingdom,0.0,138,2,550.01,2011-07-24T10:49:00.000+03:00,10,7,1,0
13377,United Kingdom,0.0,396,2,1537.76,2010-11-08T12:20:00.000+03:00,12,11,2,0
15252,United Kingdom,0.0,36,5,1908.05,2011-11-03T13:30:00.000+03:00,13,11,5,0
15250,United Kingdom,0.0,640,1,60.0,2010-03-09T07:35:00.000+03:00,7,3,3,0
15925,United Kingdom,0.0,194,1,207.15,2011-05-29T15:35:00.000+03:00,15,5,1,0
15520,United Kingdom,0.0,1,1,320.7,2011-12-08T10:58:00.000+03:00,10,12,5,0
15364,United Kingdom,0.0,95,2,675.59,2011-09-05T09:46:00.000+03:00,9,9,2,0
17839,United Kingdom,0.0,42,1,318.15,2011-10-28T17:27:00.000+03:00,17,10,6,1
15256,United Kingdom,0.0,148,2,170.4,2011-07-14T11:47:00.000+03:00,11,7,5,0
16334,United Kingdom,0.0,492,1,242.31,2010-08-04T16:38:00.000+03:00,16,8,4,0
15678,United Kingdom,0.0,52,3,1570.32,2011-10-18T09:25:00.000+03:00,9,10,3,0
15784,United Kingdom,0.0,467,2,848.33,2010-08-29T10:38:00.000+03:00,10,8,1,0
18222,United Kingdom,0.0,92,1,415.72,2011-09-08T10:45:00.000+03:00,10,9,5,0
12967,United Kingdom,0.0,358,3,2244.32,2010-12-16T19:10:00.000+03:00,19,12,5,0
17344,United Kingdom,0.0,46,2,457.36,2011-10-24T12:56:00.000+03:00,12,10,2,0
15396,United Kingdom,0.0,112,1,288.18,2011-08-19T10:56:00.000+03:00,10,8,6,1
17296,United Kingdom,0.0,730,1,317.13,2009-12-09T14:01:00.000+03:00,14,12,4,0
16371,United Kingdom,0.0,448,1,157.2,2010-09-17T12:09:00.000+03:00,12,9,6,1
12893,United Kingdom,0.0,30,1,176.55,2011-11-09T12:34:00.000+03:00,12,11,4,0
18175,United Kingdom,0.0,675,1,176.1,2010-02-02T10:25:00.000+03:00,10,2,3,0
14240,United Kingdom,0.0,30,3,1247.49,2011-11-09T13:45:00.000+03:00,13,11,4,0
14453,United Kingdom,0.0,190,1,119.93,2011-06-02T14:15:00.000+03:00,14,6,5,0
14637,United Kingdom,0.0,677,1,106.68,2010-01-31T15:52:00.000+03:00,15,1,1,0
13284,United Kingdom,0.0,330,1,201.19,2011-01-13T09:23:00.000+03:00,9,1,5,0
16648,United Kingdom,0.0,42,3,649.4,2011-10-28T08:58:00.000+03:00,8,10,6,1
16630,United Kingdom,0.0,407,1,106.8,2010-10-28T14:30:00.000+03:00,14,10,5,0
12361,Belgium,4.0,287,4,511.25,2011-02-25T13:51:00.000+03:00,13,2,6,1
16022,United Kingdom,0.0,260,1,602.63,2011-03-24T13:16:00.000+03:00,13,3,5,0
14195,United Kingdom,0.0,201,2,274.4,2011-05-22T10:29:00.000+03:00,10,5,1,0
12565,Saudi Arabia,37.0,288,1,145.92,2011-02-24T10:34:00.000+03:00,10,2,5,0
15121,United Kingdom,0.0,50,2,457.72,2011-10-20T14:51:00.000+03:00,14,10,5,0
14990,United Kingdom,0.0,612,2,304.17,2010-04-06T13:54:00.000+03:00,13,4,3,0
15973,United Kingdom,0.0,366,3,604.3,2010-12-08T11:42:00.000+03:00,11,12,4,0
15390,Canada,23.0,396,2,1216.66,2010-11-08T15:19:00.000+03:00,15,11,2,0
16599,United Kingdom,0.0,385,1,172.8,2010-11-19T12:45:00.000+03:00,12,11,6,1
17547,United Kingdom,0.0,375,2,727.85,2010-11-29T09:41:00.000+03:00,9,11,2,0
17057,United Kingdom,0.0,596,1,294.74,2010-04-22T19:21:00.000+03:00,19,4,5,0
12387,Australia,10.0,415,1,143.94,2010-10-20T16:27:00.000+03:00,16,10,4,0
14836,United Kingdom,0.0,10,3,102.45,2011-11-29T16:45:00.000+03:00,16,11,3,0
13498,United Kingdom,0.0,730,1,206.9,2009-12-09T15:26:00.000+03:00,15,12,4,0
16601,United Kingdom,0.0,40,3,647.84,2011-10-30T11:09:00.000+03:00,11,10,1,0
18209,United Kingdom,0.0,28,1,139.1,2011-11-11T12:07:00.000+03:00,12,11,6,1
16491,United Kingdom,0.0,46,2,1469.34,2011-10-24T10:18:00.000+03:00,10,10,2,0
17979,United Kingdom,0.0,35,4,658.83,2011-11-04T12:05:00.000+03:00,12,11,6,1
12950,United Kingdom,0.0,8,2,284.2,2011-12-01T15:55:00.000+03:00,15,12,5,0
16800,United Kingdom,0.0,11,1,1122.33,2011-11-28T14:06:00.000+03:00,14,11,2,0
14642,United Kingdom,0.0,58,1,19.8,2011-10-12T11:08:00.000+03:00,11,10,4,0
13345,United Kingdom,0.0,287,1,389.5,2011-02-25T09:01:00.000+03:00,9,2,6,1
15837,United Kingdom,0.0,64,2,777.01,2011-10-06T09:01:00.000+03:00,9,10,5,0
14874,United Kingdom,0.0,535,1,68.28,2010-06-22T14:58:00.000+03:00,14,6,3,0
15905,United Kingdom,0.0,543,1,114.69,2010-06-14T16:00:00.000+03:00,16,6,2,0
14123,United Kingdom,0.0,733,1,436.18,2009-12-06T15:35:00.000+03:00,15,12,1,0
15041,United Kingdom,0.0,170,2,289.4,2011-06-22T16:16:00.000+03:00,16,6,4,0
12511,Greece,22.0,428,1,2911.46,2010-10-07T10:39:00.000+03:00,10,10,5,0
14860,United Kingdom,0.0,19,1,149.44,2011-11-20T14:17:00.000+03:00,14,11,1,0
15836,United Kingdom,0.0,50,1,137.37,2011-10-20T17:13:00.000+03:00,17,10,5,0
14084,United Kingdom,0.0,512,1,56.4,2010-07-15T14:36:00.000+03:00,14,7,5,0
13361,United Kingdom,0.0,472,2,1315.5,2010-08-24T14:56:00.000+03:00,14,8,3,0
14950,United Kingdom,0.0,19,1,371.2,2011-11-20T13:48:00.000+03:00,13,11,1,0
15207,United Kingdom,0.0,416,3,482.32,2010-10-19T13:29:00.000+03:00,13,10,3,0
13469,United Kingdom,0.0,653,1,82.4,2010-02-24T15:03:00.000+03:00,15,2,4,0
16070,United Kingdom,0.0,22,2,852.15,2011-11-17T15:50:00.000+03:00,15,11,5,0
16223,United Kingdom,0.0,374,2,1049.25,2010-11-30T11:50:00.000+03:00,11,11,3,0
15333,United Kingdom,0.0,208,1,238.0,2011-05-15T13:27:00.000+03:00,13,5,1,0
13086,United Kingdom,0.0,382,1,439.33,2010-11-22T10:28:00.000+03:00,10,11,2,0
16238,United Kingdom,0.0,422,1,63.66,2010-10-13T12:36:00.000+03:00,12,10,4,0
15930,United Kingdom,0.0,67,1,426.63,2011-10-03T14:52:00.000+03:00,14,10,2,0
12878,United Kingdom,0.0,236,2,854.99,2011-04-17T13:07:00.000+03:00,13,4,1,0
12954,United Kingdom,0.0,638,1,162.45,2010-03-11T10:16:00.000+03:00,10,3,5,0
17477,United Kingdom,0.0,612,2,1144.3,2010-04-06T10:06:00.000+03:00,10,4,3,0
15053,United Kingdom,0.0,4,3,519.59,2011-12-05T12:08:00.000+03:00,12,12,2,0
16116,United Kingdom,0.0,211,1,612.78,2011-05-12T12:01:00.000+03:00,12,5,5,0
16688,United Kingdom,0.0,1,4,1181.18,2011-12-08T15:24:00.000+03:00,15,12,5,0
14392,United Kingdom,0.0,432,1,266.4,2010-10-03T12:56:00.000+03:00,12,10,1,0
12495,Sweden,8.0,640,1,357.4,2010-03-09T10:53:00.000+03:00,10,3,3,0
17023,United Kingdom,0.0,417,3,800.18,2010-10-18T15:37:00.000+03:00,15,10,2,0
12979,United Arab Emirates,25.0,729,1,339.86,2009-12-10T15:45:00.000+03:00,15,12,5,0
14365,United Kingdom,0.0,394,2,634.68,2010-11-10T09:52:00.000+03:00,9,11,4,0
16846,United Kingdom,0.0,50,3,801.73,2011-10-20T13:55:00.000+03:00,13,10,5,0
17003,United Kingdom,0.0,402,4,828.21,2010-11-02T13:15:00.000+03:00,13,11,3,0
14760,United Kingdom,0.0,297,1,89.2,2011-02-15T16:27:00.000+03:00,16,2,3,0
15817,United Kingdom,0.0,420,3,2676.9,2010-10-15T11:07:00.000+03:00,11,10,6,1
14641,United Kingdom,0.0,21,1,110.46,2011-11-18T10:42:00.000+03:00,10,11,6,1
17339,United Kingdom,0.0,94,3,258.2,2011-09-06T13:29:00.000+03:00,13,9,3,0
14086,United Kingdom,0.0,462,1,39.95,2010-09-03T10:52:00.000+03:00,10,9,6,1
14833,United Kingdom,0.0,498,1,94.8,2010-07-29T10:06:00.000+03:00,10,7,5,0
13337,United Kingdom,0.0,546,1,1484.54,2010-06-11T13:27:00.000+03:00,13,6,6,1
17939,United Kingdom,0.0,159,1,99.14,2011-07-03T12:27:00.000+03:00,12,7,1,0
15284,United Kingdom,0.0,500,1,24.75,2010-07-27T13:25:00.000+03:00,13,7,3,0
13554,United Kingdom,0.0,380,7,1605.95,2010-11-24T15:05:00.000+03:00,15,11,4,0
15645,United Kingdom,0.0,18,3,891.97,2011-11-21T11:55:00.000+03:00,11,11,2,0
14523,United Kingdom,0.0,108,1,173.41,2011-08-23T13:13:00.000+03:00,13,8,3,0
16387,United Kingdom,0.0,322,5,801.34,2011-01-21T11:34:00.000+03:00,11,1,6,1
12688,Israel,24.0,113,1,3658.89,2011-08-18T08:49:00.000+03:00,8,8,5,0
13400,United Kingdom,0.0,582,1,306.51,2010-05-06T09:00:00.000+03:00,9,5,5,0
17156,United Kingdom,0.0,491,1,584.31,2010-08-05T11:30:00.000+03:00,11,8,5,0
17668,United Kingdom,0.0,1,2,347.75,2011-12-08T13:25:00.000+03:00,13,12,5,0
17569,United Kingdom,0.0,332,1,330.7,2011-01-11T14:15:00.000+03:00,14,1,3,0
14778,United Kingdom,0.0,127,2,730.86,2011-08-04T15:23:00.000+03:00,15,8,5,0
18084,United Kingdom,0.0,383,1,88.5,2010-11-21T15:47:00.000+03:00,15,11,1,0
17595,United Kingdom,0.0,12,2,386.69,2011-11-27T16:08:00.000+03:00,16,11,1,0
15275,United Kingdom,0.0,37,1,557.54,2011-11-02T11:20:00.000+03:00,11,11,4,0
17891,United Kingdom,0.0,162,1,203.86,2011-06-30T20:08:00.000+03:00,20,6,5,0
14179,United Kingdom,0.0,40,2,701.57,2011-10-30T12:07:00.000+03:00,12,10,1,0
15604,United Kingdom,0.0,52,1,216.39,2011-10-18T14:47:00.000+03:00,14,10,3,0
13828,United Kingdom,0.0,22,1,168.45,2011-11-17T16:02:00.000+03:00,16,11,5,0
17998,United Kingdom,0.0,380,3,423.9,2010-11-24T15:31:00.000+03:00,15,11,4,0
16078,United Kingdom,0.0,283,2,357.95,2011-03-01T09:47:00.000+03:00,9,3,3,0
18213,United Kingdom,0.0,236,1,232.48,2011-04-17T10:21:00.000+03:00,10,4,1,0
15909,United Kingdom,0.0,173,1,191.94,2011-06-19T10:38:00.000+03:00,10,6,1,0
17590,United Kingdom,0.0,2,3,1452.54,2011-12-07T12:55:00.000+03:00,12,12,4,0
15496,United Kingdom,0.0,631,1,146.14,2010-03-18T13:16:00.000+03:00,13,3,5,0
17670,United Kingdom,0.0,227,1,205.7,2011-04-26T09:12:00.000+03:00,9,4,3,0
17791,United Kingdom,0.0,29,1,106.1,2011-11-10T12:09:00.000+03:00,12,11,5,0
16328,United Kingdom,0.0,563,1,310.83,2010-05-25T14:02:00.000+03:00,14,5,3,0
12880,United Kingdom,0.0,381,2,613.73,2010-11-23T10:50:00.000+03:00,10,11,3,0
17654,United Kingdom,0.0,277,1,117.55,2011-03-07T13:17:00.000+03:00,13,3,2,0
17989,United Kingdom,0.0,379,1,185.85,2010-11-25T13:49:00.000+03:00,13,11,5,0
13176,United Kingdom,0.0,46,1,387.53,2011-10-24T15:43:00.000+03:00,15,10,2,0
14238,United Kingdom,0.0,326,3,359.35,2011-01-17T14:40:00.000+03:00,14,1,2,0
14520,United Kingdom,0.0,1,1,43.2,2011-12-08T09:46:00.000+03:00,9,12,5,0
12429,Austria,12.0,227,1,437.98,2011-04-26T11:44:00.000+03:00,11,4,3,0
15224,United Kingdom,0.0,358,5,776.86,2010-12-16T15:02:00.000+03:00,15,12,5,0
13398,United Kingdom,0.0,192,2,656.42,2011-05-31T13:17:00.000+03:00,13,5,3,0
17431,United Kingdom,0.0,313,1,372.7,2011-01-30T14:36:00.000+03:00,14,1,1,0
14433,United Kingdom,0.0,465,1,280.7,2010-08-31T12:35:00.000+03:00,12,8,3,0
14125,United Kingdom,0.0,10,3,2720.63,2011-11-29T12:47:00.000+03:00,12,11,3,0
13388,United Kingdom,0.0,131,3,1116.05,2011-07-31T12:52:00.000+03:00,12,7,1,0
13226,United Kingdom,0.0,273,2,312.46,2011-03-11T14:35:00.000+03:00,14,3,6,1
16876,United Kingdom,0.0,403,1,136.01,2010-11-01T11:59:00.000+03:00,11,11,2,0
13212,United Kingdom,0.0,19,3,786.83,2011-11-20T12:40:00.000+03:00,12,11,1,0
14557,United Kingdom,0.0,85,1,287.44,2011-09-15T15:48:00.000+03:00,15,9,5,0
13676,United Kingdom,0.0,539,2,191.4,2010-06-18T17:30:00.000+03:00,17,6,6,1
16179,United Kingdom,0.0,60,1,215.83,2011-10-10T09:41:00.000+03:00,9,10,2,0
14144,United Kingdom,0.0,486,1,30.6,2010-08-10T15:17:00.000+03:00,15,8,3,0
16925,United Kingdom,0.0,540,1,125.65,2010-06-17T15:03:00.000+03:00,15,6,5,0
17541,United Kingdom,0.0,509,1,119.86,2010-07-18T11:36:00.000+03:00,11,7,1,0
13933,United Kingdom,0.0,109,2,608.79,2011-08-22T14:03:00.000+03:00,14,8,2,0
16944,United Kingdom,0.0,609,1,101.36,2010-04-09T11:03:00.000+03:00,11,4,6,1
13444,United Kingdom,0.0,374,2,612.78,2010-11-30T13:02:00.000+03:00,13,11,3,0
13917,United Kingdom,0.0,49,2,272.04,2011-10-21T09:56:00.000+03:00,9,10,6,1
15725,United Kingdom,0.0,15,1,415.25,2011-11-24T14:51:00.000+03:00,14,11,5,0
12453,Austria,12.0,134,1,707.09,2011-07-28T14:08:00.000+03:00,14,7,5,0
15664,United Kingdom,0.0,50,4,1254.03,2011-10-20T10:57:00.000+03:00,10,10,5,0
17493,United Kingdom,0.0,385,1,100.91,2010-11-19T16:57:00.000+03:00,16,11,6,1
12534,Germany,1.0,130,1,1089.18,2011-08-01T10:26:00.000+03:00,10,8,2,0
13699,United Kingdom,0.0,155,2,764.15,2011-07-07T16:51:00.000+03:00,16,7,5,0
18281,United Kingdom,0.0,180,2,201.14,2011-06-12T10:53:00.000+03:00,10,6,1,0
17928,United Kingdom,0.0,45,3,230.66,2011-10-25T13:52:00.000+03:00,13,10,3,0
17973,United Kingdom,0.0,51,1,331.28,2011-10-19T10:34:00.000+03:00,10,10,4,0
14061,United Kingdom,0.0,724,2,553.43,2009-12-15T17:56:00.000+03:00,17,12,3,0
14463,United Kingdom,0.0,98,4,486.75,2011-09-02T15:20:00.000+03:00,15,9,6,1
17736,United Kingdom,0.0,9,3,377.44,2011-11-30T15:36:00.000+03:00,15,11,4,0
17393,United Kingdom,0.0,410,2,276.63,2010-10-25T11:10:00.000+03:00,11,10,2,0
18020,United Kingdom,0.0,543,1,190.48,2010-06-14T12:31:00.000+03:00,12,6,2,0
17327,United Kingdom,0.0,409,2,146.05,2010-10-26T09:54:00.000+03:00,9,10,3,0
14793,United Kingdom,0.0,21,2,625.9,2011-11-18T14:50:00.000+03:00,14,11,6,1
13701,United Kingdom,0.0,446,1,161.0,2010-09-19T12:39:00.000+03:00,12,9,1,0
17074,United Kingdom,0.0,562,1,203.05,2010-05-26T12:04:00.000+03:00,12,5,4,0
15210,United Kingdom,0.0,225,3,967.39,2011-04-28T16:11:00.000+03:00,16,4,5,0
16346,United Kingdom,0.0,385,1,216.95,2010-11-19T15:55:00.000+03:00,15,11,6,1
13518,United Kingdom,0.0,85,1,613.24,2011-09-15T10:29:00.000+03:00,10,9,5,0
13998,United Kingdom,0.0,446,3,566.7,2010-09-19T10:20:00.000+03:00,10,9,1,0
13007,United Kingdom,0.0,579,1,175.25,2010-05-09T10:38:00.000+03:00,10,5,1,0
15621,United Kingdom,0.0,4,3,202.01,2011-12-05T14:01:00.000+03:00,14,12,2,0
14308,United Kingdom,0.0,549,2,1147.02,2010-06-08T16:48:00.000+03:00,16,6,3,0
17778,United Kingdom,0.0,661,1,72.9,2010-02-16T12:44:00.000+03:00,12,2,3,0
13210,United Kingdom,0.0,93,1,293.0,2011-09-07T08:18:00.000+03:00,8,9,4,0
14567,United Kingdom,0.0,56,2,1530.36,2011-10-14T10:21:00.000+03:00,10,10,6,1
16727,United Kingdom,0.0,364,4,1225.97,2010-12-10T13:48:00.000+03:00,13,12,6,1
16989,United Kingdom,0.0,7,3,110.55,2011-12-02T16:39:00.000+03:00,16,12,6,1
18146,United Kingdom,0.0,140,2,160.35,2011-07-22T12:08:00.000+03:00,12,7,6,1
13829,United Kingdom,0.0,421,1,102.0,2010-10-14T18:19:00.000+03:00,18,10,5,0
12907,United Kingdom,0.0,395,2,508.91,2010-11-09T12:08:00.000+03:00,12,11,3,0
15565,United Kingdom,0.0,50,2,173.16,2011-10-20T14:33:00.000+03:00,14,10,5,0
16617,United Kingdom,0.0,235,1,91.85,2011-04-18T10:35:00.000+03:00,10,4,2,0
16673,United Kingdom,0.0,679,1,171.13,2010-01-29T14:22:00.000+03:00,14,1,6,1
17826,United Kingdom,0.0,374,1,133.34,2010-11-30T13:23:00.000+03:00,13,11,3,0
15014,United Kingdom,0.0,43,2,175.17,2011-10-27T20:07:00.000+03:00,20,10,5,0
14374,United Kingdom,0.0,541,1,108.0,2010-06-16T14:25:00.000+03:00,14,6,4,0
12624,France,2.0,106,2,641.13,2011-08-25T15:04:00.000+03:00,15,8,5,0
15667,United Kingdom,0.0,39,1,301.32,2011-10-31T10:56:00.000+03:00,10,10,2,0
16178,United Kingdom,0.0,138,2,546.6,2011-07-24T16:05:00.000+03:00,16,7,1,0
15609,United Kingdom,0.0,184,1,298.48,2011-06-08T13:00:00.000+03:00,13,6,4,0
17820,United Kingdom,0.0,374,1,165.49,2010-11-30T17:43:00.000+03:00,17,11,3,0
12394,Belgium,4.0,217,1,381.08,2011-05-06T14:01:00.000+03:00,14,5,6,1
16716,United Kingdom,0.0,266,1,166.8,2011-03-18T10:03:00.000+03:00,10,3,6,1
15590,United Kingdom,0.0,382,5,1451.6,2010-11-22T14:49:00.000+03:00,14,11,2,0
17456,United Kingdom,0.0,365,2,945.32,2010-12-09T15:23:00.000+03:00,15,12,5,0
13087,United Kingdom,0.0,726,1,313.64,2009-12-13T15:16:00.000+03:00,15,12,1,0
17566,United Kingdom,0.0,8,2,869.77,2011-12-01T19:54:00.000+03:00,19,12,5,0
17514,United Kingdom,0.0,128,2,522.0,2011-08-03T15:45:00.000+03:00,15,8,4,0
16802,United Kingdom,0.0,679,2,582.61,2010-01-29T13:44:00.000+03:00,13,1,6,1
16519,United Kingdom,0.0,25,4,439.06,2011-11-14T15:41:00.000+03:00,15,11,2,0
13944,United Kingdom,0.0,653,1,192.87,2010-02-24T15:02:00.000+03:00,15,2,4,0
13671,United Kingdom,0.0,394,1,172.6,2010-11-10T10:50:00.000+03:00,10,11,4,0
15583,United Kingdom,0.0,376,1,95.96,2010-11-28T15:04:00.000+03:00,15,11,1,0
12491,France,2.0,38,1,413.6,2011-11-01T12:18:00.000+03:00,12,11,3,0
17065,United Kingdom,0.0,637,2,194.7,2010-03-12T11:41:00.000+03:00,11,3,6,1
17390,United Kingdom,0.0,420,1,149.3,2010-10-15T11:29:00.000+03:00,11,10,6,1
16821,United Kingdom,0.0,381,1,113.35,2010-11-23T10:04:00.000+03:00,10,11,3,0
14349,United Kingdom,0.0,10,1,133.5,2011-11-29T15:39:00.000+03:00,15,11,3,0
18032,United Kingdom,0.0,334,1,73.5,2011-01-09T15:32:00.000+03:00,15,1,1,0
14331,United Kingdom,0.0,124,2,462.66,2011-08-07T13:17:00.000+03:00,13,8,1,0
18261,United Kingdom,0.0,43,2,324.24,2011-10-27T15:36:00.000+03:00,15,10,5,0
12568,Germany,1.0,644,1,70.0,2010-03-05T09:15:00.000+03:00,9,3,6,1
14599,United Kingdom,0.0,390,2,457.89,2010-11-14T14:49:00.000+03:00,14,11,1,0
13436,United Kingdom,0.0,1,1,196.89,2011-12-08T10:33:00.000+03:00,10,12,5,0
13352,United Kingdom,0.0,60,1,397.98,2011-10-10T13:55:00.000+03:00,13,10,2,0
12786,Netherlands,6.0,609,1,608.5,2010-04-09T12:12:00.000+03:00,12,4,6,1
14753,United Kingdom,0.0,87,2,861.95,2011-09-13T14:50:00.000+03:00,14,9,3,0
12543,Spain,3.0,448,1,835.05,2010-09-17T15:51:00.000+03:00,15,9,6,1
17976,United Kingdom,0.0,372,1,321.79,2010-12-02T13:49:00.000+03:00,13,12,5,0
13091,United Kingdom,0.0,28,3,1801.8,2011-11-11T15:54:00.000+03:00,15,11,6,1
16273,United Kingdom,0.0,648,2,318.34,2010-03-01T13:24:00.000+03:00,13,3,2,0
16077,United Kingdom,0.0,625,1,66.0,2010-03-24T10:42:00.000+03:00,10,3,4,0
14906,United Kingdom,0.0,445,1,68.44,2010-09-20T16:30:00.000+03:00,16,9,2,0
17502,United Kingdom,0.0,9,4,658.86,2011-11-30T13:13:00.000+03:00,13,11,4,0
15163,United Kingdom,0.0,18,2,295.77,2011-11-21T13:10:00.000+03:00,13,11,2,0
16694,United Kingdom,0.0,723,1,98.3,2009-12-16T15:45:00.000+03:00,15,12,4,0
17914,United Kingdom,0.0,3,1,266.48,2011-12-06T11:58:00.000+03:00,11,12,3,0
16741,United Kingdom,0.0,625,1,173.06,2010-03-24T15:15:00.000+03:00,15,3,4,0
16124,United Kingdom,0.0,317,4,1705.29,2011-01-26T14:45:00.000+03:00,14,1,4,0
13326,United Kingdom,0.0,432,1,281.76,2010-10-03T16:00:00.000+03:00,16,10,1,0
15330,United Kingdom,0.0,32,1,29.76,2011-11-07T17:50:00.000+03:00,17,11,2,0
15019,United Kingdom,0.0,266,1,252.81,2011-03-18T12:35:00.000+03:00,12,3,6,1
14340,United Kingdom,0.0,218,1,134.7,2011-05-05T09:44:00.000+03:00,9,5,5,0
17986,United Kingdom,0.0,56,1,20.8,2011-10-14T14:22:00.000+03:00,14,10,6,1
16222,United Kingdom,0.0,318,2,1272.05,2011-01-25T13:38:00.000+03:00,13,1,3,0
13556,United Kingdom,0.0,429,2,186.9,2010-10-06T16:44:00.000+03:00,16,10,4,0
16063,United Kingdom,0.0,260,1,335.32,2011-03-24T14:56:00.000+03:00,14,3,5,0
12945,United Kingdom,0.0,288,2,842.11,2011-02-24T14:15:00.000+03:00,14,2,5,0
12384,Switzerland,7.0,28,2,585.27,2011-11-11T08:39:00.000+03:00,8,11,6,1
16117,United Kingdom,0.0,189,3,654.4,2011-06-03T11:42:00.000+03:00,11,6,6,1
14843,United Kingdom,0.0,436,1,211.8,2010-09-29T12:39:00.000+03:00,12,9,4,0
17529,United Kingdom,0.0,610,2,1240.25,2010-04-08T17:51:00.000+03:00,17,4,5,0
13332,United Kingdom,0.0,14,1,350.9,2011-11-25T13:30:00.000+03:00,13,11,6,1
15852,United Kingdom,0.0,186,3,257.26,2011-06-06T11:22:00.000+03:00,11,6,2,0
12715,Sweden,8.0,106,1,343.36,2011-08-25T15:22:00.000+03:00,15,8,5,0
14429,United Kingdom,0.0,403,1,516.28,2010-11-01T10:08:00.000+03:00,10,11,2,0
13298,United Kingdom,0.0,1,1,90.0,2011-12-08T13:11:00.000+03:00,13,12,5,0
13653,United Kingdom,0.0,487,1,152.2,2010-08-09T08:19:00.000+03:00,8,8,2,0
15049,United Kingdom,0.0,273,1,40.05,2011-03-11T12:13:00.000+03:00,12,3,6,1
17729,United Kingdom,0.0,596,1,438.65,2010-04-22T15:03:00.000+03:00,15,4,5,0
15087,United Kingdom,0.0,281,1,220.06,2011-03-03T10:34:00.000+03:00,10,3,5,0
18018,United Kingdom,0.0,108,4,161.49,2011-08-23T17:37:00.000+03:00,17,8,3,0
12449,Denmark,14.0,410,1,90.0,2010-10-25T12:21:00.000+03:00,12,10,2,0
17803,United Kingdom,0.0,392,1,184.66,2010-11-12T13:53:00.000+03:00,13,11,6,1
17971,United Kingdom,0.0,548,1,161.94,2010-06-09T14:04:00.000+03:00,14,6,4,0
12772,Portugal,5.0,59,1,892.47,2011-10-11T09:19:00.000+03:00,9,10,3,0
16397,United Kingdom,0.0,628,1,123.13,2010-03-21T15:36:00.000+03:00,15,3,1,0
12446,RSA,30.0,57,1,1002.31,2011-10-13T12:50:00.000+03:00,12,10,5,0
16793,United Kingdom,0.0,57,1,243.84,2011-10-13T15:08:00.000+03:00,15,10,5,0
15474,United Kingdom,0.0,595,1,150.35,2010-04-23T11:14:00.000+03:00,11,4,6,1
17551,United Kingdom,0.0,359,1,290.34,2010-12-15T14:12:00.000+03:00,14,12,4,0
13529,United Kingdom,0.0,78,2,307.76,2011-09-22T09:15:00.000+03:00,9,9,5,0
15818,United Kingdom,0.0,588,1,123.5,2010-04-30T12:58:00.000+03:00,12,4,6,1
15853,United Kingdom,0.0,51,1,110.8,2011-10-19T10:38:00.000+03:00,10,10,4,0
13553,United Kingdom,0.0,674,1,499.6,2010-02-03T12:21:00.000+03:00,12,2,4,0
17251,United Kingdom,0.0,362,3,798.98,2010-12-12T11:06:00.000+03:00,11,12,1,0
16148,United Kingdom,0.0,436,1,218.5,2010-09-29T10:12:00.000+03:00,10,9,4,0
16162,United Kingdom,0.0,252,1,37.4,2011-04-01T15:03:00.000+03:00,15,4,6,1
14310,United Kingdom,0.0,432,1,492.1,2010-10-03T12:34:00.000+03:00,12,10,1,0
13915,United Kingdom,0.0,394,1,70.8,2010-11-10T15:17:00.000+03:00,15,11,4,0
15685,United Kingdom,0.0,450,1,55.98,2010-09-15T13:43:00.000+03:00,13,9,4,0
16257,United Kingdom,0.0,176,1,46.95,2011-06-16T10:11:00.000+03:00,10,6,5,0
15371,United Kingdom,0.0,662,1,59.4,2010-02-15T13:14:00.000+03:00,13,2,2,0
15226,United Kingdom,0.0,310,1,154.41,2011-02-02T11:41:00.000+03:00,11,2,4,0
14381,United Kingdom,0.0,52,2,625.94,2011-10-18T17:10:00.000+03:00,17,10,3,0
15934,United Kingdom,0.0,417,2,484.86,2010-10-18T10:13:00.000+03:00,10,10,2,0
15082,United Kingdom,0.0,668,1,93.35,2010-02-09T10:23:00.000+03:00,10,2,3,0
13303,United Kingdom,0.0,400,1,61.72,2010-11-04T14:55:00.000+03:00,14,11,5,0
15648,United Kingdom,0.0,204,2,581.5,2011-05-19T15:53:00.000+03:00,15,5,5,0
17226,United Kingdom,0.0,308,3,469.47,2011-02-04T11:52:00.000+03:00,11,2,6,1
13757,United Kingdom,0.0,674,1,195.55,2010-02-03T12:37:00.000+03:00,12,2,4,0
13898,United Kingdom,0.0,325,2,680.1,2011-01-18T10:28:00.000+03:00,10,1,3,0
16423,United Kingdom,0.0,24,1,285.28,2011-11-15T09:21:00.000+03:00,9,11,3,0
12367,Denmark,14.0,4,1,156.3,2011-12-05T16:48:00.000+03:00,16,12,2,0
13818,United Kingdom,0.0,429,1,61.28,2010-10-06T12:35:00.000+03:00,12,10,4,0
13311,United Kingdom,0.0,4,2,488.57,2011-12-05T12:55:00.000+03:00,12,12,2,0
15926,United Kingdom,0.0,542,1,82.54,2010-06-15T15:23:00.000+03:00,15,6,3,0
13560,United Kingdom,0.0,7,1,171.42,2011-12-02T13:11:00.000+03:00,13,12,6,1
12548,Spain,3.0,166,1,95.2,2011-06-26T15:35:00.000+03:00,15,6,1,0
16111,United Kingdom,0.0,428,1,549.33,2010-10-07T19:51:00.000+03:00,19,10,5,0
17907,United Kingdom,0.0,640,1,80.08,2010-03-09T12:33:00.000+03:00,12,3,3,0
12469,Thailand,39.0,522,1,1113.7,2010-07-05T12:40:00.000+03:00,12,7,2,0
16542,United Kingdom,0.0,53,2,257.32,2011-10-17T10:47:00.000+03:00,10,10,2,0
12788,Netherlands,6.0,463,4,444.9,2010-09-02T14:21:00.000+03:00,14,9,5,0
18195,United Kingdom,0.0,387,1,101.16,2010-11-17T15:03:00.000+03:00,15,11,4,0
14268,United Kingdom,0.0,470,1,354.85,2010-08-26T10:45:00.000+03:00,10,8,5,0
14536,United Kingdom,0.0,259,1,170.95,2011-03-25T12:21:00.000+03:00,12,3,6,1
14519,United Kingdom,0.0,683,2,203.14,2010-01-25T11:18:00.000+03:00,11,1,2,0
18099,United Kingdom,0.0,127,1,168.31,2011-08-04T15:52:00.000+03:00,15,8,5,0
15946,United Kingdom,0.0,502,2,502.96,2010-07-25T12:16:00.000+03:00,12,7,1,0
16870,United Kingdom,0.0,469,1,419.56,2010-08-27T13:53:00.000+03:00,13,8,6,1
15653,United Kingdom,0.0,115,1,48.0,2011-08-16T09:50:00.000+03:00,9,8,3,0
16562,United Kingdom,0.0,476,1,223.86,2010-08-20T11:45:00.000+03:00,11,8,6,1
15824,United Kingdom,0.0,453,2,800.58,2010-09-12T13:20:00.000+03:00,13,9,1,0
17108,United Kingdom,0.0,663,1,174.95,2010-02-14T12:22:00.000+03:00,12,2,1,0
12612,Germany,1.0,74,1,690.0,2011-09-26T15:35:00.000+03:00,15,9,2,0
12852,United Kingdom,0.0,294,1,311.55,2011-02-18T08:47:00.000+03:00,8,2,6,1
17887,United Kingdom,0.0,129,1,111.35,2011-08-02T17:29:00.000+03:00,17,8,3,0
14856,United Kingdom,0.0,36,3,1190.69,2011-11-03T14:53:00.000+03:00,14,11,5,0
16963,United Kingdom,0.0,187,1,110.55,2011-06-05T13:48:00.000+03:00,13,6,1,0
17363,United Kingdom,0.0,395,3,703.06,2010-11-09T17:11:00.000+03:00,17,11,3,0
14012,United Kingdom,0.0,277,1,328.8,2011-03-07T12:26:00.000+03:00,12,3,2,0
14324,United Kingdom,0.0,409,2,689.01,2010-10-26T11:44:00.000+03:00,11,10,3,0
12443,Norway,13.0,732,1,485.31,2009-12-07T15:42:00.000+03:00,15,12,2,0
12465,Belgium,4.0,17,2,701.39,2011-11-22T16:34:00.000+03:00,16,11,3,0
13363,United Kingdom,0.0,17,3,1691.1,2011-11-22T12:40:00.000+03:00,12,11,3,0
14786,United Kingdom,0.0,550,1,90.96,2010-06-07T13:42:00.000+03:00,13,6,2,0
14218,United Kingdom,0.0,42,1,169.48,2011-10-28T10:00:00.000+03:00,10,10,6,1
17892,United Kingdom,0.0,57,2,152.3,2011-10-13T13:20:00.000+03:00,13,10,5,0
15892,United Kingdom,0.0,669,1,128.2,2010-02-08T16:23:00.000+03:00,16,2,2,0
13570,United Kingdom,0.0,243,1,239.49,2011-04-10T13:36:00.000+03:00,13,4,1,0
14356,United Kingdom,0.0,79,2,701.23,2011-09-21T09:18:00.000+03:00,9,9,4,0
17814,United Kingdom,0.0,375,2,1468.25,2010-11-29T14:21:00.000+03:00,14,11,2,0
12606,Spain,3.0,682,1,21.0,2010-01-26T16:23:00.000+03:00,16,1,3,0
17496,United Kingdom,0.0,358,4,1412.89,2010-12-16T08:39:00.000+03:00,8,12,5,0
15721,United Kingdom,0.0,11,1,467.4,2011-11-28T12:14:00.000+03:00,12,11,2,0
17517,United Kingdom,0.0,308,1,153.94,2011-02-04T11:48:00.000+03:00,11,2,6,1
13626,United Kingdom,0.0,252,2,707.04,2011-04-01T10:05:00.000+03:00,10,4,6,1
15230,United Kingdom,0.0,239,2,429.6,2011-04-14T14:39:00.000+03:00,14,4,5,0
13166,United Kingdom,0.0,283,2,835.61,2011-03-01T15:16:00.000+03:00,15,3,3,0
16329,United Kingdom,0.0,427,4,1261.72,2010-10-08T12:44:00.000+03:00,12,10,6,1
17824,United Kingdom,0.0,51,1,235.84,2011-10-19T14:14:00.000+03:00,14,10,4,0
18228,United Kingdom,0.0,56,2,779.9,2011-10-14T09:21:00.000+03:00,9,10,6,1
17478,United Kingdom,0.0,408,2,1179.8,2010-10-27T15:01:00.000+03:00,15,10,4,0
16980,United Kingdom,0.0,255,3,1189.63,2011-03-29T16:36:00.000+03:00,16,3,3,0
12467,USA,18.0,423,1,132.8,2010-10-12T15:41:00.000+03:00,15,10,3,0
13204,United Kingdom,0.0,731,1,966.66,2009-12-08T14:56:00.000+03:00,14,12,3,0
16388,United Kingdom,0.0,653,1,186.05,2010-02-24T10:20:00.000+03:00,10,2,4,0
17772,United Kingdom,0.0,10,3,360.75,2011-11-29T11:05:00.000+03:00,11,11,3,0
13156,United Kingdom,0.0,385,3,1558.7,2010-11-19T13:09:00.000+03:00,13,11,6,1
13964,United Kingdom,0.0,387,2,438.9,2010-11-17T13:53:00.000+03:00,13,11,4,0
15327,United Kingdom,0.0,52,1,208.75,2011-10-18T11:55:00.000+03:00,11,10,3,0
18119,United Kingdom,0.0,367,1,160.54,2010-12-07T11:59:00.000+03:00,11,12,3,0
15595,United Kingdom,0.0,487,1,64.8,2010-08-09T12:27:00.000+03:00,12,8,2,0
16953,United Kingdom,0.0,30,1,20.8,2011-11-09T15:54:00.000+03:00,15,11,4,0
14658,United Kingdom,0.0,5,2,247.15,2011-12-04T15:35:00.000+03:00,15,12,1,0
18284,United Kingdom,0.0,431,1,336.88,2010-10-04T11:33:00.000+03:00,11,10,2,0
12563,Italy,9.0,408,1,249.24,2010-10-27T09:52:00.000+03:00,9,10,4,0
14581,United Kingdom,0.0,16,2,374.97,2011-11-23T12:39:00.000+03:00,12,11,4,0
13766,United Kingdom,0.0,495,1,190.35,2010-08-01T14:25:00.000+03:00,14,8,1,0
17008,United Kingdom,0.0,429,1,81.36,2010-10-06T15:19:00.000+03:00,15,10,4,0
16641,United Kingdom,0.0,105,2,463.78,2011-08-26T12:49:00.000+03:00,12,8,6,1
12522,Germany,1.0,39,2,188.72,2011-10-31T15:30:00.000+03:00,15,10,2,0
13731,United Kingdom,0.0,219,2,610.59,2011-05-04T14:33:00.000+03:00,14,5,4,0
15423,United Kingdom,0.0,38,3,185.89,2011-11-01T14:01:00.000+03:00,14,11,3,0
18165,United Kingdom,0.0,177,1,177.66,2011-06-15T13:23:00.000+03:00,13,6,4,0
12436,Norway,13.0,99,1,509.01,2011-09-01T12:09:00.000+03:00,12,9,5,0
15132,United Kingdom,0.0,18,5,791.69,2011-11-21T17:10:00.000+03:00,17,11,2,0
18060,United Kingdom,0.0,408,2,1156.66,2010-10-27T16:41:00.000+03:00,16,10,4,0
18021,United Kingdom,0.0,509,2,216.41,2010-07-18T10:52:00.000+03:00,10,7,1,0
12751,Brazil,27.0,444,1,268.27,2010-09-21T12:49:00.000+03:00,12,9,3,0
17309,United Kingdom,0.0,95,3,320.39,2011-09-05T15:20:00.000+03:00,15,9,2,0
18076,United Kingdom,0.0,380,1,68.45,2010-11-24T14:02:00.000+03:00,14,11,4,0
13043,United Kingdom,0.0,273,1,327.3,2011-03-11T14:52:00.000+03:00,14,3,6,1
17520,United Kingdom,0.0,53,1,532.89,2011-10-17T12:04:00.000+03:00,12,10,2,0
14989,United Kingdom,0.0,661,1,342.4,2010-02-16T10:40:00.000+03:00,10,2,3,0
15922,United Kingdom,0.0,373,1,248.9,2010-12-01T13:51:00.000+03:00,13,12,4,0
13809,Cyprus,17.0,305,3,401.3,2011-02-07T13:15:00.000+03:00,13,2,2,0
16902,United Kingdom,0.0,116,1,1607.64,2011-08-15T14:17:00.000+03:00,14,8,2,0
13844,United Kingdom,0.0,11,1,361.62,2011-11-28T13:21:00.000+03:00,13,11,2,0
13724,United Kingdom,0.0,637,1,213.01,2010-03-12T15:28:00.000+03:00,15,3,6,1
13563,United Kingdom,0.0,84,2,684.23,2011-09-16T14:45:00.000+03:00,14,9,6,1
17414,United Kingdom,0.0,184,3,84.0,2011-06-08T11:43:00.000+03:00,11,6,4,0
16404,United Kingdom,0.0,70,1,443.05,2011-09-30T14:55:00.000+03:00,14,9,6,1
12547,Spain,3.0,197,3,383.58,2011-05-26T12:38:00.000+03:00,12,5,5,0
12413,Spain,3.0,402,1,241.35,2010-11-02T13:26:00.000+03:00,13,11,3,0
13801,United Kingdom,0.0,66,1,324.8,2011-10-04T10:15:00.000+03:00,10,10,3,0
16921,United Kingdom,0.0,61,3,364.21,2011-10-09T16:22:00.000+03:00,16,10,1,0
14784,United Kingdom,0.0,26,3,431.21,2011-11-13T13:30:00.000+03:00,13,11,1,0
13096,United Kingdom,0.0,394,1,419.7,2010-11-10T14:08:00.000+03:00,14,11,4,0
18038,United Kingdom,0.0,556,1,141.48,2010-06-01T15:59:00.000+03:00,15,6,3,0
17574,United Kingdom,0.0,242,1,185.65,2011-04-11T09:47:00.000+03:00,9,4,2,0
17775,United Kingdom,0.0,254,1,56.4,2011-03-30T10:50:00.000+03:00,10,3,4,0
12459,Spain,3.0,605,1,434.2,2010-04-13T14:53:00.000+03:00,14,4,3,0
14023,United Kingdom,0.0,7,2,560.67,2011-12-02T13:58:00.000+03:00,13,12,6,1
14923,United Kingdom,0.0,50,1,722.7,2011-10-20T11:51:00.000+03:00,11,10,5,0
17326,United Kingdom,0.0,408,2,312.35,2010-10-27T15:38:00.000+03:00,15,10,4,0
14576,United Kingdom,0.0,372,1,35.4,2010-12-02T17:51:00.000+03:00,17,12,5,0
15931,United Kingdom,0.0,428,1,239.9,2010-10-07T16:46:00.000+03:00,16,10,5,0
15012,United Kingdom,0.0,53,3,638.7,2011-10-17T12:22:00.000+03:00,12,10,2,0
17678,United Kingdom,0.0,263,2,599.76,2011-03-21T11:52:00.000+03:00,11,3,2,0
16751,United Kingdom,0.0,30,1,216.02,2011-11-09T10:48:00.000+03:00,10,11,4,0
15699,United Kingdom,0.0,17,1,309.65,2011-11-22T08:26:00.000+03:00,8,11,3,0
18088,United Kingdom,0.0,61,1,166.03,2011-10-09T13:41:00.000+03:00,13,10,1,0
17072,United Kingdom,0.0,625,1,273.35,2010-03-24T16:33:00.000+03:00,16,3,4,0
17468,United Kingdom,0.0,10,3,194.8,2011-11-29T15:33:00.000+03:00,15,11,3,0
16909,United Kingdom,0.0,72,1,263.22,2011-09-28T16:45:00.000+03:00,16,9,4,0
14073,United Kingdom,0.0,32,1,151.04,2011-11-07T15:49:00.000+03:00,15,11,2,0
12777,United Kingdom,0.0,457,1,424.95,2010-09-08T11:35:00.000+03:00,11,9,4,0
16697,United Kingdom,0.0,241,1,112.75,2011-04-12T17:12:00.000+03:00,17,4,3,0
14886,United Kingdom,0.0,252,1,364.8,2011-04-01T08:56:00.000+03:00,8,4,6,1
15481,Norway,13.0,401,1,873.0,2010-11-03T14:52:00.000+03:00,14,11,4,0
15473,United Kingdom,0.0,444,1,70.8,2010-09-21T09:14:00.000+03:00,9,9,3,0
14926,United Kingdom,0.0,598,1,81.0,2010-04-20T09:59:00.000+03:00,9,4,3,0
17087,United Kingdom,0.0,737,1,221.53,2009-12-02T10:41:00.000+03:00,10,12,4,0
16739,United Kingdom,0.0,176,2,735.03,2011-06-16T09:17:00.000+03:00,9,6,5,0
15832,United Kingdom,0.0,254,1,836.79,2011-03-30T15:29:00.000+03:00,15,3,4,0
12736,France,2.0,332,1,183.6,2011-01-11T07:57:00.000+03:00,7,1,3,0
17538,United Kingdom,0.0,25,1,92.66,2011-11-14T12:12:00.000+03:00,12,11,2,0
13886,United Kingdom,0.0,71,1,243.56,2011-09-29T13:17:00.000+03:00,13,9,5,0
15470,United Kingdom,0.0,575,1,8.4,2010-05-13T09:35:00.000+03:00,9,5,5,0
16340,United Kingdom,0.0,107,3,1482.32,2011-08-24T14:53:00.000+03:00,14,8,4,0
17833,United Kingdom,0.0,723,1,338.46,2009-12-16T13:40:00.000+03:00,13,12,4,0
14669,United Kingdom,0.0,241,7,3180.18,2011-04-12T11:43:00.000+03:00,11,4,3,0
12698,Germany,1.0,590,1,339.75,2010-04-28T15:51:00.000+03:00,15,4,4,0
14946,United Kingdom,0.0,14,1,100.9,2011-11-25T13:33:00.000+03:00,13,11,6,1
16486,United Kingdom,0.0,537,1,134.36,2010-06-20T12:16:00.000+03:00,12,6,1,0
13482,United Kingdom,0.0,232,2,336.09,2011-04-21T17:03:00.000+03:00,17,4,5,0
12745,EIRE,21.0,682,1,201.56,2010-01-26T16:22:00.000+03:00,16,1,3,0
13391,United Kingdom,0.0,203,1,59.8,2011-05-20T10:50:00.000+03:00,10,5,6,1
15261,United Kingdom,0.0,135,4,1508.0,2011-07-27T15:20:00.000+03:00,15,7,4,0
17253,United Kingdom,0.0,18,1,178.26,2011-11-21T12:59:00.000+03:00,12,11,2,0
14937,Channel Islands,15.0,56,2,1409.48,2011-10-14T12:28:00.000+03:00,12,10,6,1
13737,United Kingdom,0.0,200,1,265.65,2011-05-23T16:32:00.000+03:00,16,5,2,0
15397,United Kingdom,0.0,289,1,94.0,2011-02-23T09:25:00.000+03:00,9,2,4,0
12596,Spain,3.0,51,2,509.07,2011-10-19T13:02:00.000+03:00,13,10,4,0
14964,United Kingdom,0.0,247,1,104.45,2011-04-06T14:13:00.000+03:00,14,4,4,0
14687,United Kingdom,0.0,106,3,759.18,2011-08-25T11:59:00.000+03:00,11,8,5,0
16565,United Kingdom,0.0,364,3,221.05,2010-12-10T15:21:00.000+03:00,15,12,6,1
14513,United Kingdom,0.0,206,3,435.05,2011-05-17T12:21:00.000+03:00,12,5,3,0
13163,United Kingdom,0.0,610,1,17.65,2010-04-08T16:21:00.000+03:00,16,4,5,0
15307,United Kingdom,0.0,95,1,205.3,2011-09-05T11:38:00.000+03:00,11,9,2,0
14255,United Kingdom,0.0,546,1,1000.63,2010-06-11T15:54:00.000+03:00,15,6,6,1
15435,United Kingdom,0.0,22,1,149.29,2011-11-17T16:39:00.000+03:00,16,11,5,0
16591,United Kingdom,0.0,68,1,213.5,2011-10-02T10:43:00.000+03:00,10,10,1,0
14747,United Kingdom,0.0,249,1,328.2,2011-04-04T14:09:00.000+03:00,14,4,2,0
12622,Germany,1.0,232,1,180.1,2011-04-21T16:39:00.000+03:00,16,4,5,0
15385,United Kingdom,0.0,40,3,259.76,2011-10-30T15:11:00.000+03:00,15,10,1,0
17429,United Kingdom,0.0,128,5,1300.66,2011-08-03T13:22:00.000+03:00,13,8,4,0
14816,United Kingdom,0.0,197,1,271.85,2011-05-26T13:16:00.000+03:00,13,5,5,0
15556,United Kingdom,0.0,24,1,229.77,2011-11-15T16:08:00.000+03:00,16,11,3,0
17877,United Kingdom,0.0,170,1,237.61,2011-06-22T13:00:00.000+03:00,13,6,4,0
17206,United Kingdom,0.0,53,1,204.24,2011-10-17T13:25:00.000+03:00,13,10,2,0
17558,United Kingdom,0.0,393,1,259.17,2010-11-11T14:36:00.000+03:00,14,11,5,0
12351,Unspecified,20.0,375,1,300.93,2010-11-29T15:23:00.000+03:00,15,11,2,0
15300,United Kingdom,0.0,64,1,496.44,2011-10-06T17:08:00.000+03:00,17,10,5,0
17436,United Kingdom,0.0,1,5,534.06,2011-12-08T12:30:00.000+03:00,12,12,5,0
15802,United Kingdom,0.0,142,1,451.42,2011-07-20T11:38:00.000+03:00,11,7,4,0
15460,United Kingdom,0.0,354,1,214.26,2010-12-20T16:08:00.000+03:00,16,12,2,0
15293,United Kingdom,0.0,665,1,247.5,2010-02-12T11:54:00.000+03:00,11,2,6,1
16095,United Kingdom,0.0,456,1,447.05,2010-09-09T16:54:00.000+03:00,16,9,5,0
14761,United Kingdom,0.0,58,3,447.92,2011-10-12T12:10:00.000+03:00,12,10,4,0
16181,United Kingdom,0.0,73,1,163.94,2011-09-27T13:38:00.000+03:00,13,9,3,0
12550,Spain,3.0,79,1,964.83,2011-09-21T14:35:00.000+03:00,14,9,4,0
12938,United Kingdom,0.0,25,1,100.22,2011-11-14T11:21:00.000+03:00,11,11,2,0
15970,United Kingdom,0.0,303,2,522.32,2011-02-09T12:08:00.000+03:00,12,2,4,0
13275,United Kingdom,0.0,383,2,238.86,2010-11-21T12:09:00.000+03:00,12,11,1,0
16105,United Kingdom,0.0,248,5,1775.93,2011-04-05T10:13:00.000+03:00,10,4,3,0
13793,United Kingdom,0.0,646,1,96.0,2010-03-03T08:25:00.000+03:00,8,3,4,0
15317,United Kingdom,0.0,677,1,129.75,2010-01-31T15:55:00.000+03:00,15,1,1,0
13954,United Kingdom,0.0,1,2,439.92,2011-12-08T12:50:00.000+03:00,12,12,5,0
13024,United Kingdom,0.0,470,2,555.87,2010-08-26T09:42:00.000+03:00,9,8,5,0
13278,United Kingdom,0.0,40,4,1270.97,2011-10-30T11:49:00.000+03:00,11,10,1,0
14254,United Kingdom,0.0,432,1,601.03,2010-10-03T11:52:00.000+03:00,11,10,1,0
15744,United Kingdom,0.0,77,1,6.96,2011-09-23T09:52:00.000+03:00,9,9,6,1
14448,United Kingdom,0.0,9,2,137.75,2011-11-30T13:50:00.000+03:00,13,11,4,0
16248,United Kingdom,0.0,61,1,152.94,2011-10-09T11:32:00.000+03:00,11,10,1,0
17304,United Kingdom,0.0,534,1,59.0,2010-06-23T16:23:00.000+03:00,16,6,4,0
17630,United Kingdom,0.0,169,2,503.6,2011-06-23T11:58:00.000+03:00,11,6,5,0
13193,United Kingdom,0.0,61,1,112.08,2011-10-09T14:30:00.000+03:00,14,10,1,0
15857,United Kingdom,0.0,18,2,360.48,2011-11-21T12:18:00.000+03:00,12,11,2,0
17401,United Kingdom,0.0,541,1,114.85,2010-06-16T16:54:00.000+03:00,16,6,4,0
18232,United Kingdom,0.0,81,4,592.97,2011-09-19T11:49:00.000+03:00,11,9,2,0
14007,United Kingdom,0.0,512,1,79.48,2010-07-15T09:06:00.000+03:00,9,7,5,0
13879,United Kingdom,0.0,645,1,395.5,2010-03-04T10:49:00.000+03:00,10,3,5,0
14801,United Kingdom,0.0,61,1,189.34,2011-10-09T15:24:00.000+03:00,15,10,1,0
17583,United Kingdom,0.0,560,1,135.95,2010-05-28T14:24:00.000+03:00,14,5,6,1
18263,United Kingdom,0.0,25,3,1042.4,2011-11-14T09:00:00.000+03:00,9,11,2,0
18166,United Kingdom,0.0,623,1,175.5,2010-03-26T12:26:00.000+03:00,12,3,6,1
14629,United Kingdom,0.0,4,2,955.26,2011-12-05T16:55:00.000+03:00,16,12,2,0
14270,United Kingdom,0.0,331,1,492.65,2011-01-12T09:33:00.000+03:00,9,1,4,0
15269,United Kingdom,0.0,23,3,1225.36,2011-11-16T09:32:00.000+03:00,9,11,4,0
17840,United Kingdom,0.0,443,1,175.9,2010-09-22T12:24:00.000+03:00,12,9,4,0
15650,United Kingdom,0.0,521,2,553.88,2010-07-06T10:41:00.000+03:00,10,7,3,0
12702,Germany,1.0,19,1,219.0,2011-11-20T10:36:00.000+03:00,10,11,1,0
16936,United Kingdom,0.0,25,2,541.45,2011-11-14T11:04:00.000+03:00,11,11,2,0
12575,France,2.0,457,2,592.22,2010-09-08T13:09:00.000+03:00,13,9,4,0
13794,United Kingdom,0.0,546,1,126.03,2010-06-11T12:30:00.000+03:00,12,6,6,1
16437,United Kingdom,0.0,381,2,301.25,2010-11-23T16:59:00.000+03:00,16,11,3,0
15313,United Kingdom,0.0,110,1,52.0,2011-08-21T16:02:00.000+03:00,16,8,1,0
16667,United Kingdom,0.0,68,2,567.18,2011-10-02T15:26:00.000+03:00,15,10,1,0
15866,United Kingdom,0.0,101,1,211.89,2011-08-30T14:09:00.000+03:00,14,8,3,0
13645,United Kingdom,0.0,120,1,50.5,2011-08-11T16:11:00.000+03:00,16,8,5,0
16535,United Kingdom,0.0,5,3,916.12,2011-12-04T15:18:00.000+03:00,15,12,1,0
15037,United Kingdom,0.0,376,2,385.16,2010-11-28T13:05:00.000+03:00,13,11,1,0
17563,United Kingdom,0.0,578,2,392.38,2010-05-10T14:54:00.000+03:00,14,5,2,0
14832,United Kingdom,0.0,630,1,322.69,2010-03-19T15:14:00.000+03:00,15,3,6,1
13459,United Kingdom,0.0,624,2,1101.19,2010-03-25T10:24:00.000+03:00,10,3,5,0
13329,United Kingdom,0.0,31,8,2626.73,2011-11-08T10:29:00.000+03:00,10,11,3,0
15517,United Kingdom,0.0,233,1,259.47,2011-04-20T14:02:00.000+03:00,14,4,4,0
13580,United Kingdom,0.0,406,1,107.75,2010-10-29T15:01:00.000+03:00,15,10,6,1
15464,United Kingdom,0.0,338,1,1044.65,2011-01-05T15:56:00.000+03:00,15,1,4,0
18089,United Kingdom,0.0,446,1,428.45,2010-09-19T11:57:00.000+03:00,11,9,1,0
17972,United Kingdom,0.0,241,1,135.19,2011-04-12T12:16:00.000+03:00,12,4,3,0
18107,United Kingdom,0.0,442,1,165.88,2010-09-23T13:03:00.000+03:00,13,9,5,0
16194,United Kingdom,0.0,375,1,239.0,2010-11-29T13:28:00.000+03:00,13,11,2,0
13025,United Kingdom,0.0,731,1,203.15,2009-12-08T10:02:00.000+03:00,10,12,3,0
13661,United Kingdom,0.0,603,1,325.24,2010-04-15T14:58:00.000+03:00,14,4,5,0
13697,United Kingdom,0.0,38,1,151.3,2011-11-01T09:14:00.000+03:00,9,11,3,0
16488,United Kingdom,0.0,33,3,402.0,2011-11-06T13:42:00.000+03:00,13,11,1,0
12934,United Kingdom,0.0,736,1,79.95,2009-12-03T10:51:00.000+03:00,10,12,5,0
17619,United Kingdom,0.0,312,1,214.37,2011-01-31T14:18:00.000+03:00,14,1,2,0
12375,Finland,11.0,10,2,395.1,2011-11-29T10:36:00.000+03:00,10,11,3,0
17260,United Kingdom,0.0,411,1,120.95,2010-10-24T13:21:00.000+03:00,13,10,1,0
17039,United Kingdom,0.0,604,1,1795.51,2010-04-14T12:56:00.000+03:00,12,4,4,0
12558,USA,18.0,7,1,195.08,2011-12-02T10:41:00.000+03:00,10,12,6,1
16263,United Kingdom,0.0,423,1,244.58,2010-10-12T14:52:00.000+03:00,14,10,3,0
18011,United Kingdom,0.0,373,2,410.79,2010-12-01T17:35:00.000+03:00,17,12,4,0
17717,United Kingdom,0.0,421,1,376.92,2010-10-14T12:54:00.000+03:00,12,10,5,0
15324,United Kingdom,0.0,701,1,140.22,2010-01-07T14:37:00.000+03:00,14,1,5,0
14380,United Kingdom,0.0,682,1,48.96,2010-01-26T17:11:00.000+03:00,17,1,3,0
17806,United Kingdom,0.0,11,1,445.11,2011-11-28T14:12:00.000+03:00,14,11,2,0
15294,United Kingdom,0.0,410,1,233.35,2010-10-25T11:45:00.000+03:00,11,10,2,0
16339,United Kingdom,0.0,284,1,94.05,2011-02-28T13:41:00.000+03:00,13,2,2,0
14269,United Kingdom,0.0,439,1,295.73,2010-09-26T12:53:00.000+03:00,12,9,1,0
14797,United Kingdom,0.0,507,1,300.31,2010-07-20T14:07:00.000+03:00,14,7,3,0
14333,United Kingdom,0.0,67,1,415.2,2011-10-03T10:38:00.000+03:00,10,10,2,0
12368,Cyprus,17.0,628,1,728.2,2010-03-21T15:56:00.000+03:00,15,3,1,0
17202,United Kingdom,0.0,420,1,160.65,2010-10-15T11:25:00.000+03:00,11,10,6,1
16733,United Kingdom,0.0,529,1,259.68,2010-06-28T10:12:00.000+03:00,10,6,2,0
17467,United Kingdom,0.0,395,1,102.6,2010-11-09T12:58:00.000+03:00,12,11,3,0
13907,United Kingdom,0.0,691,1,136.8,2010-01-17T12:22:00.000+03:00,12,1,1,0
17636,United Kingdom,0.0,19,1,285.56,2011-11-20T14:40:00.000+03:00,14,11,1,0
18279,United Kingdom,0.0,519,1,64.6,2010-07-08T14:48:00.000+03:00,14,7,5,0
17415,United Kingdom,0.0,79,1,507.84,2011-09-21T12:50:00.000+03:00,12,9,4,0
14683,United Kingdom,0.0,588,1,103.58,2010-04-30T17:18:00.000+03:00,17,4,6,1
14266,United Kingdom,0.0,428,1,40.56,2010-10-07T13:32:00.000+03:00,13,10,5,0
14568,Channel Islands,15.0,435,1,872.6,2010-09-30T17:15:00.000+03:00,17,9,5,0
15126,United Kingdom,0.0,536,2,449.49,2010-06-21T12:31:00.000+03:00,12,6,2,0
12607,USA,18.0,60,1,1556.11,2011-10-10T16:06:00.000+03:00,16,10,2,0
16581,United Kingdom,0.0,182,1,105.84,2011-06-10T10:05:00.000+03:00,10,6,6,1
12394,Denmark,14.0,63,1,162.0,2011-10-07T08:08:00.000+03:00,8,10,6,1
15176,United Kingdom,0.0,667,1,988.04,2010-02-10T10:36:00.000+03:00,10,2,4,0
13773,United Kingdom,0.0,396,2,301.54,2010-11-08T11:49:00.000+03:00,11,11,2,0
13424,United Kingdom,0.0,449,1,572.77,2010-09-16T10:49:00.000+03:00,10,9,5,0
15947,United Kingdom,0.0,82,1,572.04,2011-09-18T10:46:00.000+03:00,10,9,1,0
16587,United Kingdom,0.0,232,1,225.15,2011-04-21T15:51:00.000+03:00,15,4,5,0
13227,United Kingdom,0.0,201,1,257.7,2011-05-22T11:47:00.000+03:00,11,5,1,0
14281,United Kingdom,0.0,408,1,245.15,2010-10-27T14:45:00.000+03:00,14,10,4,0
16237,United Kingdom,0.0,437,1,136.65,2010-09-28T17:02:00.000+03:00,17,9,3,0
17471,United Kingdom,0.0,474,1,321.65,2010-08-22T11:53:00.000+03:00,11,8,1,0
17875,United Kingdom,0.0,688,1,167.1,2010-01-20T15:30:00.000+03:00,15,1,4,0
14602,United Kingdom,0.0,656,1,205.36,2010-02-21T15:47:00.000+03:00,15,2,1,0
13312,United Kingdom,0.0,451,1,124.75,2010-09-14T14:36:00.000+03:00,14,9,3,0
12983,United Kingdom,0.0,598,1,314.88,2010-04-20T12:58:00.000+03:00,12,4,3,0
17688,United Kingdom,0.0,393,1,304.2,2010-11-11T10:41:00.000+03:00,10,11,5,0
13930,United Kingdom,0.0,57,2,337.34,2011-10-13T09:45:00.000+03:00,9,10,5,0
13112,United Kingdom,0.0,541,1,20.6,2010-06-16T17:03:00.000+03:00,17,6,4,0
17748,United Kingdom,0.0,527,1,358.15,2010-06-30T13:49:00.000+03:00,13,6,4,0
13604,United Kingdom,0.0,658,1,522.62,2010-02-19T12:02:00.000+03:00,12,2,6,1
12461,Switzerland,7.0,94,2,826.88,2011-09-06T16:57:00.000+03:00,16,9,3,0
17174,United Kingdom,0.0,217,1,59.9,2011-05-06T11:47:00.000+03:00,11,5,6,1
14509,United Kingdom,0.0,534,1,110.95,2010-06-23T13:21:00.000+03:00,13,6,4,0
17118,United Kingdom,0.0,317,1,157.02,2011-01-26T12:19:00.000+03:00,12,1,4,0
15876,United Kingdom,0.0,409,1,284.9,2010-10-26T18:58:00.000+03:00,18,10,3,0
16683,United Kingdom,0.0,533,1,320.25,2010-06-24T10:36:00.000+03:00,10,6,5,0
15778,United Kingdom,0.0,431,1,307.95,2010-10-04T15:10:00.000+03:00,15,10,2,0
12667,Finland,11.0,58,1,620.13,2011-10-12T17:00:00.000+03:00,17,10,4,0
14521,United Kingdom,0.0,491,1,185.59,2010-08-05T16:35:00.000+03:00,16,8,5,0
14100,United Kingdom,0.0,137,1,191.95,2011-07-25T11:01:00.000+03:00,11,7,2,0
17066,United Kingdom,0.0,726,1,228.34,2009-12-13T13:24:00.000+03:00,13,12,1,0
15820,United Kingdom,0.0,319,1,116.98,2011-01-24T12:00:00.000+03:00,12,1,2,0
16088,United Kingdom,0.0,591,1,88.35,2010-04-27T10:56:00.000+03:00,10,4,3,0
18131,United Kingdom,0.0,631,1,39.6,2010-03-18T08:48:00.000+03:00,8,3,5,0
15010,United Kingdom,0.0,35,1,308.94,2011-11-04T12:42:00.000+03:00,12,11,6,1
15619,United Kingdom,0.0,10,1,191.4,2011-11-29T08:14:00.000+03:00,8,11,3,0
13678,United Kingdom,0.0,151,1,72.56,2011-07-11T10:14:00.000+03:00,10,7,2,0
13255,United Kingdom,0.0,9,3,451.96,2011-11-30T13:14:00.000+03:00,13,11,4,0
16653,United Kingdom,0.0,16,2,1212.66,2011-11-23T14:51:00.000+03:00,14,11,4,0
16687,United Kingdom,0.0,390,1,127.03,2010-11-14T11:46:00.000+03:00,11,11,1,0
16093,United Kingdom,0.0,106,1,17.0,2011-08-25T11:09:00.000+03:00,11,8,5,0
15310,United Kingdom,0.0,478,1,965.6,2010-08-18T11:38:00.000+03:00,11,8,4,0
12501,Germany,1.0,336,1,2140.11,2011-01-07T12:28:00.000+03:00,12,1,6,1
16100,United Kingdom,0.0,462,1,582.64,2010-09-03T11:39:00.000+03:00,11,9,6,1
16481,United Kingdom,0.0,682,1,291.68,2010-01-26T13:09:00.000+03:00,13,1,3,0
13257,United Kingdom,0.0,436,1,149.75,2010-09-29T14:58:00.000+03:00,14,9,4,0
14384,United Kingdom,0.0,500,1,58.5,2010-07-27T09:53:00.000+03:00,9,7,3,0
13667,United Kingdom,0.0,149,1,299.05,2011-07-13T15:42:00.000+03:00,15,7,4,0
17617,United Kingdom,0.0,558,1,385.19,2010-05-30T12:48:00.000+03:00,12,5,1,0
16483,United Kingdom,0.0,192,1,139.35,2011-05-31T13:08:00.000+03:00,13,5,3,0
13943,United Kingdom,0.0,577,1,246.54,2010-05-11T11:30:00.000+03:00,11,5,3,0
16264,United Kingdom,0.0,438,2,783.93,2010-09-27T15:00:00.000+03:00,15,9,2,0
12884,United Kingdom,0.0,88,1,309.05,2011-09-12T13:10:00.000+03:00,13,9,2,0
14368,United Kingdom,0.0,319,1,155.0,2011-01-24T09:52:00.000+03:00,9,1,2,0
16113,United Kingdom,0.0,183,1,126.1,2011-06-09T16:16:00.000+03:00,16,6,5,0
14899,United Kingdom,0.0,395,1,1290.58,2010-11-09T15:20:00.000+03:00,15,11,3,0
13406,United Kingdom,0.0,427,1,105.0,2010-10-08T14:44:00.000+03:00,14,10,6,1
16594,United Kingdom,0.0,75,1,181.09,2011-09-25T14:08:00.000+03:00,14,9,1,0
18024,United Kingdom,0.0,152,1,94.58,2011-07-10T12:28:00.000+03:00,12,7,1,0
12796,Netherlands,6.0,628,1,30.0,2010-03-21T15:49:00.000+03:00,15,3,1,0
14580,United Kingdom,0.0,518,1,14.85,2010-07-09T15:20:00.000+03:00,15,7,6,1
13364,United Kingdom,0.0,71,1,134.96,2011-09-29T18:13:00.000+03:00,18,9,5,0
17178,United Kingdom,0.0,731,1,432.96,2009-12-08T16:20:00.000+03:00,16,12,3,0
13328,United Kingdom,0.0,316,1,235.68,2011-01-27T15:22:00.000+03:00,15,1,5,0
18007,United Kingdom,0.0,392,1,215.22,2010-11-12T11:08:00.000+03:00,11,11,6,1
12566,Germany,1.0,86,1,332.93,2011-09-14T14:30:00.000+03:00,14,9,4,0
14457,United Kingdom,0.0,310,1,68.64,2011-02-02T09:39:00.000+03:00,9,2,4,0
18264,United Kingdom,0.0,498,1,603.25,2010-07-29T10:02:00.000+03:00,10,7,5,0
16747,United Kingdom,0.0,37,2,665.98,2011-11-02T11:37:00.000+03:00,11,11,4,0
12405,Finland,11.0,148,1,1586.07,2011-07-14T08:52:00.000+03:00,8,7,5,0
13789,United Kingdom,0.0,388,1,239.46,2010-11-16T15:31:00.000+03:00,15,11,3,0
14485,United Kingdom,0.0,38,1,162.8,2011-11-01T12:25:00.000+03:00,12,11,3,0
12385,Belgium,4.0,379,1,1893.4,2010-11-25T15:14:00.000+03:00,15,11,5,0
17379,United Kingdom,0.0,11,1,342.16,2011-11-28T13:56:00.000+03:00,13,11,2,0
14531,United Kingdom,0.0,479,1,376.34,2010-08-17T10:16:00.000+03:00,10,8,3,0
15554,United Kingdom,0.0,277,1,217.2,2011-03-07T09:00:00.000+03:00,9,3,2,0
15558,United Kingdom,0.0,639,1,202.68,2010-03-10T15:25:00.000+03:00,15,3,4,0
14192,United Kingdom,0.0,388,1,293.74,2010-11-16T17:44:00.000+03:00,17,11,3,0
12871,United Kingdom,0.0,84,3,178.34,2011-09-16T15:07:00.000+03:00,15,9,6,1
15509,United Kingdom,0.0,380,1,152.41,2010-11-24T14:48:00.000+03:00,14,11,4,0
17627,United Kingdom,0.0,478,1,67.3,2010-08-18T11:27:00.000+03:00,11,8,4,0
16962,United Kingdom,0.0,409,1,251.04,2010-10-26T11:36:00.000+03:00,11,10,3,0
12961,United Kingdom,0.0,379,1,198.07,2010-11-25T16:44:00.000+03:00,16,11,5,0
12892,United Kingdom,0.0,396,1,263.38,2010-11-08T09:51:00.000+03:00,9,11,2,0
16811,United Kingdom,0.0,4,2,489.23,2011-12-05T11:39:00.000+03:00,11,12,2,0
14138,United Kingdom,0.0,1,2,965.88,2011-12-08T12:44:00.000+03:00,12,12,5,0
13937,United Kingdom,0.0,169,2,839.45,2011-06-23T16:35:00.000+03:00,16,6,5,0
15070,United Kingdom,0.0,591,2,630.85,2010-04-27T15:21:00.000+03:00,15,4,3,0
16651,United Kingdom,0.0,586,1,136.2,2010-05-02T11:46:00.000+03:00,11,5,1,0
16046,United Kingdom,0.0,562,1,185.74,2010-05-26T13:18:00.000+03:00,13,5,4,0
16616,United Kingdom,0.0,15,2,500.42,2011-11-24T16:31:00.000+03:00,16,11,5,0
15168,United Kingdom,0.0,25,1,106.56,2011-11-14T11:26:00.000+03:00,11,11,2,0
15731,United Kingdom,0.0,553,1,125.3,2010-06-04T10:10:00.000+03:00,10,6,6,1
15153,United Kingdom,0.0,31,1,301.17,2011-11-08T17:09:00.000+03:00,17,11,3,0
14041,United Kingdom,0.0,266,1,141.41,2011-03-18T13:25:00.000+03:00,13,3,6,1
16494,United Kingdom,0.0,296,1,723.93,2011-02-16T12:49:00.000+03:00,12,2,4,0
18167,United Kingdom,0.0,23,3,1384.86,2011-11-16T15:56:00.000+03:00,15,11,4,0
13315,United Kingdom,0.0,689,1,299.82,2010-01-19T15:34:00.000+03:00,15,1,3,0
12353,Bahrain,26.0,204,2,406.76,2011-05-19T17:47:00.000+03:00,17,5,5,0
16280,United Kingdom,0.0,725,1,238.05,2009-12-14T15:49:00.000+03:00,15,12,2,0
17847,United Kingdom,0.0,515,2,129.69,2010-07-12T10:00:00.000+03:00,10,7,2,0
14804,United Kingdom,0.0,8,1,353.27,2011-12-01T11:20:00.000+03:00,11,12,5,0
16878,United Kingdom,0.0,84,1,13.3,2011-09-16T17:39:00.000+03:00,17,9,6,1
16277,United Kingdom,0.0,733,1,188.69,2009-12-06T11:27:00.000+03:00,11,12,1,0
15961,United Kingdom,0.0,379,1,288.57,2010-11-25T15:59:00.000+03:00,15,11,5,0
16973,United Kingdom,0.0,386,1,127.0,2010-11-18T13:56:00.000+03:00,13,11,5,0
17855,United Kingdom,0.0,372,1,208.97,2010-12-02T09:44:00.000+03:00,9,12,5,0
13271,United Kingdom,0.0,37,1,211.49,2011-11-02T14:31:00.000+03:00,14,11,4,0
15697,United Kingdom,0.0,689,1,246.75,2010-01-19T09:10:00.000+03:00,9,1,3,0
17794,United Kingdom,0.0,686,2,147.3,2010-01-22T10:18:00.000+03:00,10,1,6,1
14787,United Kingdom,0.0,471,1,110.65,2010-08-25T14:38:00.000+03:00,14,8,4,0
15336,United Kingdom,0.0,401,1,240.5,2010-11-03T12:39:00.000+03:00,12,11,4,0
12420,Cyprus,17.0,63,1,570.15,2011-10-07T08:55:00.000+03:00,8,10,6,1
12636,USA,18.0,738,1,141.0,2009-12-01T09:55:00.000+03:00,9,12,3,0
16613,United Kingdom,0.0,70,1,618.59,2011-09-30T15:52:00.000+03:00,15,9,6,1
13356,United Kingdom,0.0,80,1,768.24,2011-09-20T14:33:00.000+03:00,14,9,3,0
16649,United Kingdom,0.0,520,1,306.58,2010-07-07T15:41:00.000+03:00,15,7,4,0
13572,United Kingdom,0.0,205,1,821.13,2011-05-18T11:59:00.000+03:00,11,5,4,0
15883,United Kingdom,0.0,2,2,396.48,2011-12-07T17:05:00.000+03:00,17,12,4,0
16508,United Kingdom,0.0,630,1,240.95,2010-03-19T13:41:00.000+03:00,13,3,6,1
15692,United Kingdom,0.0,28,1,191.04,2011-11-11T14:12:00.000+03:00,14,11,6,1
13062,United Kingdom,0.0,191,1,286.5,2011-06-01T15:12:00.000+03:00,15,6,4,0
17106,United Kingdom,0.0,389,1,481.58,2010-11-15T14:11:00.000+03:00,14,11,2,0
15975,United Kingdom,0.0,84,1,371.01,2011-09-16T13:33:00.000+03:00,13,9,6,1
16123,United Kingdom,0.0,51,1,307.78,2011-10-19T09:18:00.000+03:00,9,10,4,0
15962,United Kingdom,0.0,449,1,289.48,2010-09-16T13:48:00.000+03:00,13,9,5,0
17721,United Kingdom,0.0,659,1,307.21,2010-02-18T15:18:00.000+03:00,15,2,5,0
15196,United Kingdom,0.0,432,2,313.7,2010-10-03T10:50:00.000+03:00,10,10,1,0
14241,United Kingdom,0.0,183,1,213.7,2011-06-09T11:46:00.000+03:00,11,6,5,0
13621,United Kingdom,0.0,116,1,209.85,2011-08-15T08:26:00.000+03:00,8,8,2,0
12515,Italy,9.0,353,1,383.7,2010-12-21T15:43:00.000+03:00,15,12,3,0
15733,United Kingdom,0.0,282,1,162.3,2011-03-02T09:05:00.000+03:00,9,3,4,0
16097,United Kingdom,0.0,240,1,185.05,2011-04-13T13:47:00.000+03:00,13,4,4,0
14721,United Kingdom,0.0,379,1,109.07,2010-11-25T13:08:00.000+03:00,13,11,5,0
17407,United Kingdom,0.0,411,1,552.9,2010-10-24T11:57:00.000+03:00,11,10,1,0
17012,United Kingdom,0.0,725,1,347.17,2009-12-14T17:34:00.000+03:00,17,12,2,0
13053,United Kingdom,0.0,621,1,127.65,2010-03-28T11:28:00.000+03:00,11,3,1,0
14993,United Kingdom,0.0,563,1,36.13,2010-05-25T12:47:00.000+03:00,12,5,3,0
17487,United Kingdom,0.0,728,1,160.55,2009-12-11T15:06:00.000+03:00,15,12,6,1
12958,United Kingdom,0.0,400,2,467.34,2010-11-04T16:16:00.000+03:00,16,11,5,0
13260,United Kingdom,0.0,61,1,380.92,2011-10-09T13:21:00.000+03:00,13,10,1,0
18140,West Indies,40.0,473,1,528.85,2010-08-23T11:58:00.000+03:00,11,8,2,0
17693,United Kingdom,0.0,137,1,200.47,2011-07-25T15:48:00.000+03:00,15,7,2,0
18187,United Kingdom,0.0,631,1,724.89,2010-03-18T09:49:00.000+03:00,9,3,5,0
14600,United Kingdom,0.0,305,2,857.61,2011-02-07T09:48:00.000+03:00,9,2,2,0
14654,United Kingdom,0.0,738,1,216.62,2009-12-01T12:57:00.000+03:00,12,12,3,0
15593,United Kingdom,0.0,70,1,199.8,2011-09-30T11:46:00.000+03:00,11,9,6,1
16216,United Kingdom,0.0,267,1,914.93,2011-03-17T15:34:00.000+03:00,15,3,5,0
16305,United Kingdom,0.0,138,1,361.22,2011-07-24T12:18:00.000+03:00,12,7,1,0
16118,United Kingdom,0.0,652,1,306.29,2010-02-25T09:40:00.000+03:00,9,2,5,0
17385,United Kingdom,0.0,14,1,256.11,2011-11-25T11:02:00.000+03:00,11,11,6,1
15236,United Kingdom,0.0,298,1,321.05,2011-02-14T10:52:00.000+03:00,10,2,2,0
17922,United Kingdom,0.0,543,1,170.4,2010-06-14T16:32:00.000+03:00,16,6,2,0
16644,United Kingdom,0.0,177,2,833.78,2011-06-15T12:39:00.000+03:00,12,6,4,0
13716,United Kingdom,0.0,269,1,138.28,2011-03-15T13:49:00.000+03:00,13,3,3,0
12618,Italy,9.0,21,1,177.31,2011-11-18T11:10:00.000+03:00,11,11,6,1
15165,United Kingdom,0.0,373,1,487.75,2010-12-01T14:03:00.000+03:00,14,12,4,0
17120,United Kingdom,0.0,233,1,307.46,2011-04-20T15:21:00.000+03:00,15,4,4,0
12448,Spain,3.0,44,1,449.45,2011-10-26T13:46:00.000+03:00,13,10,4,0
16507,United Kingdom,0.0,572,1,142.71,2010-05-16T12:56:00.000+03:00,12,5,1,0
16084,United Kingdom,0.0,299,1,436.18,2011-02-13T16:05:00.000+03:00,16,2,1,0
15548,United Kingdom,0.0,595,1,158.09,2010-04-23T12:20:00.000+03:00,12,4,6,1
14345,United Kingdom,0.0,38,1,108.98,2011-11-01T09:51:00.000+03:00,9,11,3,0
14875,United Kingdom,0.0,107,3,2086.36,2011-08-24T12:20:00.000+03:00,12,8,4,0
15543,United Kingdom,0.0,288,2,242.26,2011-02-24T15:26:00.000+03:00,15,2,5,0
17333,United Kingdom,0.0,85,1,479.13,2011-09-15T10:11:00.000+03:00,10,9,5,0
13336,United Kingdom,0.0,77,1,781.2,2011-09-23T14:05:00.000+03:00,14,9,6,1
16480,United Kingdom,0.0,75,1,613.77,2011-09-25T11:40:00.000+03:00,11,9,1,0
18091,United Kingdom,0.0,593,1,255.85,2010-04-25T13:18:00.000+03:00,13,4,1,0
18164,United Kingdom,0.0,37,1,399.65,2011-11-02T12:56:00.000+03:00,12,11,4,0
17784,United Kingdom,0.0,550,1,97.74,2010-06-07T16:08:00.000+03:00,16,6,2,0
14164,United Kingdom,0.0,80,1,374.4,2011-09-20T12:18:00.000+03:00,12,9,3,0
14980,United Kingdom,0.0,737,1,144.38,2009-12-02T14:09:00.000+03:00,14,12,4,0
17170,United Kingdom,0.0,374,2,178.68,2010-11-30T15:55:00.000+03:00,15,11,3,0
13525,United Kingdom,0.0,14,1,113.9,2011-11-25T12:01:00.000+03:00,12,11,6,1
13850,United Kingdom,0.0,129,1,1595.48,2011-08-02T14:04:00.000+03:00,14,8,3,0
14728,United Kingdom,0.0,413,1,190.58,2010-10-22T15:57:00.000+03:00,15,10,6,1
13852,United Kingdom,0.0,610,1,187.35,2010-04-08T09:06:00.000+03:00,9,4,5,0
15433,United Kingdom,0.0,213,2,533.3,2011-05-10T10:45:00.000+03:00,10,5,3,0
13845,United Kingdom,0.0,64,1,157.86,2011-10-06T08:25:00.000+03:00,8,10,5,0
16956,United Kingdom,0.0,17,1,308.74,2011-11-22T08:56:00.000+03:00,8,11,3,0
13254,United Kingdom,0.0,376,1,51.41,2010-11-28T15:42:00.000+03:00,15,11,1,0
16106,United Kingdom,0.0,65,1,108.38,2011-10-05T10:37:00.000+03:00,10,10,4,0
12629,Sweden,8.0,385,2,1385.42,2010-11-19T09:18:00.000+03:00,9,11,6,1
16721,United Kingdom,0.0,262,1,292.47,2011-03-22T16:08:00.000+03:00,16,3,3,0
12466,France,2.0,682,1,56.73,2010-01-26T16:26:00.000+03:00,16,1,3,0
14118,United Kingdom,0.0,428,1,458.45,2010-10-07T11:59:00.000+03:00,11,10,5,0
12737,France,2.0,498,2,3710.5,2010-07-29T12:29:00.000+03:00,12,7,5,0
13603,United Kingdom,0.0,26,1,164.34,2011-11-13T15:57:00.000+03:00,15,11,1,0
16501,United Kingdom,0.0,383,1,1047.53,2010-11-21T14:10:00.000+03:00,14,11,1,0
12442,Spain,3.0,3,1,172.06,2011-12-06T14:22:00.000+03:00,14,12,3,0
15991,United Kingdom,0.0,534,1,150.55,2010-06-23T15:50:00.000+03:00,15,6,4,0
13380,United Kingdom,0.0,432,1,62.4,2010-10-03T10:18:00.000+03:00,10,10,1,0
18003,United Kingdom,0.0,376,1,221.15,2010-11-28T15:09:00.000+03:00,15,11,1,0
13195,United Kingdom,0.0,414,1,136.73,2010-10-21T13:07:00.000+03:00,13,10,5,0
16082,United Kingdom,0.0,670,1,106.75,2010-02-07T15:16:00.000+03:00,15,2,1,0
17535,United Kingdom,0.0,280,1,164.4,2011-03-04T15:20:00.000+03:00,15,3,6,1
17437,United Kingdom,0.0,529,1,356.24,2010-06-28T11:11:00.000+03:00,11,6,2,0
17433,United Kingdom,0.0,88,2,569.96,2011-09-12T14:24:00.000+03:00,14,9,2,0
13273,United Kingdom,0.0,113,1,128.54,2011-08-18T14:02:00.000+03:00,14,8,5,0
13120,United Kingdom,0.0,238,1,30.6,2011-04-15T10:19:00.000+03:00,10,4,6,1
13132,United Kingdom,0.0,261,1,77.3,2011-03-23T12:44:00.000+03:00,12,3,4,0
13616,United Kingdom,0.0,568,2,283.85,2010-05-20T12:59:00.000+03:00,12,5,5,0
15148,United Kingdom,0.0,10,1,301.29,2011-11-29T08:21:00.000+03:00,8,11,3,0
17225,United Kingdom,0.0,581,1,131.15,2010-05-07T11:38:00.000+03:00,11,5,6,1
18193,United Kingdom,0.0,165,3,1125.81,2011-06-27T13:58:00.000+03:00,13,6,2,0
14376,United Kingdom,0.0,683,1,215.46,2010-01-25T15:36:00.000+03:00,15,1,2,0
16260,United Kingdom,0.0,50,1,652.45,2011-10-20T09:40:00.000+03:00,9,10,5,0
14884,United Kingdom,0.0,669,1,120.6,2010-02-08T12:56:00.000+03:00,12,2,2,0
16761,United Kingdom,0.0,96,1,195.9,2011-09-04T11:15:00.000+03:00,11,9,1,0
17099,United Kingdom,0.0,533,1,582.17,2010-06-24T16:25:00.000+03:00,16,6,5,0
15352,United Kingdom,0.0,548,1,111.15,2010-06-09T11:28:00.000+03:00,11,6,4,0
17124,United Kingdom,0.0,185,1,294.24,2011-06-07T14:02:00.000+03:00,14,6,3,0
15999,United Kingdom,0.0,735,1,20.4,2009-12-04T12:31:00.000+03:00,12,12,6,1
14002,United Kingdom,0.0,134,2,462.05,2011-07-28T15:55:00.000+03:00,15,7,5,0
16051,United Kingdom,0.0,681,1,188.44,2010-01-27T09:38:00.000+03:00,9,1,4,0
13390,United Kingdom,0.0,74,1,424.08,2011-09-26T08:38:00.000+03:00,8,9,2,0
14736,United Kingdom,0.0,485,2,374.05,2010-08-11T15:21:00.000+03:00,15,8,4,0
17425,United Kingdom,0.0,60,1,688.97,2011-10-10T11:37:00.000+03:00,11,10,2,0
17367,United Kingdom,0.0,238,1,157.11,2011-04-15T14:21:00.000+03:00,14,4,6,1
13119,United Kingdom,0.0,668,1,134.9,2010-02-09T08:38:00.000+03:00,8,2,3,0
15603,United Kingdom,0.0,648,1,40.0,2010-03-01T16:02:00.000+03:00,16,3,2,0
14516,United Kingdom,0.0,516,1,151.17,2010-07-11T14:07:00.000+03:00,14,7,1,0
14165,United Kingdom,0.0,275,1,120.44,2011-03-09T12:39:00.000+03:00,12,3,4,0
15242,United Kingdom,0.0,422,1,47.4,2010-10-13T15:33:00.000+03:00,15,10,4,0
15328,United Kingdom,0.0,407,1,83.54,2010-10-28T09:05:00.000+03:00,9,10,5,0
12798,Japan,16.0,421,1,43.49,2010-10-14T12:27:00.000+03:00,12,10,5,0
14789,United Kingdom,0.0,28,1,169.2,2011-11-11T08:59:00.000+03:00,8,11,6,1
15536,United Kingdom,0.0,409,1,228.49,2010-10-26T16:31:00.000+03:00,16,10,3,0
12740,France,2.0,63,1,393.6,2011-10-07T10:44:00.000+03:00,10,10,6,1
15368,United Kingdom,0.0,21,2,82.3,2011-11-18T14:42:00.000+03:00,14,11,6,1
14768,United Kingdom,0.0,17,2,192.6,2011-11-22T12:54:00.000+03:00,12,11,3,0
12801,Sweden,8.0,500,1,1034.5,2010-07-27T09:38:00.000+03:00,9,7,3,0
18042,United Kingdom,0.0,53,2,281.15,2011-10-17T11:49:00.000+03:00,11,10,2,0
17614,United Kingdom,0.0,57,1,386.32,2011-10-13T16:01:00.000+03:00,16,10,5,0
17741,United Kingdom,0.0,406,2,69.9,2010-10-29T11:59:00.000+03:00,11,10,6,1
16917,United Kingdom,0.0,276,2,1427.46,2011-03-08T11:55:00.000+03:00,11,3,3,0
14117,United Kingdom,0.0,143,1,90.0,2011-07-19T09:49:00.000+03:00,9,7,3,0
15302,United Kingdom,0.0,730,1,308.0,2009-12-09T13:11:00.000+03:00,13,12,4,0
16269,United Kingdom,0.0,437,1,703.65,2010-09-28T11:50:00.000+03:00,11,9,3,0
14663,United Kingdom,0.0,430,2,421.18,2010-10-05T13:21:00.000+03:00,13,10,3,0
15689,United Kingdom,0.0,119,3,521.03,2011-08-12T09:37:00.000+03:00,9,8,6,1
13530,United Kingdom,0.0,634,1,372.38,2010-03-15T14:10:00.000+03:00,14,3,2,0
18040,United Kingdom,0.0,19,2,357.2,2011-11-20T14:20:00.000+03:00,14,11,1,0
16845,United Kingdom,0.0,618,1,253.88,2010-03-31T13:09:00.000+03:00,13,3,4,0
15418,United Kingdom,0.0,425,2,449.42,2010-10-10T13:38:00.000+03:00,13,10,1,0
13122,United Kingdom,0.0,240,1,884.95,2011-04-13T14:12:00.000+03:00,14,4,4,0
16738,United Kingdom,0.0,297,1,3.75,2011-02-15T09:46:00.000+03:00,9,2,3,0
17249,United Kingdom,0.0,428,1,68.03,2010-10-07T11:33:00.000+03:00,11,10,5,0
13759,United Kingdom,0.0,33,2,501.49,2011-11-06T14:47:00.000+03:00,14,11,1,0
15534,United Kingdom,0.0,725,1,162.25,2009-12-14T12:48:00.000+03:00,12,12,2,0
17846,United Kingdom,0.0,85,1,2033.1,2011-09-15T15:20:00.000+03:00,15,9,5,0
16820,United Kingdom,0.0,95,1,483.69,2011-09-05T12:06:00.000+03:00,12,9,2,0
13129,United Kingdom,0.0,452,2,163.95,2010-09-13T13:47:00.000+03:00,13,9,2,0
13770,United Kingdom,0.0,436,2,397.77,2010-09-29T12:41:00.000+03:00,12,9,4,0
14109,United Kingdom,0.0,72,1,144.2,2011-09-28T10:18:00.000+03:00,10,9,4,0
15233,United Kingdom,0.0,401,1,59.4,2010-11-03T13:36:00.000+03:00,13,11,4,0
14881,United Kingdom,0.0,19,1,221.2,2011-11-20T11:06:00.000+03:00,11,11,1,0
15343,United Kingdom,0.0,87,1,364.5,2011-09-13T13:55:00.000+03:00,13,9,3,0
18010,United Kingdom,0.0,256,1,174.8,2011-03-28T12:27:00.000+03:00,12,3,2,0
17959,United Kingdom,0.0,592,1,39.95,2010-04-26T14:12:00.000+03:00,14,4,2,0
13289,United Kingdom,0.0,723,1,307.95,2009-12-16T11:53:00.000+03:00,11,12,4,0
16982,United Kingdom,0.0,60,1,384.06,2011-10-10T12:28:00.000+03:00,12,10,2,0
13834,United Kingdom,0.0,576,2,235.15,2010-05-12T10:27:00.000+03:00,10,5,4,0
13483,United Kingdom,0.0,65,1,140.34,2011-10-05T11:53:00.000+03:00,11,10,4,0
18254,United Kingdom,0.0,581,1,267.9,2010-05-07T14:37:00.000+03:00,14,5,6,1
12776,Portugal,5.0,667,1,55.5,2010-02-10T12:11:00.000+03:00,12,2,4,0
14972,United Kingdom,0.0,128,2,145.07,2011-08-03T14:54:00.000+03:00,14,8,4,0
17474,United Kingdom,0.0,599,1,337.2,2010-04-19T10:43:00.000+03:00,10,4,2,0
15776,United Kingdom,0.0,133,1,234.78,2011-07-29T13:46:00.000+03:00,13,7,6,1
17844,Canada,23.0,106,1,51.56,2011-08-25T11:27:00.000+03:00,11,8,5,0
14076,United Kingdom,0.0,129,1,118.67,2011-08-02T15:19:00.000+03:00,15,8,3,0
14678,United Kingdom,0.0,579,1,403.39,2010-05-09T14:32:00.000+03:00,14,5,1,0
13938,United Kingdom,0.0,35,1,71.66,2011-11-04T14:37:00.000+03:00,14,11,6,1
14362,United Kingdom,0.0,22,1,151.5,2011-11-17T15:08:00.000+03:00,15,11,5,0
17269,United Kingdom,0.0,385,1,491.81,2010-11-19T11:12:00.000+03:00,11,11,6,1
16547,United Kingdom,0.0,546,1,90.4,2010-06-11T13:02:00.000+03:00,13,6,6,1
17815,United Kingdom,0.0,393,1,199.2,2010-11-11T14:39:00.000+03:00,14,11,5,0
12973,United Kingdom,0.0,413,1,385.55,2010-10-22T10:14:00.000+03:00,10,10,6,1
13236,United Kingdom,0.0,24,2,695.53,2011-11-15T12:50:00.000+03:00,12,11,3,0
15479,United Kingdom,0.0,733,1,147.4,2009-12-06T15:08:00.000+03:00,15,12,1,0
14059,United Kingdom,0.0,266,1,132.6,2011-03-18T10:06:00.000+03:00,10,3,6,1
17592,United Kingdom,0.0,738,1,148.3,2009-12-01T10:49:00.000+03:00,10,12,3,0
17831,United Kingdom,0.0,33,1,35.4,2011-11-06T15:09:00.000+03:00,15,11,1,0
12903,United Kingdom,0.0,428,1,785.85,2010-10-07T12:39:00.000+03:00,12,10,5,0
18128,United Kingdom,0.0,537,1,391.73,2010-06-20T13:19:00.000+03:00,13,6,1,0
16643,United Kingdom,0.0,245,2,882.31,2011-04-08T08:24:00.000+03:00,8,4,6,1
14943,United Kingdom,0.0,663,1,107.62,2010-02-14T16:04:00.000+03:00,16,2,1,0
12661,Sweden,8.0,436,1,162.0,2010-09-29T16:46:00.000+03:00,16,9,4,0
14955,United Kingdom,0.0,732,1,163.77,2009-12-07T11:35:00.000+03:00,11,12,2,0
13130,United Kingdom,0.0,94,1,64.0,2011-09-06T15:30:00.000+03:00,15,9,3,0
16659,United Kingdom,0.0,189,1,20.4,2011-06-03T15:03:00.000+03:00,15,6,6,1
12554,Spain,3.0,448,1,468.5,2010-09-17T12:29:00.000+03:00,12,9,6,1
15000,United Kingdom,0.0,47,1,459.92,2011-10-23T11:42:00.000+03:00,11,10,1,0
12966,United Kingdom,0.0,9,1,160.18,2011-11-30T12:38:00.000+03:00,12,11,4,0
13638,United Kingdom,0.0,15,1,122.64,2011-11-24T10:38:00.000+03:00,10,11,5,0
16272,United Kingdom,0.0,116,1,411.7,2011-08-15T10:54:00.000+03:00,10,8,2,0
15510,United Kingdom,0.0,330,1,250.0,2011-01-13T12:10:00.000+03:00,12,1,5,0
14977,United Kingdom,0.0,725,1,31.93,2009-12-14T10:37:00.000+03:00,10,12,2,0
13419,United Kingdom,0.0,63,1,221.06,2011-10-07T12:49:00.000+03:00,12,10,6,1
17903,United Kingdom,0.0,394,1,381.09,2010-11-10T15:39:00.000+03:00,15,11,4,0
17701,United Kingdom,0.0,252,1,417.95,2011-04-01T12:25:00.000+03:00,12,4,6,1
13932,United Kingdom,0.0,294,1,307.4,2011-02-18T12:02:00.000+03:00,12,2,6,1
12660,France,2.0,11,1,221.7,2011-11-28T13:26:00.000+03:00,13,11,2,0
17140,United Kingdom,0.0,247,1,140.92,2011-04-06T13:33:00.000+03:00,13,4,4,0
15029,United Kingdom,0.0,619,1,314.7,2010-03-30T12:16:00.000+03:00,12,3,3,0
13990,United Kingdom,0.0,213,1,292.58,2011-05-10T15:19:00.000+03:00,15,5,3,0
12392,Australia,10.0,591,1,234.75,2010-04-27T14:04:00.000+03:00,14,4,3,0
12699,Germany,1.0,417,1,638.11,2010-10-18T12:07:00.000+03:00,12,10,2,0
18124,United Kingdom,0.0,472,1,102.65,2010-08-24T17:21:00.000+03:00,17,8,3,0
14941,United Kingdom,0.0,578,1,100.5,2010-05-10T11:30:00.000+03:00,11,5,2,0
15495,United Kingdom,0.0,379,1,246.5,2010-11-25T13:46:00.000+03:00,13,11,5,0
15897,United Kingdom,0.0,194,2,90.53,2011-05-29T13:50:00.000+03:00,13,5,1,0
14074,United Kingdom,0.0,623,1,20.0,2010-03-26T13:55:00.000+03:00,13,3,6,1
17207,United Kingdom,0.0,652,1,282.54,2010-02-25T19:08:00.000+03:00,19,2,5,0
13914,United Kingdom,0.0,11,2,617.33,2011-11-28T10:35:00.000+03:00,10,11,2,0
14783,United Kingdom,0.0,659,1,287.14,2010-02-18T16:16:00.000+03:00,16,2,5,0
15487,United Kingdom,0.0,679,1,231.32,2010-01-29T12:07:00.000+03:00,12,1,6,1
16196,United Kingdom,0.0,488,1,93.3,2010-08-08T11:40:00.000+03:00,11,8,1,0
15741,United Kingdom,0.0,458,2,208.62,2010-09-07T16:21:00.000+03:00,16,9,3,0
13288,United Kingdom,0.0,520,1,106.25,2010-07-07T15:43:00.000+03:00,15,7,4,0
13088,United Kingdom,0.0,417,1,236.11,2010-10-18T15:35:00.000+03:00,15,10,2,0
12671,Germany,1.0,606,1,1591.76,2010-04-12T16:30:00.000+03:00,16,4,2,0
12617,France,2.0,29,1,352.98,2011-11-10T14:39:00.000+03:00,14,11,5,0
16831,United Kingdom,0.0,564,1,91.8,2010-05-24T09:08:00.000+03:00,9,5,2,0
16247,United Kingdom,0.0,170,1,84.68,2011-06-22T14:23:00.000+03:00,14,6,4,0
16896,United Kingdom,0.0,555,1,103.95,2010-06-02T15:40:00.000+03:00,15,6,4,0
13454,United Kingdom,0.0,641,1,219.87,2010-03-08T14:40:00.000+03:00,14,3,2,0
18282,United Kingdom,0.0,7,2,164.13,2011-12-02T11:43:00.000+03:00,11,12,6,1
16410,United Kingdom,0.0,734,1,25.2,2009-12-05T14:51:00.000+03:00,14,12,7,1
17486,United Kingdom,0.0,261,1,396.87,2011-03-23T14:00:00.000+03:00,14,3,4,0
13934,United Kingdom,0.0,263,1,922.1,2011-03-21T08:39:00.000+03:00,8,3,2,0
14458,United Kingdom,0.0,380,1,171.25,2010-11-24T12:43:00.000+03:00,12,11,4,0
16664,United Kingdom,0.0,569,1,109.2,2010-05-19T17:11:00.000+03:00,17,5,4,0
17698,United Kingdom,0.0,260,1,154.95,2011-03-24T11:34:00.000+03:00,11,3,5,0
13290,United Kingdom,0.0,438,1,208.63,2010-09-27T16:29:00.000+03:00,16,9,2,0
12752,Norway,13.0,81,1,1369.82,2011-09-19T13:32:00.000+03:00,13,9,2,0
13682,United Kingdom,0.0,187,1,59.5,2011-06-05T14:06:00.000+03:00,14,6,1,0
13438,United Kingdom,0.0,547,1,46.5,2010-06-10T18:46:00.000+03:00,18,6,5,0
18206,United Kingdom,0.0,553,1,314.66,2010-06-04T13:47:00.000+03:00,13,6,6,1
14822,United Kingdom,0.0,485,1,157.7,2010-08-11T12:52:00.000+03:00,12,8,4,0
18199,United Kingdom,0.0,683,1,344.75,2010-01-25T11:32:00.000+03:00,11,1,2,0
14578,United Kingdom,0.0,3,1,111.51,2011-12-06T17:18:00.000+03:00,17,12,3,0
16349,United Kingdom,0.0,290,1,53.5,2011-02-22T12:40:00.000+03:00,12,2,3,0
12497,Germany,1.0,81,2,272.4,2011-09-19T12:29:00.000+03:00,12,9,2,0
17761,United Kingdom,0.0,32,1,520.54,2011-11-07T10:23:00.000+03:00,10,11,2,0
16061,United Kingdom,0.0,431,1,89.65,2010-10-04T15:29:00.000+03:00,15,10,2,0
12738,Germany,1.0,372,1,155.35,2010-12-02T18:27:00.000+03:00,18,12,5,0
16911,United Kingdom,0.0,635,2,255.25,2010-03-14T12:18:00.000+03:00,12,3,1,0
14652,United Kingdom,0.0,77,1,114.18,2011-09-23T14:21:00.000+03:00,14,9,6,1
15185,United Kingdom,0.0,70,1,219.82,2011-09-30T14:06:00.000+03:00,14,9,6,1
16420,United Kingdom,0.0,396,1,33.0,2010-11-08T15:15:00.000+03:00,15,11,2,0
16251,United Kingdom,0.0,512,1,128.31,2010-07-15T14:55:00.000+03:00,14,7,5,0
17992,United Kingdom,0.0,389,1,252.88,2010-11-15T13:04:00.000+03:00,13,11,2,0
13056,United Kingdom,0.0,551,1,188.48,2010-06-06T14:10:00.000+03:00,14,6,1,0
18028,United Kingdom,0.0,583,1,110.45,2010-05-05T13:28:00.000+03:00,13,5,4,0
14838,United Kingdom,0.0,423,2,769.92,2010-10-12T15:46:00.000+03:00,15,10,3,0
16429,United Kingdom,0.0,106,1,284.55,2011-08-25T13:54:00.000+03:00,13,8,5,0
14106,United Kingdom,0.0,737,1,214.8,2009-12-02T14:09:00.000+03:00,14,12,4,0
16966,United Kingdom,0.0,44,2,116.05,2011-10-26T10:33:00.000+03:00,10,10,4,0
15968,United Kingdom,0.0,388,1,363.75,2010-11-16T13:04:00.000+03:00,13,11,3,0
13125,United Kingdom,0.0,523,1,148.62,2010-07-04T11:58:00.000+03:00,11,7,1,0
13738,United Kingdom,0.0,396,1,434.78,2010-11-08T15:23:00.000+03:00,15,11,2,0
15305,United Kingdom,0.0,555,1,93.6,2010-06-02T13:50:00.000+03:00,13,6,4,0
15090,United Kingdom,0.0,308,1,357.92,2011-02-04T14:03:00.000+03:00,14,2,6,1
14846,United Kingdom,0.0,427,1,315.0,2010-10-08T17:07:00.000+03:00,17,10,6,1
14393,United Kingdom,0.0,218,1,67.95,2011-05-05T18:16:00.000+03:00,18,5,5,0
17594,United Kingdom,0.0,85,4,2497.88,2011-09-15T16:34:00.000+03:00,16,9,5,0
14143,United Kingdom,0.0,133,1,115.8,2011-07-29T09:48:00.000+03:00,9,7,6,1
17684,United Kingdom,0.0,43,1,239.41,2011-10-27T11:10:00.000+03:00,11,10,5,0
18238,United Kingdom,0.0,515,1,270.92,2010-07-12T12:51:00.000+03:00,12,7,2,0
16171,United Kingdom,0.0,59,1,73.2,2011-10-11T14:51:00.000+03:00,14,10,3,0
12390,Belgium,4.0,79,1,526.44,2011-09-21T09:33:00.000+03:00,9,9,4,0
17128,United Kingdom,0.0,334,1,157.09,2011-01-09T12:02:00.000+03:00,12,1,1,0
18275,United Kingdom,0.0,578,2,603.85,2010-05-10T15:46:00.000+03:00,15,5,2,0
13216,United Kingdom,0.0,267,1,10.5,2011-03-17T12:18:00.000+03:00,12,3,5,0
14630,United Kingdom,0.0,484,1,338.65,2010-08-12T16:38:00.000+03:00,16,8,5,0
17197,United Kingdom,0.0,29,1,1013.01,2011-11-10T10:32:00.000+03:00,10,11,5,0
16457,United Kingdom,0.0,218,1,161.56,2011-05-05T13:19:00.000+03:00,13,5,5,0
15229,United Kingdom,0.0,586,1,160.5,2010-05-02T13:50:00.000+03:00,13,5,1,0
12944,United Kingdom,0.0,35,2,604.51,2011-11-04T11:04:00.000+03:00,11,11,6,1
14724,United Kingdom,0.0,590,1,341.9,2010-04-28T13:26:00.000+03:00,13,4,4,0
14888,United Kingdom,0.0,207,1,369.2,2011-05-16T14:58:00.000+03:00,14,5,2,0
14185,United Kingdom,0.0,331,1,197.65,2011-01-12T13:52:00.000+03:00,13,1,4,0
13143,United Kingdom,0.0,584,1,405.1,2010-05-04T12:22:00.000+03:00,12,5,3,0
13612,United Kingdom,0.0,632,1,818.29,2010-03-17T12:14:00.000+03:00,12,3,4,0
12646,USA,18.0,4,2,916.21,2011-12-05T10:14:00.000+03:00,10,12,2,0
15833,United Kingdom,0.0,737,1,80.4,2009-12-02T11:59:00.000+03:00,11,12,4,0
15705,United Kingdom,0.0,201,1,83.1,2011-05-22T15:37:00.000+03:00,15,5,1,0
12807,Sweden,8.0,383,1,330.35,2010-11-21T14:21:00.000+03:00,14,11,1,0
13620,United Kingdom,0.0,528,1,52.34,2010-06-29T15:02:00.000+03:00,15,6,3,0
13072,United Kingdom,0.0,266,1,177.15,2011-03-18T08:12:00.000+03:00,8,3,6,1
15507,United Kingdom,0.0,171,1,475.86,2011-06-21T11:19:00.000+03:00,11,6,3,0
15388,Canada,23.0,270,1,140.54,2011-03-14T13:53:00.000+03:00,13,3,2,0
18014,United Kingdom,0.0,28,1,162.22,2011-11-11T15:28:00.000+03:00,15,11,6,1
17565,United Kingdom,0.0,586,1,131.83,2010-05-02T11:54:00.000+03:00,11,5,1,0
13237,United Kingdom,0.0,387,1,643.0,2010-11-17T10:07:00.000+03:00,10,11,4,0
14764,United Kingdom,0.0,46,1,79.8,2011-10-24T11:54:00.000+03:00,11,10,2,0
18049,United Kingdom,0.0,437,2,500.92,2010-09-28T14:26:00.000+03:00,14,9,3,0
12447,Belgium,4.0,243,1,476.49,2011-04-10T13:25:00.000+03:00,13,4,1,0
16396,United Kingdom,0.0,476,1,137.8,2010-08-20T14:17:00.000+03:00,14,8,6,1
14459,United Kingdom,0.0,155,2,4140.1,2011-07-07T13:35:00.000+03:00,13,7,5,0
13460,United Kingdom,0.0,29,2,183.44,2011-11-10T17:17:00.000+03:00,17,11,5,0
12585,Germany,1.0,234,2,1793.7,2011-04-19T13:39:00.000+03:00,13,4,3,0
16289,United Kingdom,0.0,462,1,136.31,2010-09-03T14:02:00.000+03:00,14,9,6,1
13574,United Kingdom,0.0,411,1,404.45,2010-10-24T13:28:00.000+03:00,13,10,1,0
15499,United Kingdom,0.0,723,1,158.65,2009-12-16T12:17:00.000+03:00,12,12,4,0
17909,United Kingdom,0.0,737,1,110.05,2009-12-02T13:10:00.000+03:00,13,12,4,0
15541,United Kingdom,0.0,114,1,85.13,2011-08-17T14:58:00.000+03:00,14,8,4,0
15386,United Kingdom,0.0,186,1,370.74,2011-06-06T13:47:00.000+03:00,13,6,2,0
14464,United Kingdom,0.0,568,1,51.0,2010-05-20T18:00:00.000+03:00,18,5,5,0
13977,United Kingdom,0.0,411,1,384.45,2010-10-24T14:08:00.000+03:00,14,10,1,0
14982,United Kingdom,0.0,572,1,237.78,2010-05-16T15:52:00.000+03:00,15,5,1,0
15528,United Kingdom,0.0,254,1,171.33,2011-03-30T16:14:00.000+03:00,16,3,4,0
13547,United Kingdom,0.0,408,1,167.08,2010-10-27T14:14:00.000+03:00,14,10,4,0
14614,United Kingdom,0.0,386,1,295.13,2010-11-18T13:04:00.000+03:00,13,11,5,0
14330,United Kingdom,0.0,623,1,200.63,2010-03-26T09:10:00.000+03:00,9,3,6,1
17036,United Kingdom,0.0,383,1,176.9,2010-11-21T14:26:00.000+03:00,14,11,1,0
15409,United Kingdom,0.0,721,1,131.25,2009-12-18T15:35:00.000+03:00,15,12,6,1
12988,United Kingdom,0.0,292,1,505.82,2011-02-20T14:31:00.000+03:00,14,2,1,0
13508,United Kingdom,0.0,243,2,248.89,2011-04-10T11:58:00.000+03:00,11,4,1,0
17622,United Kingdom,0.0,597,2,1130.21,2010-04-21T12:36:00.000+03:00,12,4,4,0
12479,Germany,1.0,11,1,527.2,2011-11-28T13:26:00.000+03:00,13,11,2,0
16568,United Kingdom,0.0,427,2,423.3,2010-10-08T10:54:00.000+03:00,10,10,6,1
15613,United Kingdom,0.0,610,1,345.4,2010-04-08T12:51:00.000+03:00,12,4,5,0
12506,France,2.0,232,1,73.5,2011-04-21T08:54:00.000+03:00,8,4,5,0
14017,United Kingdom,0.0,571,1,229.75,2010-05-17T14:52:00.000+03:00,14,5,2,0
12773,Portugal,5.0,564,1,37.25,2010-05-24T17:30:00.000+03:00,17,5,2,0
17792,United Kingdom,0.0,467,2,368.35,2010-08-29T14:30:00.000+03:00,14,8,1,0
18050,United Kingdom,0.0,359,2,391.9,2010-12-15T14:25:00.000+03:00,14,12,4,0
17154,United Kingdom,0.0,75,1,299.1,2011-09-25T13:42:00.000+03:00,13,9,1,0
18176,United Kingdom,0.0,358,1,476.35,2010-12-16T15:45:00.000+03:00,15,12,5,0
14274,United Kingdom,0.0,686,1,256.6,2010-01-22T12:51:00.000+03:00,12,1,6,1
16044,United Kingdom,0.0,435,1,340.84,2010-09-30T18:12:00.000+03:00,18,9,5,0
15162,United Kingdom,0.0,731,1,312.9,2009-12-08T13:14:00.000+03:00,13,12,3,0
17628,United Kingdom,0.0,81,1,75.75,2011-09-19T15:21:00.000+03:00,15,9,2,0
16867,United Kingdom,0.0,689,1,76.74,2010-01-19T09:11:00.000+03:00,9,1,3,0
15040,United Kingdom,0.0,541,1,7.49,2010-06-16T11:40:00.000+03:00,11,6,4,0
18142,United Kingdom,0.0,215,1,134.4,2011-05-08T12:31:00.000+03:00,12,5,1,0